#include <libgs.h>
#include <libgte.h>

#include <dw/dooa.h>
#include <dw/efe.h>
#include <dw/types.h>

// clang-format off
#if defined(VERSION_JP)
EfeFlashBuffer DOOA_FLASH_DATA = {
	{
		{
			{ 0x0000, 0x0000, 0x0000, 0x0000 },
			0x0000,
			0x0000,
			0x0000,
			0x0000,
			0x0000,
			0x0000,
			0x0000,
			0x0000,
			0x0000,
			0x0000,
			0x00000000,
			0x00000000,
			0x0000,
			0x0000,
		},
		{
			{ 0x0000, 0x0000, 0x0000, 0x0000 },
			0x0000,
			0x0000,
			0x0000,
			0x0000,
			0x0000,
			0x0000,
			0x0000,
			0x0000,
			0x0000,
			0x0000,
			0x00000000,
			0x00000000,
			0x0000,
			0x0000,
		},
		{
			{ 0x0000, 0x0000, 0x0000, 0x0000 },
			0x0000,
			0x0000,
			0x0000,
			0x0000,
			0x0000,
			0x0000,
			0x0000,
			0x0000,
			0x0000,
			0x0000,
			0x00000000,
			0x00000000,
			0x0000,
			0x0000,
		},
		{
			{ 0x0000, 0x0000, 0x0000, 0x0000 },
			0x0000,
			0x0000,
			0x0000,
			0x0000,
			0x0000,
			0x0000,
			0x0000,
			0x0000,
			0x0000,
			0x0000,
			0x00000000,
			0x00000000,
			0x0000,
			0x0000,
		},
		{
			{ 0x0000, 0x0000, 0x53b3, 0x53de },
			0xdebd,
			0x8fb3,
			0xde76,
			0xb476,
			0x9869,
			0xb081,
			0xb383,
			0x14b4,
			0xffff,
			0xffff,
			0x23698476,
			0xe976b384,
			0x8fc9,
			0x778f,
		},
		{
			{ 0xcde9, 0xbd30, 0xe9bd, 0xb3b4 },
			0xb3b3,
			0x0de9,
			0xde53,
			0x47bd,
			0xb5bd,
			0x5d0d,
			0x0e30,
			0xf0f1,
			0xc398,
			0xf742,
			0xaf7776bd,
			0xafde47e3,
			0xb0f0,
			0xb0b0,
		},
		{
			{ 0xf0f4, 0x3481, 0x835a, 0x0000 },
			0xf080,
			0xe774,
			0xf074,
			0xd0d0,
			0x756b,
			0x7aca,
			0x91d2,
			0x91c3,
			0xc3c3,
			0x8491,
			0x81e46565,
			0xf9fa9dc7,
			0xfafa,
			0xfaf9,
		},
		{
			{ 0xc7fa, 0x3333, 0x6b09, 0x1782 },
			0x31c2,
			0xc2c2,
			0xc231,
			0x3131,
			0x61c2,
			0x8031,
			0x8031,
			0x3180,
			0x3180,
			0x8031,
			0x35352c27,
			0x31c2f03b,
			0xc231,
			0xc2c2,
		},
		{
			{ 0xc231, 0xc2c2, 0x31c2, 0x31c2 },
			0x31c2,
			0xc2c2,
			0x3132,
			0x0031,
			0x6012,
			0x3b0a,
			0x0a3b,
			0x0a0a,
			0x0a0a,
			0x163b,
			0x3b3b2c2c,
			0x0a0a0a0a,
			0x0a0a,
			0x510a,
		},
		{
			{ 0xf1c2, 0x5160, 0x0a0a, 0x0a0a },
			0x0a0a,
			0x0a0a,
			0xd04a,
			0xc2c2,
			0xc2c2,
			0xc2c2,
			0xc2c2,
			0x17c2,
			0x3b4a,
			0x0a0a,
			0x31120a0a,
			0x17c217c2,
			0xc231,
			0x3131,
		},
		{
			{ 0xc2c2, 0x3131, 0xc231, 0x3131 },
			0x31c2,
			0x3131,
			0x4bb3,
			0x0e91,
			0xea47,
			0x47f7,
			0x53b3,
			0xeade,
			0x4253,
			0x53de,
			0x30eae9b3,
			0x986a84dd,
			0xf1b0,
			0xb369,
		},
		{
			{ 0x9672, 0xffff, 0x691e, 0x9895 },
			0xe9c3,
			0xb48f,
			0x8f77,
			0xc9c9,
			0xa28f,
			0x3084,
			0xb393,
			0x53e9,
			0x6a53,
			0x8f53,
			0xbd53bde9,
			0xafb3bdb3,
			0x81f1,
			0x0e95,
		},
	},
	0x7676bd6a,
};

GsRVIEW2 DOOA_CAMERA_START_VIEW = {
	0x768f76b4, 0x76bd5347, 0xb0f461f0,
	0x03e732b0, 0x80815a5a, 0xb0610000,
	0xf4be81bb,
	(GsCOORDINATE2 *)0x98269e32,
};

VECTOR DOOA_SAVED_LOCATION = {
	0x84c39198, 0x65ec6584, 0x7a656565, 0xfa40f9c7,
};

uint8_t DOOA_SAVED_ENTITY_CLUT[772] = {
	0xf9, 0x97, 0xf9, 0xfa, 0xfa, 0x6f, 0x17, 0xc2,
	0xc2, 0xc2, 0x31, 0x31, 0x31, 0x31, 0x31, 0x31,
	0x31, 0x31, 0x31, 0x80, 0x27, 0x60, 0x32, 0xd0,
	0x31, 0x31, 0x31, 0x31, 0x80, 0x31, 0x31, 0xc2,
	0x16, 0x35, 0x35, 0x3b, 0x4a, 0x12, 0x31, 0xd0,
	0xc2, 0xc2, 0x31, 0xc2, 0xc2, 0x31, 0x31, 0x31,
	0x31, 0xc2, 0xc2, 0xc2, 0x31, 0xf0, 0x27, 0x51,
	0x0a, 0x3b, 0x3b, 0x35, 0x35, 0x35, 0x35, 0x35,
	0x3b, 0x0a, 0x0a, 0x0a, 0x0a, 0x0a, 0x0a, 0x0a,
	0x0a, 0x0a, 0x0a, 0x0a, 0x0a, 0x0a, 0x0a, 0x0a,
	0x0a, 0x0a, 0x0a, 0x4a, 0xd0, 0xc2, 0xc2, 0xd0,
	0xf4, 0x12, 0x51, 0x0a, 0x0a, 0x0a, 0x0a, 0x0a,
	0x27, 0xd0, 0xc2, 0xc2, 0xc2, 0xc2, 0x17, 0x17,
	0xc2, 0xc2, 0x17, 0xc2, 0x0a, 0x3b, 0x0a, 0x0a,
	0x0a, 0x0a, 0x27, 0xd0, 0xc2, 0xc2, 0x17, 0xc2,
	0xc2, 0xc2, 0xc2, 0xc2, 0xc2, 0xc2, 0x31, 0x31,
	0x31, 0x31, 0x31, 0xc2, 0x31, 0x31, 0x61, 0x31,
	0xa2, 0x1e, 0xe4, 0xd2, 0xa2, 0xf1, 0x7a, 0xa2,
	0xde, 0xb5, 0x93, 0x30, 0x4b, 0x42, 0xde, 0x53,
	0xde, 0xea, 0xea, 0x93, 0xc3, 0x47, 0x77, 0xe9,
	0x23, 0x91, 0x30, 0xbc, 0xa2, 0x1e, 0x99, 0xff,
	0xa2, 0x69, 0x98, 0x5a, 0x69, 0x53, 0x8f, 0x8f,
	0x76, 0xb4, 0xc9, 0x77, 0x5d, 0xb3, 0x76, 0xb5,
	0x30, 0x53, 0xc9, 0x53, 0x1e, 0x93, 0x93, 0xb3,
	0xbd, 0xbd, 0x47, 0xea, 0xb5, 0xde, 0xbd, 0x53,
	0xa2, 0xa9, 0xe4, 0x69, 0x4b, 0xb5, 0x4b, 0xb4,
	0x76, 0x77, 0x77, 0x8f, 0xb3, 0x5d, 0x53, 0xea,
	0xbb, 0x32, 0xf0, 0xf4, 0xb0, 0xb0, 0x34, 0x34,
	0x5a, 0x5a, 0xe7, 0x00, 0x00, 0x00, 0x00, 0x00,
	0xf0, 0x83, 0x81, 0xbb, 0xbe, 0xd7, 0xed, 0xd2,
	0x7a, 0xc3, 0x65, 0xec, 0x65, 0x65, 0x65, 0x65,
	0xec, 0xec, 0x65, 0xd2, 0xe7, 0x97, 0x40, 0xf9,
	0x97, 0x40, 0xf9, 0xf9, 0xf9, 0x9d, 0xc2, 0x31,
	0x31, 0x31, 0x31, 0x31, 0x80, 0x80, 0x80, 0x80,
	0x80, 0x31, 0x80, 0x80, 0x3b, 0x2c, 0x3b, 0x0a,
	0x60, 0x17, 0x80, 0x31, 0x80, 0x31, 0x31, 0x31,
	0x4a, 0x3b, 0x0a, 0x0a, 0x0a, 0x4a, 0xb0, 0xd0,
	0x31, 0x31, 0xc2, 0x31, 0x31, 0xc2, 0x31, 0x31,
	0x31, 0x31, 0x31, 0x0a, 0x2c, 0x16, 0x35, 0x35,
	0x35, 0x35, 0x35, 0x16, 0x16, 0x2c, 0x3b, 0x3b,
	0x0a, 0x0a, 0x0a, 0x0a, 0x0a, 0x0a, 0x0a, 0x0a,
	0x0a, 0x0a, 0x0a, 0x0a, 0x0a, 0x0a, 0x0a, 0x0a,
	0x0a, 0x0a, 0x0a, 0x4a, 0xc2, 0x17, 0x17, 0xc2,
	0xc2, 0x31, 0xc2, 0xf0, 0x60, 0x0a, 0x0a, 0x0a,
	0x32, 0xc2, 0xc2, 0xc2, 0x17, 0x17, 0x17, 0xc2,
	0x17, 0x17, 0xc2, 0x12, 0x2c, 0x3b, 0x0a, 0x0a,
	0x0a, 0x0a, 0x27, 0x31, 0x31, 0xc2, 0x17, 0xc2,
	0xc2, 0xc2, 0xc2, 0x31, 0xc2, 0xc2, 0x31, 0xc2,
	0xc2, 0xc2, 0xc2, 0x31, 0xc2, 0x31, 0xb0, 0x51,
	0x91, 0x53, 0x84, 0xe3, 0xe4, 0xf1, 0xb0, 0xf0,
	0xf7, 0x42, 0xd2, 0xe3, 0x30, 0x42, 0x30, 0xe9,
	0x76, 0x76, 0x8f, 0x76, 0x4b, 0x47, 0x77, 0x8f,
	0xbd, 0x69, 0x1e, 0xb3, 0x72, 0xbc, 0x72, 0xa2,
	0xa2, 0xe3, 0xc3, 0xd2, 0xe4, 0xf7, 0x53, 0x76,
	0xe9, 0x76, 0x77, 0x77, 0xb4, 0x5d, 0x5d, 0xe9,
	0xc9, 0xc9, 0xc9, 0xde, 0xde, 0x53, 0x6a, 0xb3,
	0x76, 0x47, 0x47, 0xa9, 0xf7, 0xb3, 0x77, 0x76,
	0xde, 0xb3, 0x69, 0x23, 0xe3, 0x30, 0x72, 0x30,
	0xa2, 0xb3, 0xbd, 0xde, 0x53, 0xc1, 0x4b, 0xa2,
	0x81, 0xbb, 0xb0, 0xf0, 0xb0, 0xbb, 0x95, 0x34,
	0x5a, 0xbb, 0x31, 0x80, 0x00, 0x00, 0x00, 0x00,
	0x00, 0x00, 0x32, 0x74, 0x81, 0x03, 0x26, 0xdd,
	0xf1, 0x84, 0xec, 0x65, 0x65, 0x65, 0x65, 0x65,
	0x65, 0xec, 0xec, 0xc3, 0x7a, 0x40, 0x40, 0x97,
	0x79, 0x9d, 0xf9, 0xfa, 0xf9, 0x79, 0x17, 0x31,
	0x80, 0x80, 0x80, 0x31, 0x80, 0x31, 0x31, 0xc2,
	0x31, 0x31, 0x31, 0x29, 0x16, 0x0a, 0x3b, 0x3b,
	0x2c, 0x3b, 0x12, 0x31, 0xc2, 0x31, 0x31, 0x31,
	0x17, 0x0a, 0x0a, 0x0a, 0x0a, 0x0a, 0x51, 0xf0,
	0x31, 0xc2, 0x31, 0x31, 0xc2, 0x80, 0x31, 0x31,
	0xc2, 0x80, 0x00, 0x3b, 0x35, 0x35, 0x2c, 0x3b,
	0x3b, 0x0a, 0x0a, 0x0a, 0x0a, 0x0a, 0x0a, 0x0a,
	0x0a, 0x0a, 0x0a, 0x0a, 0x0a, 0x0a, 0x0a, 0x0a,
	0x0a, 0x51, 0x51, 0x51, 0x0a, 0x0a, 0x0a, 0x0a,
	0x0a, 0x0a, 0x0a, 0x4a, 0xd0, 0x61, 0x17, 0x17,
	0xc2, 0xc2, 0xc2, 0xc2, 0xc2, 0x61, 0x27, 0x27,
	0xc2, 0x31, 0x31, 0xc2, 0x82, 0x17, 0x17, 0x17,
	0xc2, 0xc2, 0x82, 0x0a, 0x16, 0x0a, 0x0a, 0x0a,
	0x0a, 0x0a, 0x12, 0xd0, 0xc2, 0x31, 0x17, 0x17,
	0x17, 0xc2, 0xc2, 0x31, 0x31, 0xc2, 0xc2, 0xc2,
	0x31, 0x31, 0x29, 0x51, 0x3b, 0x3b, 0x35, 0x35,
	0x32, 0xe3, 0x84, 0xe4, 0xf0, 0xf1, 0xf1, 0x42,
	0x53, 0x30, 0xf1, 0x72, 0x1e, 0x30, 0xcd, 0x8f,
	0x76, 0x8f, 0x8f, 0x76, 0xe9, 0xc1, 0x8f, 0x8f,
	0x76, 0xde, 0x95, 0xe4, 0x42, 0xd2, 0x0e, 0x0e,
	0x25, 0x23, 0xe3, 0x91, 0xd2, 0x69, 0xcd, 0xe9,
	0x8f, 0x77, 0xc9, 0xc9, 0x76, 0xb4, 0xb3, 0x5d,
	0xb3, 0xc9, 0xc9, 0x25, 0xb5, 0xde, 0xb5, 0x8f,
	0x76, 0xde, 0x4b, 0x84, 0xde, 0x77, 0x77, 0x76,
	0x8f, 0x77, 0x77, 0x53, 0x1e, 0x47, 0xea, 0x72,
	0x69, 0x91, 0x23, 0xb5, 0x5d, 0x76, 0xb4, 0xbd,
	0x81, 0xbb, 0x81, 0x74, 0x81, 0x3c, 0x34, 0x81,
	0x83, 0x31, 0x61, 0xd0, 0x00, 0x00, 0x00, 0x00,
	0x00, 0x00, 0x00, 0x31, 0x32, 0xbb, 0x34, 0x97,
	0xf1, 0x91, 0x65, 0x65, 0x65, 0xcd, 0x65, 0xec,
	0x65, 0x65, 0x65, 0x65, 0x98, 0x97, 0xac, 0x97,
	0x40, 0x9e, 0xfa, 0xf9,
};

int16_t DOOA_MODEL_CLUT[386] = {
	0xfaf9, 0x3182, 0x8031, 0x3131, 0x8031, 0x8080, 0x8080, 0x0a31,
	0x0a2c, 0x0a0a, 0x3b0a, 0x310a, 0x8031, 0x3131, 0x2780, 0x0a0a,
	0x0a0a, 0x4a0a, 0xc229, 0x3131, 0xc231, 0x3131, 0xc280, 0x5131,
	0x0a0a, 0x0a0a, 0x0a0a, 0x0a0a, 0x0a0a, 0x0a0a, 0x0a0a, 0x4a0a,
	0x6051, 0x2912, 0x31d0, 0x6031, 0x0a0a, 0x0a0a, 0x0a0a, 0x4a0a,
	0xc2c2, 0x1717, 0xc2c2, 0x31c2, 0x3131, 0xd031, 0xc231, 0x31c2,
	0x17c2, 0x1717, 0xc217, 0x1612, 0x0a3b, 0x0a0a, 0x0a0a, 0xc2b0,
	0xc231, 0xc2c2, 0x1717, 0xc231, 0x3231, 0x5127, 0x163b, 0x3535,
	0x3535, 0x3b16, 0xf1f0, 0xf0f0, 0xbe32, 0xea4b, 0xb3e9, 0x4284,
	0xb51e, 0x8fcd, 0x8f8f, 0xb376, 0xb576, 0xe9b5, 0xe976, 0xf1f7,
	0x23f1, 0xd230, 0xe369, 0xe3c3, 0x235a, 0x6572, 0xe9de, 0x77c9,
	0xbd5d, 0xbd5d, 0x30b5, 0x91bd, 0xb330, 0x8f53, 0x5377, 0xcd42,
	0x8fe9, 0x8f77, 0x8fe9, 0x7677, 0xb3b3, 0xbd0d, 0x76e9, 0x4784,
	0x8f8f, 0xb576, 0x8181, 0x8181, 0x5a34, 0x7434, 0xf0f0, 0x6132,
	0x80d0, 0x0000, 0x0000, 0x0000, 0xf4f0, 0x3483, 0xd298, 0x6565,
	0x6565, 0x6565, 0x65ec, 0x65ec, 0xd2d2, 0x40fa, 0xfafa, 0xfaf9,
	0xf9fa, 0x8009, 0x3180, 0x8080, 0x8080, 0x8031, 0x3180, 0x2cf0,
	0x0a3b, 0x0a0a, 0x0a0a, 0xd060, 0x3180, 0x8080, 0xf031, 0x0a51,
	0x0a0a, 0x0a0a, 0x270a, 0x6161, 0x31c2, 0x3131, 0x3131, 0x2731,
	0x0a0a, 0x0a0a, 0x0a0a, 0x0a0a, 0x4a0a, 0x6051, 0x2912, 0x80f0,
	0x8000, 0x3180, 0xc231, 0x51c2, 0x0a0a, 0x0a0a, 0x0a0a, 0x510a,
	0x3180, 0x82c2, 0xc217, 0xc2c2, 0xc231, 0xc2c2, 0xc2c2, 0xc2c2,
	0xc231, 0x1717, 0x3217, 0x163b, 0x0a0a, 0x0a0a, 0x4a0a, 0xc231,
	0x3131, 0x00c2, 0xf117, 0x0a4a, 0x163b, 0x3535, 0x3535, 0x3b16,
	0x0a3b, 0x0a0a, 0x3069, 0x3281, 0xf0b0, 0xbd84, 0x7676, 0xcdb3,
	0xea30, 0xb3ea, 0x8f77, 0x8f8f, 0xb377, 0xb5f7, 0x76b4, 0xe4ea,
	0xbe98, 0x84d2, 0xe384, 0x23e3, 0x3030, 0xb48f, 0xb3b3, 0x7677,
	0x53de, 0x1eb5, 0xb5b5, 0x1eb5, 0x761e, 0xe976, 0xe98f, 0x778f,
	0xe9de, 0x53e9, 0xb353, 0x8f8f, 0x8f8f, 0xbd8f, 0x93bd, 0x4bf7,
	0x47b3, 0x8b7c, 0xe7e7, 0x8181, 0x345a, 0x8381, 0xf4d0, 0x32b0,
	0xd0f0, 0x0000, 0x0000, 0x0000, 0xf000, 0x09bb, 0x7a98, 0x6565,
	0x6565, 0x6565, 0x6565, 0x6565, 0x7a91, 0x4040, 0xfa40, 0xfaf9,
	0xfafa, 0x3133, 0x3180, 0x8080, 0x8031, 0x3180, 0x3180, 0x1651,
	0x0a0a, 0x0a0a, 0x510a, 0x0080, 0x3131, 0x3131, 0xd0d0, 0x0a12,
	0x0a0a, 0x0a0a, 0x0a0a, 0x290a, 0x3131, 0x3131, 0x3131, 0x1280,
	0x0a0a, 0x0a0a, 0x0a0a, 0x1260, 0x3132, 0x3131, 0x3131, 0x8080,
	0x31c2, 0xc231, 0x3131, 0x0ac2, 0x0a0a, 0x0a0a, 0x0a0a, 0x510a,
	0xc2c2, 0xc231, 0xc2c2, 0xc2c2, 0x31c2, 0xc2c2, 0xc231, 0xc2c2,
	0xc2c2, 0x1717, 0x0a6b, 0x3b35, 0x0a0a, 0x0a0a, 0x600a, 0x31c2,
	0x29c2, 0x3b60, 0x352c, 0x3535, 0x3535, 0x2c2c, 0x0a0a, 0x0a0a,
	0x0a0a, 0x0a0a, 0x53f7, 0x7af7, 0xf1b0, 0x42f1, 0xe9b3, 0xdee9,
	0xdef7, 0x8fb3, 0x77c9, 0x7777, 0x8f8f, 0x8f8f, 0xdee9, 0x42de,
	0x42cd, 0x2384, 0xe384, 0xe4e4, 0x4f47, 0xc9c9, 0xc977, 0x8fc9,
	0x5cea, 0x1e4b, 0xb5b5, 0xb5b5, 0x471e, 0x47de, 0xe9b5, 0xb38f,
	0x77de, 0xe9e9, 0x8f8f, 0x7777, 0x7777, 0x7677, 0xf7b5, 0x4b30,
	0x8beb, 0xb4bd, 0xe7e7, 0x81e7, 0x34e7, 0xf0be, 0x6132, 0x32d0,
	0xf0f4, 0xd061, 0x0000, 0x0000, 0x0000, 0x9ee7, 0x7a6e, 0x65c3,
	0x6565, 0x6565, 0xec65, 0xec65, 0x9865, 0x97f9, 0xfa97, 0xac97,
	0x79ac, 0x802d,
};

int16_t DOOA_SHARD_CLUT[1154] = {
	0x3180, 0x8080, 0x3131, 0xc231, 0x3180, 0x3b3b, 0x0a0a, 0x0a0a,
	0x290a, 0x8080, 0x3180, 0x3131, 0x3131, 0x6080, 0x0a0a, 0x0a0a,
	0x0a0a, 0x3b0a, 0xf00a, 0x31d0, 0x31c2, 0x32c2, 0x0a0a, 0x0a0a,
	0x0a0a, 0x8027, 0x3180, 0x3131, 0x3131, 0x3131, 0x3131, 0xc231,
	0xc231, 0x0a80, 0x0a0a, 0x0a0a, 0x0a0a, 0x600a, 0xc231, 0xc2c2,
	0x8217, 0xc2c2, 0xc2c2, 0xc2c2, 0xc2c2, 0xc2c2, 0xc2c2, 0x17c2,
	0x350a, 0x0a16, 0x0a0a, 0x0a0a, 0x290a, 0xc231, 0x60c2, 0x3516,
	0x1635, 0x3b2c, 0x0a0a, 0x0a0a, 0x0a0a, 0x0a0a, 0x0a0a, 0x0a0a,
	0xffff, 0xffff, 0xffff, 0xffff, 0xffff, 0xffff, 0xffff, 0xffff,
	0xffff, 0xffff, 0xffff, 0xffff, 0xffff, 0xffff, 0xffff, 0xffff,
	0xe469, 0x8498, 0x7772, 0x8fc9, 0x778f, 0x678f, 0xecb5, 0xea4b,
	0x47b5, 0xb547, 0xa284, 0xa2b5, 0x76c1, 0x8f77, 0xe98f, 0x778f,
	0xe98f, 0x77e9, 0x8f77, 0xe98f, 0x4230, 0x7642, 0xb5ad, 0x7799,
	0xe7bb, 0xe7e7, 0xbbe7, 0x74be, 0xbebb, 0xd0f4, 0xf4f0, 0xd0f0,
	0x00d0, 0x0000, 0x0000, 0x5f6b, 0x98ca, 0x6591, 0x6565, 0x6565,
	0x65ec, 0x6565, 0xd265, 0x409d, 0x7997, 0x9dc7, 0x79fa, 0x316f,
	0x3131, 0x3131, 0x3180, 0x3180, 0x2780, 0x0a16, 0x0a0a, 0x0a0a,
	0xc251, 0x3131, 0x8080, 0x31c2, 0xc2c2, 0xf031, 0x0a51, 0x0a0a,
	0x0a0a, 0x0a0a, 0x3b0a, 0x2951, 0x3131, 0x0061, 0x0a0a, 0x0a0a,
	0x0a0a, 0xd051, 0x3180, 0x8080, 0x3131, 0x8031, 0x3131, 0x8031,
	0x31c2, 0x3b29, 0x0a0a, 0x0a0a, 0x0a0a, 0x120a, 0xc2c2, 0xc2c2,
	0x82c2, 0xc2c2, 0xc2c2, 0xc2c2, 0xc2c2, 0xc2c2, 0xc2c2, 0x3bb0,
	0x3535, 0x0a0a, 0x0a0a, 0x0a0a, 0xd04a, 0x3131, 0x1231, 0x3b3b,
	0x0a0a, 0x0a0a, 0x0a0a, 0x0a0a, 0x0a0a, 0x0a0a, 0x0a0a, 0x0a0a,
	0xffff, 0xffff, 0xffff, 0xffff, 0xffff, 0xffff, 0xffff, 0xffff,
	0xffff, 0xffff, 0xffff, 0xffff, 0xffff, 0xffff, 0xffff, 0xffff,
	0xf1e3, 0xe498, 0xc9de, 0x67c9, 0x8f77, 0x301e, 0x5330, 0x53b3,
	0xb3b4, 0x72b5, 0xe323, 0x4b90, 0x77b5, 0x77c9, 0xe98f, 0x778f,
	0x77c9, 0x7777, 0x8f8f, 0xbd8f, 0xa26a, 0xbd30, 0xd990, 0x5d77,
	0x8317, 0xe781, 0xbb81, 0xbbf1, 0xbbbb, 0xb0be, 0xd0d0, 0xf0f0,
	0x80d0, 0x0000, 0x0000, 0x5f80, 0x9540, 0x6598, 0x6565, 0x6565,
	0x6565, 0x6565, 0xd265, 0x9781, 0xac97, 0x4097, 0x7979, 0xc2c7,
	0x8031, 0x3180, 0x3131, 0x3131, 0x0a80, 0x0a2c, 0x0a0a, 0x0a0a,
	0x8027, 0x8031, 0x8000, 0xc280, 0x3131, 0x8031, 0x51b0, 0x0a0a,
	0x0a0a, 0x0a0a, 0x0a0a, 0x3b3b, 0x600a, 0x31d0, 0x0a51, 0x0a0a,
	0x0a0a, 0xf00a, 0x3180, 0x8031, 0x3180, 0x8080, 0x8031, 0xc280,
	0x3180, 0x3b60, 0x0a0a, 0x0a0a, 0x0a0a, 0xf00a, 0xc261, 0xc2c2,
	0x17c2, 0xc282, 0xc217, 0xc2c2, 0xc2c2, 0xc2c2, 0x27c2, 0x352c,
	0x0a16, 0x0a0a, 0x0a0a, 0x0a0a, 0x6112, 0xc261, 0xb031, 0x0a0a,
	0x0a0a, 0x0a0a, 0x0a0a, 0x0a0a, 0x0a0a, 0x0a0a, 0x0a0a, 0x0a0a,
	0xffff, 0xffff, 0xffff, 0xffff, 0xffff, 0xffff, 0xffff, 0xffff,
	0xffff, 0xffff, 0xffff, 0xffff, 0xffff, 0xffff, 0xffff, 0xffff,
	0xb0f1, 0xe923, 0xe98f, 0xb48f, 0x5cc9, 0xa984, 0x8f47, 0x768f,
	0x5db4, 0x84bd, 0xe391, 0x4230, 0xad84, 0x5dbd, 0xc976, 0xc977,
	0xc977, 0xc9c9, 0x7677, 0xbd8f, 0x7c6a, 0xb4a7, 0xa7a9, 0xb4b4,
	0xf0f0, 0x83f4, 0x8181, 0x8181, 0xf1bb, 0x74bb, 0xf083, 0x61d0,
	0x61f0, 0x0080, 0x0000, 0x1100, 0x9126, 0xcd7a, 0x6565, 0x6565,
	0x6565, 0xecec, 0x6565, 0x9798, 0xfaf9, 0x9d79, 0xf979, 0x179d,
	0x3131, 0x3131, 0x3131, 0x8031, 0x1629, 0x0a3b, 0x0a0a, 0x4a0a,
	0x80d0, 0x8080, 0x8080, 0x3131, 0x3131, 0xd031, 0x29d0, 0x0a51,
	0x0a0a, 0x0a0a, 0x0a0a, 0x0a0a, 0x3b3b, 0x61b0, 0x0a51, 0x0a0a,
	0x0a0a, 0x120a, 0x8031, 0x3180, 0x8031, 0x3131, 0x3131, 0x31c2,
	0x3131, 0x3b0a, 0x0a0a, 0x0a0a, 0x0a0a, 0xc260, 0xc2c2, 0xc217,
	0xc2c2, 0x1782, 0x1717, 0xc2c2, 0xc2c2, 0xb031, 0x160a, 0x1635,
	0x0a0a, 0x0a0a, 0x0a0a, 0x510a, 0x8031, 0x8080, 0xd000, 0x0a0a,
	0x0a0a, 0x0a0a, 0x0a0a, 0x0a0a, 0x0a0a, 0x0a0a, 0x4a0a, 0x1260,
	0xffff, 0xffff, 0xffff, 0xffff, 0xffff, 0xffff, 0xffff, 0x90ff,
	0xffff, 0xffff, 0xffff, 0xffff, 0xffff, 0xffff, 0xffff, 0xffff,
	0x7af0, 0xc9ad, 0x7677, 0x8f99, 0x1dc9, 0x7269, 0xc977, 0x7677,
	0x5dde, 0xafbd, 0xb51e, 0xb5de, 0xde4b, 0xde53, 0x8fea, 0xc9c9,
	0x77c9, 0x7777, 0x768f, 0xc18f, 0xafad, 0x8fb4, 0x8bb4, 0x994b,
	0xf0f4, 0xf061, 0xbe32, 0xbbbb, 0xbbbb, 0xf174, 0x83be, 0xd032,
	0xd080, 0xd0d0, 0x0000, 0xe700, 0x4026, 0x91d2, 0x6565, 0xec65,
	0xec65, 0xecec, 0xecec, 0x34d2, 0x97f9, 0x7979, 0x9d9d, 0x829d,
	0x8031, 0x8080, 0x8080, 0x8080, 0x160a, 0x0a0a, 0x0a0a, 0x120a,
	0x2980, 0x4a0a, 0x6051, 0x2760, 0x31d0, 0xc231, 0x31c2, 0x51f4,
	0x0a0a, 0x0a0a, 0x0a0a, 0x0a0a, 0x0a0a, 0x3129, 0x0a27, 0x0a0a,
	0x0a0a, 0x510a, 0x8080, 0x3131, 0x8031, 0x3131, 0x3131, 0xc231,
	0x2980, 0x0a2c, 0x0a0a, 0x0a0a, 0x0a0a, 0xc229, 0xc231, 0xc2c2,
	0xc231, 0x1717, 0x1717, 0x17c2, 0x51c2, 0x160a, 0x3535, 0x0a3b,
	0x0a0a, 0x0a0a, 0x0a0a, 0xf04a, 0x3131, 0x3131, 0xd0d0, 0x0a4a,
	0x0a0a, 0x0a0a, 0x0a0a, 0x0a0a, 0x0a0a, 0x2751, 0x0029, 0x80d0,
	0xffff, 0xffff, 0xffff, 0xffff, 0xffff, 0xffff, 0xffff, 0x3090,
	0xffff, 0xffff, 0xffff, 0xffff, 0xffff, 0xffff, 0xffff, 0xffff,
	0xf17a, 0xc98b, 0x77c9, 0xc95d, 0x99c9, 0x7cbc, 0x778f, 0x77c9,
	0xb547, 0x721e, 0x8f47, 0xb5e9, 0x53f7, 0xeab3, 0x8fe9, 0xc9c9,
	0xc9c9, 0xc977, 0x8fc9, 0x6a8f, 0x0da7, 0xb477, 0x1ec1, 0xa9dd,
	0xf061, 0xf0f0, 0xf061, 0xbbb0, 0xf1bb, 0x74f1, 0xbebe, 0x32b0,
	0x80d0, 0xd0d0, 0x00d0, 0x6b00, 0x26ac, 0xd2d2, 0xec65, 0xf7ec,
	0xec65, 0xecec, 0xec65, 0x98c3, 0x3cf9, 0xc779, 0x3c03, 0x6b9d,
	0x8080, 0x8080, 0x8080, 0x3280, 0x3b16, 0x0a0a, 0x0a0a, 0x0051,
	0x6080, 0x2c2c, 0x2c2c, 0x2c2c, 0x3127, 0x3131, 0x3131, 0xd031,
	0x0a27, 0x0a0a, 0x0a0a, 0x0a0a, 0x510a, 0x3180, 0x0a12, 0x0a0a,
	0x0a0a, 0x0a0a, 0x8061, 0x8080, 0x3131, 0x8080, 0x80c2, 0x3131,
	0x0ac2, 0x0a2c, 0x0a0a, 0x0a0a, 0x600a, 0xc231, 0xc2c2, 0xc231,
	0x0080, 0x8331, 0x4a60, 0x3b0a, 0x3516, 0x3535, 0x0a2c, 0x0a0a,
	0x0a0a, 0x0a0a, 0x0a0a, 0xc229, 0x3131, 0xc231, 0xd031, 0x0a51,
	0x0a0a, 0x0a0a, 0x0a0a, 0x604a, 0xf012, 0x3180, 0x8080, 0x3131,
	0xffff, 0xffff, 0xffff, 0xffff, 0xffff, 0xffff, 0x30ff, 0xa790,
	0xffff, 0xffff, 0xffff, 0xffff, 0xffff, 0xffff, 0xffff, 0xffff,
	0xd2b0, 0x7799, 0xc98f, 0xc976, 0xc9c9, 0x760d, 0xd5d5, 0xc9c9,
	0x4777, 0x9530, 0xe323, 0x84e3, 0xea84, 0x8fb3, 0x7777, 0x7777,
	0x77c9, 0xc9c9, 0x7777, 0x725d, 0x996a, 0xb399, 0xaf47, 0xca91,
	0xf4d0, 0x17f4, 0xf0f0, 0xf0f0, 0xbb83, 0x7474, 0x7a74, 0xb0be,
	0xd0b0, 0x8000, 0xd080, 0x8000, 0x2675, 0xd2f5, 0xec84, 0x30ec,
	0x6565, 0xf7f7, 0x65f7, 0x9842, 0x793c, 0x9d6e, 0x7979, 0x81f9,
	0x8080, 0x8080, 0x8080, 0x3b80, 0x0a16, 0x0a0a, 0x0a0a, 0x80f0,
	0x0a80, 0x0a0a, 0x0a0a, 0x3b0a, 0x3160, 0x3131, 0xc231, 0xc231,
	0xb000, 0x0a51, 0x0a0a, 0x0a0a, 0x290a, 0x8080, 0x0ab0, 0x0a0a,
	0x0a0a, 0x0a0a, 0x8012, 0x3180, 0x3180, 0x8031, 0x3180, 0x3131,
	0x1612, 0x0a3b, 0x0a0a, 0x0a0a, 0x320a, 0x31d0, 0xb031, 0x4a51,
	0x3b0a, 0x3516, 0x3535, 0x3535, 0x1635, 0x0a3b, 0x0a0a, 0x0a0a,
	0x0a0a, 0x0a0a, 0xf00a, 0x3131, 0x3131, 0x8031, 0x8031, 0x0a60,
	0x0a0a, 0x510a, 0x2927, 0x0031, 0x3180, 0x8080, 0x8031, 0x3180,
	0xffff, 0xffff, 0xffff, 0xffff, 0xffff, 0xffff, 0x6a72, 0x1e42,
	0xffff, 0xffff, 0xffff, 0xffff, 0xffff, 0xffff, 0xffff, 0xffff,
	0xddb0, 0xb447, 0xb3e9, 0x8fb4, 0x8f77, 0xd58f, 0x99b4, 0x8f5d,
	0x30b4, 0xf198, 0x42d2, 0xf7cd, 0xdecd, 0xc98f, 0x76c9, 0xc977,
	0xc9c9, 0x7777, 0x768f, 0xa2bd, 0x901e, 0x476a, 0xb5b5, 0xddbd,
	0xbe00, 0xf0b0, 0xf0f0, 0xb0f0, 0x32b0, 0xbeb0, 0xbef1, 0x8383,
	0x32b0, 0xd0f0, 0x0080, 0x0080, 0x2611, 0xd297, 0xec91, 0xecec,
	0xb5b5, 0xecec, 0xecec, 0xd265, 0x795a, 0x5afa, 0x2d34, 0x096f,
	0x8031, 0x3180, 0x0080, 0x3551, 0x0a3b, 0x0a0a, 0x270a, 0x8080,
	0x3bd0, 0x0a0a, 0x0a0a, 0x510a, 0x31d0, 0xc231, 0xb061, 0xd0d0,
	0x0031, 0x2980, 0x0a51, 0x0a0a, 0x0051, 0x0080, 0x4ad0, 0x0a0a,
	0x0a0a, 0x5151, 0x8029, 0x8080, 0x8031, 0x3180, 0x8031, 0xb080,
	0x163b, 0x0a0a, 0x0a0a, 0x0a0a, 0x8060, 0x3131, 0xb080, 0x162c,
	0x3535, 0x1616, 0x3b2c, 0x0a3b, 0x0a0a, 0x0a0a, 0x0a0a, 0x0a0a,
	0x0a0a, 0x510a, 0xd0b0, 0x3131, 0x8080, 0x3180, 0x8031, 0x51b0,
	0x2960, 0x00d0, 0x0000, 0x8080, 0x8080, 0xffc2, 0xffff, 0xffff,
	0xffff, 0xffff, 0xffff, 0xffff, 0xffff, 0xa2ff, 0x0e4b, 0x47af,
	0xffff, 0xffff, 0xffff, 0xffff, 0xffff, 0xffff, 0xffff, 0xffff,
	0x0e7a, 0xc16a, 0xaf0d, 0xb572, 0xb4bd, 0x8f5d, 0x670d, 0xc10d,
	0x428b, 0xf1d2, 0xf7d2, 0xc3f7, 0x8faf, 0x76b4, 0x8f77, 0xc9c9,
	0xc9c9, 0x768f, 0x475d, 0xbd47, 0xbdb4, 0xbd4b, 0x6ab5, 0x695d,
	0x6b00, 0x7434, 0xf4f4, 0xf4f0, 0xf4f4, 0xf4f0, 0xbe83, 0x83be,
	0xb0b0, 0xf0f4, 0x80d0, 0x8000, 0x262d, 0xd26e, 0x65d2, 0xecec,
	0x65ec, 0x4b65, 0x1eec, 0xe3ec, 0x5a98, 0x796e, 0x039d, 0x2d9d,
	0xc2c2, 0x3131, 0x27d0, 0x1635, 0x0a0a, 0x0a0a, 0xd051, 0x8080,
	0x3b12, 0x0a0a, 0x0a0a, 0x290a, 0x8080, 0x3131, 0x350a, 0xb00a,
	0x8031, 0x0080, 0xb080, 0x5160, 0x00b0, 0x0080, 0x1280, 0x1260,
	0x6129, 0x8080, 0x8080, 0x8080, 0x8080, 0x3180, 0x3180, 0x0a31,
	0x3b35, 0x0a0a, 0x0a0a, 0x510a, 0x3117, 0x3180, 0x8031, 0x3b4a,
	0x0a0a, 0x0a0a, 0x0a0a, 0x0a0a, 0x0a0a, 0x0a0a, 0x0a0a, 0x0a0a,
	0x0a0a, 0xd027, 0x80d0, 0x8031, 0x8080, 0x8031, 0x8080, 0x8080,
	0x8000, 0x3180, 0xff31, 0xffff, 0xffff, 0xffff, 0xffff, 0xffff,
	0xffff, 0xffff, 0xffff, 0xffff, 0xffff, 0xa772, 0x6a30, 0xbdb5,
	0xffff, 0xffff, 0xffff, 0xffff, 0xffff, 0xffff, 0xffff, 0xffff,
	0x8495, 0x998b, 0x900d, 0xa230, 0x1e4b, 0xc976, 0x5cd9, 0x5cc1,
	0x900d, 0x23c3, 0xe4d2, 0x5391, 0xc98f, 0x77c9, 0xc9c9, 0x77c9,
	0x7777, 0x768f, 0x1ede, 0x8f76, 0x84bd, 0xa2a2, 0xbde4, 0xb376,
	0x3100, 0x34e7, 0x74e7, 0xf032, 0xf4f4, 0xf0f4, 0x3261, 0x7a83,
	0xb0b0, 0x32b0, 0xf4f0, 0x80d0, 0x5f32, 0x9197, 0x84d2, 0xecec,
	0xb5ec, 0xecec, 0xecec, 0x30ec, 0x9d98, 0xca6e, 0x84c3, 0x84cd,
	0x31f0, 0xc231,
};

GsRVIEW2 DOOA_SAVED_VIEW = {
	0x0a3516b0, 0x4a0a0a0a, 0x80808032,
	0x0a0a0a51, 0x000a0a0a, 0x3b298080,
	0x3b0a3535,
	(GsCOORDINATE2 *)0x0080f451,
};

VECTOR DOOA_PARTNER_POSITION = {
	0xd0000000, 0x80808080, 0x80d08000, 0x80808000,
};

int16_t DOOA_SCENE_CLUT[1794] = {
	0x8080, 0x8080, 0x3180, 0x3180, 0xd031, 0x3551, 0x0a3b, 0x0a0a,
	0x0a0a, 0x120a, 0x3180, 0x3131, 0x8031, 0x0a12, 0x0a0a, 0x0a0a,
	0x0a0a, 0x0a0a, 0x0a0a, 0x0a0a, 0x0a0a, 0x4a0a, 0xf460, 0x8080,
	0x8080, 0x0080, 0x8080, 0x8080, 0x0080, 0xffff, 0xffff, 0xffff,
	0xffff, 0xffff, 0xffff, 0xffff, 0xffff, 0xffff, 0xffff, 0xffff,
	0xffff, 0xffff, 0x42ff, 0x4b30, 0x30af, 0x47bd, 0xffff, 0xffff,
	0xffff, 0xffff, 0xffff, 0xffff, 0xffff, 0xffff, 0xad25, 0x0db4,
	0xa290, 0x9030, 0xc1eb, 0x5d76, 0xafb5, 0x5caf, 0x305d, 0xd2e4,
	0xc3b0, 0xc9b3, 0xc9b4, 0xc9c9, 0xc9b4, 0x7777, 0x77c9, 0xb377,
	0xb4b3, 0x5db4, 0xa24b, 0xf769, 0xf7b4, 0x76bd, 0x00f0, 0x34bb,
	0x3434, 0x746f, 0xf0f4, 0xf0f4, 0x61f0, 0x3261, 0xb0b0, 0xb0b0,
	0xf4b0, 0xf0f4, 0x26d0, 0x6e40, 0xc3d2, 0xecec, 0xecea, 0xecec,
	0xecec, 0xecec, 0x30cd, 0x6565, 0x654b, 0xcd65, 0x31f4, 0x3131,
	0x353b, 0x0a3b, 0x0a0a, 0x290a, 0x8080, 0x8080, 0x3b0a, 0x0a0a,
	0x0a0a, 0x8060, 0x8080, 0x350a, 0x0a16, 0x0a0a, 0x0a3b, 0x0027,
	0x0000, 0x0080, 0x8080, 0x0000, 0x0080, 0x8080, 0x0080, 0x8000,
	0x8080, 0x0000, 0x8080, 0x3180, 0x5131, 0x1635, 0x0a0a, 0x0a0a,
	0x0a0a, 0x0060, 0x3131, 0x31c2, 0x31c2, 0x4a17, 0x0a0a, 0x0a0a,
	0x0a0a, 0x0a0a, 0x0a0a, 0x0a0a, 0x4a0a, 0xd027, 0x8080, 0x0080,
	0x0080, 0x8080, 0xff31, 0xffff, 0xffff, 0xffff, 0xffff, 0xffff,
	0xffff, 0xffff, 0xffff, 0xffff, 0xffff, 0xffff, 0xffff, 0xffff,
	0xffff, 0xffff, 0x72bc, 0xbd6a, 0x9899, 0x7667, 0xffff, 0xffff,
	0xffff, 0xffff, 0xffff, 0xffff, 0xffff, 0xffff, 0x9042, 0x670d,
	0x69a2, 0x5d0e, 0xb4b4, 0xa20d, 0xc1a7, 0xc18b, 0xa95d, 0xf1d2,
	0xb395, 0xb476, 0x7777, 0x77c9, 0xc98f, 0xc9c9, 0x7777, 0xbd76,
	0x76bd, 0xbdb3, 0xbd0d, 0x9999, 0xbde9, 0x5d5d, 0x00be, 0x3432,
	0x3434, 0x3434, 0xbee7, 0xf0f4, 0xf0f0, 0x6161, 0xb0f0, 0xb0b0,
	0xb0b0, 0x3232, 0x97f4, 0xf575, 0x9191, 0xecec, 0xecec, 0xecb5,
	0xecec, 0xec65, 0x65ec, 0xecec, 0xecec, 0xec65, 0xc2f1, 0x31c2,
	0x3b2c, 0x0a0a, 0x0a0a, 0x8027, 0x8080, 0x0000, 0x0a3b, 0x0a0a,
	0x0a0a, 0x8012, 0x0080, 0x3b4a, 0x0a0a, 0x0a0a, 0x0a0a, 0x510a,
	0x00f0, 0x8000, 0x0080, 0x8080, 0x8000, 0x8080, 0x8080, 0x8080,
	0x0080, 0x8080, 0x3180, 0x8080, 0x354a, 0x0a35, 0x0a0a, 0x0a0a,
	0x600a, 0xd031, 0x3131, 0x3180, 0x3131, 0x6031, 0x0a0a, 0x0a0a,
	0x0a0a, 0x0a0a, 0x0a0a, 0x510a, 0xd012, 0xd000, 0x8080, 0x1780,
	0xffff, 0xffff, 0xffff, 0xffff, 0xffff, 0xffff, 0xffff, 0xffff,
	0xffff, 0xffff, 0xffff, 0xffff, 0xffff, 0xffff, 0xffff, 0xffff,
	0xffff, 0xa2ff, 0x90a2, 0xb447, 0x994b, 0x76b3, 0xffff, 0xffff,
	0xffff, 0xffff, 0xffff, 0xffff, 0xffff, 0xffff, 0x4242, 0x8f5d,
	0x958b, 0x7722, 0xb48f, 0x5a72, 0x0dbc, 0xc167, 0x42b4, 0xe4e4,
	0xb542, 0x7247, 0x76d9, 0x8f8f, 0xc98f, 0x7777, 0x77c9, 0x47e9,
	0x8f47, 0xb48f, 0xb476, 0x6ab4, 0x6aa2, 0x4b4b, 0x80e7, 0x8100,
	0x3434, 0x3434, 0xe734, 0x83e7, 0xf0f0, 0x61f0, 0x80d0, 0xb0f4,
	0xb0b0, 0xb0b0, 0x0332, 0x9d26, 0xd269, 0xec65, 0xecea, 0xecec,
	0xecec, 0xecec, 0xecec, 0xecec, 0xecec, 0x65ec, 0x31d2, 0x3131,
	0x4a51, 0x0a0a, 0x600a, 0x80d0, 0x8080, 0x1200, 0x0a3b, 0x0a0a,
	0x4a0a, 0x00d0, 0x8080, 0x6000, 0x0a0a, 0x0a0a, 0x0a0a, 0x0a0a,
	0x290a, 0x0080, 0x0000, 0x0080, 0x0080, 0x8000, 0x0080, 0x0080,
	0x8000, 0x8080, 0xd080, 0x3b32, 0x3535, 0x0a0a, 0x0a0a, 0x0a0a,
	0xd051, 0x80c2, 0x3131, 0x31c2, 0x3131, 0x1231, 0x0a0a, 0x0a0a,
	0x0a0a, 0x0a0a, 0x604a, 0x0032, 0xd0d0, 0xfff4, 0xffff, 0xffff,
	0xffff, 0xffff, 0xffff, 0xffff, 0xffff, 0xffff, 0xffff, 0xffff,
	0xffff, 0xffff, 0xffff, 0xffff, 0xffff, 0xffff, 0xffff, 0xffff,
	0xffff, 0xa9a7, 0x47f7, 0x765d, 0xbd90, 0x76b4, 0xffff, 0xffff,
	0xffff, 0xffff, 0xffff, 0xffff, 0xffff, 0xffff, 0xcd72, 0x77b3,
	0xbc76, 0x7767, 0xd9b4, 0x69a9, 0x99a7, 0x5d99, 0xa2b4, 0x67c3,
	0x67c9, 0xb5b4, 0x674b, 0x778f, 0xc976, 0x7777, 0xb38f, 0xbd5d,
	0xbd47, 0x8f76, 0xbd76, 0x69b5, 0xbd90, 0x90b5, 0x32e7, 0x6b00,
	0x3434, 0xe7e7, 0x3434, 0xe7e7, 0x3274, 0x80d0, 0x8080, 0xf080,
	0x8332, 0xb0b0, 0x81b0, 0x6eed, 0xd2e3, 0xec84, 0xecec, 0xecec,
	0xecec, 0xecec, 0xecec, 0xecec, 0x65ec, 0xecec, 0x31c3, 0x31c2,
	0x2900, 0x0a51, 0xd051, 0x8000, 0x8000, 0x5100, 0x0a0a, 0x0a0a,
	0x600a, 0x8080, 0x8000, 0x0000, 0x0a12, 0x0a0a, 0x0a0a, 0x0a0a,
	0x0a0a, 0xd060, 0x8000, 0x0080, 0x8080, 0x0080, 0x8000, 0x8000,
	0x8080, 0x0080, 0x1280, 0x3516, 0x0a16, 0x0a0a, 0x0a0a, 0x510a,
	0x31f0, 0x3180, 0x8031, 0x3131, 0x3180, 0x6131, 0x0a4a, 0x0a0a,
	0x510a, 0x1260, 0xff32, 0xffff, 0xffff, 0xffff, 0xffff, 0xffff,
	0xffff, 0xffff, 0xffff, 0xffff, 0xffff, 0xffff, 0xffff, 0xffff,
	0xffff, 0xffff, 0xffff, 0xffff, 0xffff, 0xffff, 0xffff, 0xffff,
	0xa9ff, 0x8490, 0x4747, 0xbdde, 0x5399, 0xf7b5, 0xffff, 0xffff,
	0xffff, 0xffff, 0xffff, 0xffff, 0xffff, 0xffff, 0x53af, 0xe953,
	0x728b, 0x8fad, 0xa7bd, 0xa7a2, 0x0db5, 0x76bd, 0x0e76, 0x771e,
	0x7777, 0x8f77, 0x8f8f, 0xe98f, 0xe953, 0xb3e9, 0xbd8f, 0xb3e9,
	0xafaf, 0x8f8f, 0x42bd, 0x4bbc, 0x6747, 0xbdb5, 0xbbe7, 0x3100,
	0xe7e7, 0x34e7, 0xe734, 0x81e7, 0xd0b0, 0x0080, 0x8000, 0xd080,
	0xf031, 0x83b0, 0x83b0, 0x115f, 0xe45f, 0xec91, 0xecec, 0xecec,
	0x65ec, 0xecec, 0xecec, 0xecec, 0xecec, 0xecec, 0x3165, 0x8080,
	0x0031, 0x29d0, 0x0000, 0x0080, 0x8000, 0x0a00, 0x0a3b, 0x0a0a,
	0x290a, 0x0000, 0x0000, 0x0000, 0x2900, 0x0a0a, 0x0a0a, 0x0a0a,
	0x0a0a, 0x4a0a, 0x00d0, 0x0000, 0x0000, 0x8000, 0x8080, 0x8000,
	0x8000, 0x2780, 0x160a, 0x2c35, 0x0a0a, 0x0a0a, 0x0a0a, 0xf051,
	0x8080, 0x8080, 0x3180, 0x8080, 0x8080, 0x3131, 0x0a27, 0x6051,
	0xbe12, 0xffff, 0xffff, 0xffff, 0xffff, 0xffff, 0xffff, 0xffff,
	0xffff, 0xffff, 0xffff, 0xffff, 0xffff, 0xffff, 0xffff, 0xffff,
	0xffff, 0xffff, 0xffff, 0xffff, 0xffff, 0xffff, 0xffff, 0xffff,
	0x90a9, 0x3472, 0x4747, 0xeabd, 0xea8f, 0xf742, 0xffff, 0xffff,
	0xffff, 0xffff, 0xffff, 0xffff, 0xffff, 0xffff, 0xc9b5, 0xe98f,
	0xb577, 0x8ba2, 0xa26a, 0xaf7c, 0x765d, 0xb45d, 0x4bb3, 0xc9c9,
	0x76c9, 0x5d76, 0x5db4, 0xb476, 0x9976, 0xb5bd, 0x77e9, 0xb4b4,
	0xb476, 0xc1b3, 0x1e90, 0xc14b, 0xbd8f, 0x765d, 0x8181, 0x80f0,
	0x34be, 0xe734, 0xe7e7, 0xf0be, 0x8031, 0x80d0, 0x0080, 0x8080,
	0x80d0, 0xf4d0, 0x8383, 0x7564, 0x69ed, 0x6591, 0xecec, 0xec65,
	0xec65, 0xec65, 0xecec, 0x6565, 0x6565, 0x42cd, 0xd091, 0x3180,
	0x3180, 0x0080, 0x0000, 0x8080, 0x0080, 0x3bf4, 0x0a0a, 0x0a0a,
	0xd00a, 0x0000, 0x0080, 0x0080, 0xf000, 0x0a51, 0x0a0a, 0x0a0a,
	0x0a0a, 0x0a0a, 0xd060, 0x0000, 0x0080, 0x0080, 0x8080, 0x8080,
	0x0080, 0x0a80, 0x3535, 0x0a3b, 0x0a0a, 0x0a0a, 0x510a, 0x8000,
	0x8080, 0x8080, 0x8080, 0x1731, 0xff17, 0xffff, 0x5112, 0xff5a,
	0xffff, 0xffff, 0xffff, 0xffff, 0xffff, 0xffff, 0xffff, 0xffff,
	0xffff, 0xffff, 0xffff, 0xffff, 0xffff, 0xffff, 0xffff, 0xffff,
	0xffff, 0xffff, 0xffff, 0xffff, 0xffff, 0xffff, 0xffff, 0x72ff,
	0xa9a2, 0x1edd, 0xdede, 0xdede, 0x47b3, 0xb472, 0xffff, 0xffff,
	0xffff, 0xffff, 0xffff, 0xffff, 0xffff, 0xffff, 0xc91e, 0x77c9,
	0x76b3, 0xcdec, 0x99b5, 0x7667, 0x778f, 0xb45d, 0x778f, 0xc9c9,
	0x76c9, 0x7cad, 0x7777, 0x778f, 0x8f8f, 0x7676, 0xb45d, 0x77e9,
	0xb4b4, 0x5db4, 0xb45d, 0x77c9, 0x8f8f, 0x8f76, 0xf4bb, 0xb031,
	0xf031, 0x00d0, 0x8000, 0xd080, 0xd080, 0xd080, 0xb0d0, 0xacf5,
	0x2675, 0xc3d2, 0x6565, 0x6565, 0x6565, 0x6565, 0xe3cd, 0x91c3,
	0x7ad2, 0x7a7a, 0x177a, 0x8031, 0x8031, 0x8080, 0x8000, 0x0000,
	0x0000, 0x3b27, 0xbe81, 0xd2be, 0x65c3, 0xec65, 0xec65, 0x6565,
	0xecec, 0x7acd, 0x0000, 0x0080, 0x8000, 0x7480, 0xffff, 0xffff,
	0xffff, 0xffff, 0xd0c2, 0xd0d0, 0x61d0, 0xd0f0, 0xd080, 0x80d0,
	0xd0d0, 0x7ad0, 0xd0d0, 0xcaf0, 0x2626, 0xed5f, 0x5f68, 0xed5f,
	0x4026, 0xf511, 0x113c, 0x3c6e, 0x5a3c, 0x9795, 0x6497, 0x6497,
	0xff6f, 0xffff, 0xffff, 0xffff, 0xffff, 0xffff, 0x95ff, 0xe4d7,
	0x2d95, 0x74bb, 0x2912, 0xd27a, 0x7a7a, 0x9e23, 0x9e5f, 0xac26,
	0x3cf5, 0x113c, 0x11f9, 0x11f9, 0x6e03, 0xf9f5, 0xf597, 0xff6f,
	0xffff, 0xffff, 0xffff, 0xffff, 0xffff, 0xffff, 0xffff, 0xffff,
	0xffff, 0xffff, 0xffff, 0xffff, 0xffff, 0xffff, 0xc9bd, 0x8fc9,
	0xb3b3, 0x9130, 0xb5f7, 0x5dc1, 0xb48f, 0x7776, 0xc98f, 0xb476,
	0xe976, 0x76bd, 0x7777, 0xb477, 0x7776, 0x0d77, 0x8f76, 0xb476,
	0x8f8f, 0x7776, 0x5d76, 0x8f76, 0xc1d9, 0x8fb4, 0x31d0, 0x6bb0,
	0x8080, 0x8080, 0x8000, 0xd080, 0xd031, 0x3131, 0x7409, 0xedbb,
	0xac26, 0x9191, 0xcd84, 0xc3cd, 0xd2c3, 0x9898, 0x7a7a, 0x7a7a,
	0x7a7a, 0x7a7a, 0xf47a, 0x3180, 0x8031, 0x0080, 0x0080, 0x0000,
	0x0000, 0x3b4a, 0xbbe7, 0xf109, 0xc395, 0x69c3, 0x9dd7, 0x656e,
	0xecec, 0x91ec, 0x00d0, 0x0080, 0x8080, 0xe761, 0xffff, 0xffff,
	0xffff, 0xffff, 0xf4f0, 0x61f0, 0xf0d0, 0xd0d0, 0xd0d0, 0xf0d0,
	0xd0f0, 0x7ad0, 0xd0f0, 0xf5d0, 0xca68, 0x5fed, 0x6868, 0x685f,
	0x9e5f, 0x5a11, 0xf95a, 0xf5f9, 0x3cf5, 0x1103, 0x9797, 0x4097,
	0xff9d, 0xffff, 0xffff, 0xffff, 0xffff, 0xffff, 0xbb7a, 0xbbf1,
	0xbbf1, 0x8181, 0x1298, 0x9898, 0xf1f0, 0xcaf1, 0x265f, 0x75ca,
	0x9711, 0xf9f5, 0x1111, 0x1111, 0xf53c, 0x5af5, 0x345a, 0xffc7,
	0xffff, 0xffff, 0xffff, 0xffff, 0xffff, 0xffff, 0xffff, 0xffff,
	0xffff, 0xffff, 0xffff, 0xffff, 0xffff, 0xffff, 0x77af, 0x77b4,
	0x938f, 0x7a65, 0x91f1, 0x8fb5, 0x8f77, 0xb4b4, 0x76b4, 0xe9b3,
	0x7653, 0x768f, 0x778f, 0x8f8f, 0x7676, 0x778f, 0xb3b4, 0x7c47,
	0xb48f, 0x99c1, 0x5d76, 0x0d5d, 0x67b5, 0x8fb4, 0xd080, 0xf481,
	0x80d0, 0x0000, 0x8080, 0x8080, 0xd080, 0x8080, 0x3cbe, 0x5ff9,
	0x5f75, 0xd275, 0x98d2, 0x7a7a, 0x7a7a, 0x7a7a, 0x7a7a, 0x7a7a,
	0x987a, 0x7a7a, 0xf098, 0x8031, 0x8000, 0x8080, 0x0080, 0x0000,
	0xd000, 0x0a3b, 0x6f6f, 0x9dc7, 0x9dc7, 0x9d79, 0xc7c7, 0x84c7,
	0xecec, 0xcdec, 0x8098, 0x8080, 0x3180, 0x34b0, 0xffff, 0xffff,
	0xffff, 0xffff, 0xf4f4, 0x61f0, 0xd0d0, 0xd0d0, 0xd080, 0xd0d0,
	0xd0d0, 0xf4d0, 0xd0f0, 0xf1f0, 0x265f, 0x5f75, 0x685f, 0x685f,
	0xac5f, 0x0364, 0xf55a, 0xf597, 0x5a34, 0x975a, 0x4011, 0x11d7,
	0xff3c, 0xffff, 0xffff, 0xffff, 0xffff, 0xffff, 0xbe33, 0x747a,
	0x7a74, 0xf174, 0x7a12, 0x7a98, 0x7a7a, 0x9598, 0xed5f, 0xac26,
	0x1197, 0xf5f5, 0xf9f5, 0x3c3c, 0x3c11, 0x81e7, 0xe7f1, 0xff03,
	0xffff, 0xffff, 0xffff, 0xffff, 0xffff, 0xffff, 0xffff, 0xffff,
	0xffff, 0xffff, 0xffff, 0xffff, 0xffff, 0xffff, 0xbd8b, 0xe976,
	0xdee9, 0xc3ea, 0x91f1, 0x9930, 0xc98f, 0x8f77, 0xb48f, 0x8fe9,
	0xb376, 0x8f8f, 0x768f, 0x8f76, 0xaf8f, 0x8f76, 0xd9b4, 0x1e6a,
	0x778f, 0xbd5d, 0x0db3, 0xaf47, 0x6aad, 0xb447, 0x8380, 0x61bb,
	0x8080, 0x8080, 0x8080, 0xd0d0, 0x8080, 0x0080, 0x3c6b, 0x5ff5,
	0x2626, 0x91e3, 0xd2d2, 0x7a7a, 0x7a7a, 0x7a7a, 0x7af1, 0x7a7a,
	0x7a7a, 0x7a7a, 0x7a7a, 0x8080, 0x8080, 0x8080, 0x0080, 0x0000,
	0x0af0, 0x0a16, 0x9d9d, 0x6fc7, 0x2dc7, 0x332d, 0x0933, 0x2d09,
	0xecec, 0xecec, 0xf4e4, 0x8000, 0x8080, 0x3481, 0xffff, 0xffff,
	0xffff, 0xffff, 0xf4f0, 0xd061, 0xd0d0, 0x8080, 0xd080, 0xf0f0,
	0xf0d0, 0xf0f0, 0xf0d0, 0x7ad0, 0xac68, 0x5fed, 0x5f5f, 0x6826,
	0x5fed, 0x5a97, 0x3c34, 0xf511, 0x5a97, 0x81f1, 0x9764, 0x9711,
	0xff97, 0xffff, 0xffff, 0xffff, 0xffff, 0xffff, 0x7433, 0x7a74,
	0x83bb, 0xd2f1, 0x1291, 0x7a23, 0x7a7a, 0x9898, 0x5f9e, 0x26ac,
	0x1197, 0xf56e, 0x3ce7, 0x3c3c, 0x3cf5, 0x1111, 0x3c11, 0xff3c,
	0xffff, 0xffff, 0xffff, 0xffff, 0xffff, 0xffff, 0xffff, 0xffff,
	0xffff, 0xffff, 0xffff, 0xffff, 0xffff, 0xffff, 0xc18b, 0x5376,
	0xe953, 0xb38f, 0x8484, 0x1ecd, 0xb45d, 0xc9c9, 0xafc9, 0x7647,
	0xe95d, 0x8fb3, 0xc98f, 0xb48f, 0xbd76, 0xb40d, 0xbd76, 0xb3c1,
	0x778f, 0x5d77, 0x9999, 0x1ebd, 0xb3ad, 0x99bd, 0xbb31, 0x612d,
	0x8080, 0x0080, 0x80d0, 0x8080, 0x8080, 0x0080, 0x3c82, 0x5ff5,
	0xed5f, 0x915f, 0xd2d2, 0x7a98, 0x7a7a, 0x7a7a, 0x7a7a, 0x7a7a,
	0x7a7a, 0x7a7a, 0x7a7a, 0x8080, 0x8080, 0x0080, 0x2980, 0x3b4a,
	0x352c, 0x0a3b, 0x332d, 0x0933, 0x6b6b, 0xc217, 0xc2c2, 0x6b31,
	0xecec, 0xecec, 0x9865, 0x80d0, 0xf480, 0x5a34, 0xffff, 0xffff,
	0xffff, 0xffff, 0xf4f0, 0x8031, 0xd0d0, 0xd0f0, 0xd0f0, 0xf061,
	0xd0f0, 0xd0d0, 0xd07a, 0xd2f0, 0x265f, 0x5f68, 0x265f, 0x685f,
	0xac5f, 0x1140, 0xf595, 0x11f5, 0x0397, 0x9798, 0x6411, 0x9740,
	0xff40, 0xffff, 0xffff, 0xffff, 0xffff, 0xffff, 0xbb74, 0x7433,
	0xf1bb, 0x5a81, 0x1291, 0xd2d2, 0x7a32, 0x987a, 0x2675, 0xed75,
	0x3c64, 0x11f9, 0x1197, 0x1111, 0x11f9, 0xf911, 0x1197, 0xfff9,
	0xffff, 0xffff, 0xffff, 0xffff, 0xffff, 0xffff, 0xffff, 0xffff,
	0xffff, 0xffff, 0xffff, 0xffff, 0xffff, 0xffff, 0x1e4b, 0xe9e9,
	0xe9e9, 0x7676, 0xe9b3, 0x53e9, 0x9947, 0x8f8f, 0xb476, 0x8f47,
	0x7676, 0x8fe9, 0x7777, 0xc977, 0x6a77, 0xbd99, 0xb576, 0xb4eb,
	0x778f, 0xb477, 0xb4b4, 0xb5bd, 0x1e5c, 0xbd7c, 0xbb32, 0x31be,
	0x8080, 0x8080, 0x8080, 0x80d0, 0x8080, 0x8000, 0x6f61, 0x263c,
	0x265f, 0x0e5f, 0xd2d2, 0x7a98, 0x7a7a, 0x7a7a, 0x7a7a, 0x7a7a,
	0x7a7a, 0x7a7a, 0x7a7a, 0x8080, 0x0000, 0x8080, 0x35d0, 0x3535,
	0x2c16, 0x0a0a, 0xc217, 0x31c2, 0x31c2, 0xc231, 0x3131, 0xd0c2,
	0xec4b, 0xecec, 0xe3ec, 0x317a, 0xbb80, 0x5a5a, 0xffff, 0xffff,
	0xffff, 0xffff, 0xf017, 0x80d0, 0xd0d0, 0xd0d0, 0xf461, 0xd0d0,
	0xd0f0, 0x00d0, 0xf07a, 0xc37a, 0x2625, 0x6875, 0x685f, 0x6826,
	0x5f5f, 0x97ca, 0x3c03, 0xf9f5, 0x3c97, 0x97e7, 0x9797, 0x4040,
	0x7497, 0xffff, 0xffff, 0xffff, 0xffff, 0xffff, 0xffbe, 0x33f1,
	0x33be, 0x81bb, 0x12f1, 0xd212, 0x7a7a, 0x987a, 0x9e23, 0x269e,
	0x3cca, 0xf511, 0x97f5, 0xf5f9, 0x11f9, 0xf511, 0x81f1, 0xfff5,
	0xffff, 0xffff, 0xffff, 0xffff, 0xffff, 0xffff, 0xffff, 0xffff,
	0xffff, 0xffff, 0xffff, 0xffff, 0xffff, 0xffff, 0xec90, 0x8f8f,
	0xe98f, 0x7676, 0xe98f, 0x7676, 0xb48f, 0xb48f, 0x7647, 0x9976,
	0x768b, 0x778f, 0x8f8f, 0x77c9, 0xa90d, 0x4baf, 0x765d, 0x778f,
	0xc9c9, 0xb4c9, 0x5c67, 0x6aa7, 0x6747, 0xb4b3, 0xbe09, 0x616b,
	0x0080, 0x0000, 0x8080, 0x8080, 0x8000, 0x8080, 0xbb31, 0x9e3c,
	0x7568, 0x259e, 0xd2d2, 0x7a98, 0x7af1, 0x7a7a, 0x7a7a, 0x7a7a,
	0x7a7a, 0x7a7a, 0x7a7a, 0x8031, 0x8080, 0x0000, 0x0a80, 0x0a2c,
	0x0a0a, 0x0a0a, 0x3131, 0x3131, 0x8031, 0x8031, 0x3180, 0x3131,
	0xeccd, 0xec65, 0x65ec, 0x80d2, 0x5af0, 0x3c5a, 0xffff, 0xffff,
	0xffff, 0xffff, 0xd0f0, 0xd0d0, 0x80f0, 0xd0d0, 0xd0f0, 0xd0d0,
	0xd0f0, 0x00f0, 0xb0f0, 0xc391, 0x9ec3, 0x5f9e, 0x5fac, 0x685f,
	0xeded, 0x1140, 0xf55a, 0xd7f9, 0x5a97, 0x3c5a, 0x1197, 0x9797,
	0x2d97, 0xffff, 0xffff, 0xffff, 0xffff, 0xffff, 0xffff, 0xf181,
	0x8181, 0x61be, 0x98be, 0xf129, 0x7a7a, 0x7a7a, 0x755a, 0xac26,
	0x6e26, 0xf5f9, 0x6ef5, 0x11f9, 0x3cf5, 0x81e7, 0xf198, 0xffe7,
	0xffff, 0xffff, 0xffff, 0xffff, 0xffff, 0xffff, 0xffff, 0xffff,
	0xffff, 0xffff, 0xffff, 0xffff, 0xffff, 0xffff, 0x5daf, 0x8f8f,
	0x7676, 0x76e9, 0x8f77, 0x8f8f, 0x768f, 0x7676, 0x5db3, 0x8f76,
	0x7676, 0x7677, 0x8fb4, 0x8f8f, 0x0db4, 0x5cb4, 0x6ab5, 0x8fb5,
	0x778f, 0xd5c9, 0xb55d, 0xa2ad, 0x476a, 0x8f8b, 0x74bb, 0xd032,
	0x0080, 0x8080, 0x8080, 0x8080, 0x8080, 0x8000, 0x6bc2, 0x7503,
	0x9e68, 0xedca, 0xd291, 0x7ad2, 0x7a7a, 0x7a7a, 0x7a7a, 0x7a7a,
	0x7a7a, 0x7a7a, 0x987a, 0x0061, 0x8080, 0x8080, 0x2900, 0x0a0a,
	0x0a0a, 0x0a0a, 0x8080, 0x3131, 0x3131, 0x3180, 0x3131, 0xc231,
	0xec65, 0xecec, 0xec65, 0x7ae3, 0xe783, 0x34e7, 0xffff, 0xffff,
	0xffff, 0xffff, 0xf0f0, 0xf4f4, 0xf0f4, 0xd0f0, 0x80d0, 0xd0d0,
	0xd0d0, 0xd0f0,
};

int16_t DOOA_FADED_CLUT[1922] = {
	0x7af0, 0xc3c3, 0xedc3, 0x6875, 0x5f5f, 0x685f, 0x5f68, 0xf526,
	0x975a, 0x9711, 0x9597, 0x3c03, 0x9711, 0x6411, 0xc7f9, 0xffff,
	0xffff, 0xffff, 0xffff, 0xffff, 0x83ff, 0xbb33, 0xf4be, 0x0000,
	0x12b0, 0xbb98, 0x7ab0, 0x7a7a, 0x4098, 0x2640, 0x11ac, 0xf597,
	0xf93c, 0x3cf5, 0x3434, 0x0334, 0x345a, 0x6f11, 0xffff, 0xffff,
	0xffff, 0xffff, 0xffff, 0xffff, 0xffff, 0xffff, 0xffff, 0xffff,
	0xffff, 0xffff, 0xffff, 0xffff, 0x77bd, 0x778f, 0x768f, 0x768f,
	0x8f8f, 0xe976, 0x76e9, 0x8fb3, 0xe976, 0xc98f, 0xb377, 0x7653,
	0x76c9, 0xc98f, 0xa28f, 0x7230, 0xea4b, 0xb4b5, 0x77c9, 0x99b4,
	0xbd5d, 0x1e47, 0x471e, 0x8b90, 0xc734, 0x6182, 0x0000, 0x8080,
	0x8080, 0x0080, 0x8000, 0x8080, 0xf031, 0x403c, 0x5f68, 0x5fca,
	0xd2dd, 0xf1d2, 0x7a7a, 0x7a7a, 0x7a7a, 0x7a7a, 0x7a7a, 0x7a7a,
	0x7a7a, 0x80f0, 0x8000, 0x0080, 0x0080, 0x0a51, 0x0a0a, 0x0a0a,
	0x3180, 0x3180, 0x3180, 0x3131, 0x3180, 0x8080, 0xec30, 0xecec,
	0xecec, 0xd2ec, 0xbe7a, 0xbb74, 0xffff, 0xffff, 0xffff, 0xffff,
	0xb0f0, 0xf4f4, 0xf032, 0xd0f0, 0xf0d0, 0xf0d0, 0xf0f0, 0xd0d0,
	0xf480, 0xc391, 0xc3c3, 0x5fed, 0x265f, 0x5f68, 0x755f, 0xf540,
	0xf903, 0x1197, 0xf5d7, 0xf511, 0x6e11, 0x9711, 0x0397, 0xffff,
	0xffff, 0xffff, 0xffff, 0xffff, 0xbebb, 0xbe74, 0x8061, 0xc200,
	0x6f33, 0x332d, 0x1298, 0x7a7a, 0x91d2, 0x9eca, 0x9726, 0xf597,
	0x1111, 0x3c11, 0x3c3c, 0x1111, 0x11f9, 0x2d3c, 0xffff, 0xffff,
	0xffff, 0xffff, 0xffff, 0xffff, 0xffff, 0xffff, 0xffff, 0xffff,
	0xffff, 0xffff, 0xffff, 0xffff, 0x7776, 0xb3e9, 0x76e9, 0xe953,
	0xe98f, 0x8fe9, 0xe98f, 0xc98f, 0x778f, 0xc9c9, 0x8bc9, 0x8fb5,
	0x768f, 0x0d5d, 0xb5d9, 0x7647, 0xb476, 0x8fb3, 0xc977, 0xb477,
	0x0db4, 0x5d47, 0xb55d, 0xe40e, 0x3c3c, 0xd032, 0x0080, 0x8080,
	0x8080, 0x8000, 0x0080, 0x8080, 0x1731, 0xca03, 0x5f68, 0x5f40,
	0x9125, 0x98d2, 0x7a7a, 0x7a7a, 0x7a7a, 0x7a7a, 0x7a7a, 0x7a7a,
	0x7a7a, 0x0032, 0x0080, 0x8000, 0x0000, 0x0a32, 0x0a0a, 0x604a,
	0x3180, 0x31b0, 0x3231, 0x4a60, 0xd00a, 0x3131, 0xde65, 0xecec,
	0xecec, 0x6565, 0x7498, 0x81bb, 0xffff, 0xffff, 0xffff, 0xffff,
	0x00f0, 0xf0d0, 0xf0d0, 0xd0d0, 0xf0d0, 0xf4f0, 0xd0d0, 0xf0d0,
	0x7ad0, 0xc3d2, 0xe4e4, 0x6826, 0x26ed, 0x5f68, 0x7568, 0xf5d7,
	0x6e3c, 0x9711, 0x11fa, 0x9711, 0x97f5, 0x97f5, 0xfa11, 0xffff,
	0xffff, 0xffff, 0xffff, 0xffff, 0xbe33, 0x1229, 0xf032, 0x6f6b,
	0x6f2d, 0x982d, 0x7a12, 0xd27a, 0xc3cd, 0x7540, 0x64ac, 0x1197,
	0xd7f9, 0x11f9, 0xf5f5, 0x033c, 0x033c, 0xc7f5, 0xffff, 0xffff,
	0xffff, 0xffff, 0xffff, 0xffff, 0xffff, 0xffff, 0xffff, 0xffff,
	0xffff, 0xffff, 0xffff, 0xffff, 0x8fc9, 0x7676, 0x5d8f, 0xb3e9,
	0xe9bd, 0x8fb4, 0x8fc9, 0xc9c9, 0xc9c9, 0x8fc9, 0x90a2, 0xb4bd,
	0x76b4, 0xe9b4, 0x5de9, 0x7777, 0x8f77, 0x778f, 0x7777, 0x8f77,
	0xb3e9, 0x0d47, 0x5d0d, 0xf753, 0x033c, 0x8017, 0x8000, 0x8000,
	0x8080, 0x0080, 0x8000, 0x3180, 0xc231, 0xf9c7, 0x685f, 0xedca,
	0xd25f, 0x7ad2, 0x7a98, 0x7af1, 0x7a7a, 0x7a7a, 0x7a7a, 0x7a7a,
	0x7a7a, 0x807a, 0x8000, 0x0080, 0x0080, 0x51d0, 0x2751, 0xffff,
	0x5127, 0x3b0a, 0x3516, 0x3535, 0x5135, 0x3131, 0xec84, 0xecec,
	0xecec, 0x65ec, 0x81c3, 0x81bb, 0xffff, 0xffff, 0xffff, 0xffff,
	0xffff, 0xffff, 0xd0ff, 0xf0d0, 0xf0f0, 0xf0d0, 0xf0f0, 0xf0f4,
	0xf4f0, 0xc3d2, 0xc3c3, 0x269e, 0x265f, 0x5f26, 0x2668, 0x9775,
	0x9711, 0x1197, 0xf53c, 0x9797, 0x11f5, 0x116e, 0xf5f9, 0xffff,
	0xffff, 0xffff, 0xffff, 0xffff, 0x29b0, 0x2929, 0x3312, 0x6fc7,
	0xe72d, 0x2981, 0x297a, 0x917a, 0xd291, 0x40d7, 0x4026, 0x1197,
	0x3c97, 0x3c3c, 0xf5f5, 0xf53c, 0x3cf5, 0x03f5, 0xffff, 0xffff,
	0xffff, 0xffff, 0xffff, 0xffff, 0xffff, 0xffff, 0xffff, 0xffff,
	0xffff, 0xffff, 0xffff, 0xffff, 0x768f, 0x8f76, 0x53b4, 0xbdb3,
	0xe947, 0xc98f, 0xc9c9, 0xc9c9, 0xc9c9, 0x8f8f, 0xbdb4, 0x8f8f,
	0x7676, 0x5d76, 0x8f47, 0x8f8f, 0x8f8f, 0xc976, 0x77c9, 0xb48f,
	0x8fb4, 0x768f, 0x6ac1, 0xf71e, 0x2d34, 0x8061, 0x0080, 0x80d0,
	0x80d0, 0x8000, 0x8080, 0xc280, 0xf031, 0x112d, 0x685f, 0x5f40,
	0x915f, 0x98d2, 0xf1f1, 0x987a, 0x7af1, 0x7a7a, 0x7a7a, 0xf07a,
	0xf4f4, 0x80f4, 0x6bf0, 0xffff, 0xffff, 0xffff, 0xffff, 0xffff,
	0x3535, 0x3535, 0x1635, 0x3b2c, 0x603b, 0xd0c2, 0xece3, 0xecec,
	0x65ec, 0xecec, 0xd2cd, 0x81e7, 0xffff, 0xffff, 0xffff, 0xffff,
	0xffff, 0xffff, 0xffff, 0xffff, 0xffff, 0xd0d0, 0x61d0, 0xf4d0,
	0xf4f0, 0x917a, 0xc3c3, 0xac69, 0x2668, 0xed26, 0x5f5f, 0x9e26,
	0x6e97, 0x9711, 0x9797, 0x97f5, 0x9797, 0xf911, 0x116e, 0xffff,
	0xffff, 0xffff, 0xffff, 0xffff, 0x2929, 0xe712, 0x6f6f, 0x2d2d,
	0xb06b, 0x2929, 0x2929, 0x987a, 0x987a, 0xca6e, 0x409e, 0x97d7,
	0xf511, 0x5a03, 0x0303, 0x035a, 0x3c3c, 0x3c3c, 0xffff, 0xffff,
	0xffff, 0xffff, 0xffff, 0xffff, 0xffff, 0xffff, 0xffff, 0xffff,
	0xffff, 0xffff, 0xffff, 0xffff, 0x99b5, 0xb4b4, 0x53bd, 0x53bd,
	0xb3bd, 0xc98f, 0xc9c9, 0x76c9, 0xb4b3, 0x775d, 0x5dc9, 0x5db4,
	0xb376, 0x7676, 0x7776, 0x8f8f, 0x8f77, 0x8f77, 0x77b4, 0x77b4,
	0x8fb4, 0xc9c9, 0x30b4, 0xe3e3, 0x2df0, 0x80f0, 0xd000, 0x8080,
	0x8080, 0x8000, 0x8080, 0x3180, 0x17c2, 0x1174, 0x685f, 0xed26,
	0x755f, 0xd2d2, 0x7a7a, 0x7a7a, 0xf4b0, 0xf4f0, 0x83f4, 0x6fbb,
	0x9d03, 0x0303, 0x039d, 0xffff, 0xffff, 0xffff, 0xffff, 0xffff,
	0x2c2c, 0x0a3b, 0x0a0a, 0x0a0a, 0x600a, 0x3131, 0x65c3, 0x65ec,
	0x65ec, 0x65ec, 0xc365, 0x6f98, 0xffff, 0xffff, 0xffff, 0xffff,
	0xffff, 0xffff, 0xffff, 0xffff, 0xffff, 0xffff, 0xffff, 0xf061,
	0xd061, 0x917a, 0x91c3, 0xe491, 0x5fed, 0x5f5f, 0x6868, 0x9eed,
	0x1197, 0x116e, 0x1111, 0xf5f5, 0xf53c, 0x3cf5, 0x6ef5, 0xffff,
	0xffff, 0xffff, 0xffff, 0xffff, 0x29f0, 0x7429, 0x2dc7, 0xb0bb,
	0xb031, 0x7a12, 0x7a29, 0x7a7a, 0x987a, 0x6495, 0x40d7, 0x11f9,
	0x1111, 0xf911, 0xf511, 0xf53c, 0x11f5, 0x9797, 0xffff, 0xffff,
	0xffff, 0xffff, 0xffff, 0xffff, 0xffff, 0xffff, 0xffff, 0xffff,
	0xffff, 0xffff, 0xffff, 0xffff, 0x77bd, 0x53b4, 0x5db3, 0x5353,
	0xe9b3, 0xc977, 0x76d5, 0x4bd9, 0xb547, 0xb4bd, 0x768f, 0x5d76,
	0xe9bd, 0xbde9, 0x8fbd, 0x5d8f, 0xb4bd, 0xb48f, 0x7676, 0xc98f,
	0x77c9, 0x77c9, 0x4776, 0x3069, 0xd080, 0x8080, 0x8080, 0x80d0,
	0x8080, 0x8080, 0x8031, 0x3131, 0x1761, 0x116b, 0x6826, 0x75ac,
	0xed5f, 0x7a97, 0x83f4, 0x6b83, 0x8174, 0xc7c7, 0x0303, 0x0303,
	0x6f03, 0x9d03, 0x033c, 0xffff, 0xffff, 0xffff, 0xffff, 0xffff,
	0x0a0a, 0x0a0a, 0x0a0a, 0x0a0a, 0x270a, 0x3131, 0x65e4, 0xecec,
	0xecec, 0x65ec, 0x65ec, 0x81d2, 0xffff, 0xffff, 0xffff, 0xffff,
	0xffff, 0xffff, 0xffff, 0x32ff, 0xf0f0, 0xfff0, 0xffff, 0xffff,
	0xffff, 0xc398, 0xc391, 0xc3c3, 0x5fbc, 0x685f, 0x5f5f, 0x265f,
	0x1197, 0x0311, 0x035a, 0x0395, 0xf53c, 0x97f5, 0x3cf5, 0xff33,
	0xffff, 0xffff, 0xffff, 0xffff, 0x3180, 0xbe29, 0xbb2d, 0x2912,
	0xb0f0, 0x29f1, 0x7a29, 0x7a7a, 0x7a7a, 0x97d2, 0x64d7, 0x11f5,
	0x11f9, 0x1197, 0xf96e, 0x113c, 0xf597, 0xf997, 0xff2d, 0xffff,
	0xffff, 0xffff, 0xffff, 0xffff, 0xffff, 0xffff, 0xffff, 0xffff,
	0xffff, 0xffff, 0xffff, 0xffff, 0x76b4, 0x5d76, 0xb4b3, 0xb4b4,
	0x7676, 0x7cbd, 0x907c, 0xa990, 0xb4b5, 0x7647, 0xe976, 0xb476,
	0x478f, 0x7677, 0x7677, 0x4747, 0xb476, 0xe9b5, 0x778f, 0xc9c9,
	0x8fc9, 0x768f, 0xe9e9, 0xb5b3, 0x0080, 0x8031, 0xd0d0, 0x8080,
	0x8080, 0x8080, 0x3180, 0x3131, 0xf417, 0x0382, 0x6826, 0x265f,
	0x5f5f, 0x5f68, 0xf9ac, 0x0311, 0x0303, 0xc703, 0x6f6f, 0xc7c7,
	0xe703, 0x03c7, 0xc76f, 0xff6f, 0xffff, 0xffff, 0xffff, 0xffff,
	0x0a0a, 0x0a0a, 0x0a0a, 0x0a0a, 0x270a, 0xc231, 0x6523, 0x65ec,
	0x65cd, 0xec65, 0xecec, 0x98cd, 0xffff, 0xffff, 0xffff, 0xffff,
	0xffff, 0xb0f0, 0xbbbe, 0x3232, 0xb032, 0xfff4, 0xffff, 0xffff,
	0x607a, 0x51cd, 0x2798, 0x6060, 0x5f23, 0x6826, 0x685f, 0xac75,
	0x3c95, 0x5a34, 0x113c, 0x1111, 0x1111, 0x3c3c, 0x1111, 0xff6f,
	0xffff, 0xffff, 0xffff, 0xffff, 0x0080, 0x29f4, 0x2929, 0x2912,
	0x2929, 0x7a12, 0xf1f1, 0x7a7a, 0x987a, 0xca91, 0x4064, 0xf93c,
	0x11f5, 0x9711, 0x1111, 0x11f9, 0xf911, 0x1197, 0xffc7, 0xffff,
	0xffff, 0xffff, 0xffff, 0xffff, 0xffff, 0xc4ff, 0xbd22, 0xc1b3,
	0x22bd, 0xffff, 0xffff, 0xffff, 0x76ea, 0xe976, 0xb3b4, 0xb353,
	0x30b5, 0x84e4, 0x1ea2, 0x475c, 0xe976, 0xbdb5, 0xb4b5, 0xe98f,
	0xb4bd, 0x76b4, 0x8f76, 0x7777, 0x8f8f, 0x7676, 0xe98f, 0xbd53,
	0x1e1e, 0x7676, 0x778f, 0x7677, 0x0080, 0xd000, 0xd080, 0x3180,
	0x8031, 0x3180, 0x8031, 0x31c2, 0x1717, 0x6f32, 0x689e, 0x9e5f,
	0x5f5f, 0x5f5f, 0x64c8, 0x9d11, 0x9d9d, 0xc703, 0x6fe7, 0xc703,
	0xc703, 0x03c7, 0xc76f, 0xff6f, 0xffff, 0xffff, 0xffff, 0xffff,
	0x0a0a, 0x0a0a, 0x0a0a, 0x0a0a, 0x120a, 0x3180, 0x65be, 0xec65,
	0x6565, 0xec65, 0xecec, 0xd2ec, 0xffff, 0xffff, 0xffff, 0xffff,
	0x81be, 0x34e7, 0x0334, 0x81be, 0x5a5a, 0xff81, 0xffff, 0xd2f4,
	0x4a4a, 0x7ad2, 0x7a29, 0x127a, 0xed5a, 0x269e, 0x5f68, 0x2626,
	0x5a5a, 0x345a, 0xf511, 0xf5f5, 0xf5f5, 0x97f5, 0x1111, 0xff03,
	0xffff, 0xffff, 0xffff, 0xffff, 0x0000, 0xd080, 0x2929, 0x1229,
	0x2929, 0x29f1, 0x98f1, 0x7a7a, 0xe37a, 0x25cd, 0x64ca, 0xf595,
	0x3c11, 0xf5f9, 0x3c03, 0x3cf5, 0x1111, 0x3c97, 0xff03, 0xffff,
	0xffff, 0xffff, 0xffff, 0xbaff, 0x7214, 0xe472, 0x8498, 0x98e4,
	0xf1b0, 0x9598, 0xff26, 0xffff, 0xb34b, 0x53b3, 0xbdb4, 0x1e47,
	0x9572, 0xa70e, 0x478b, 0x4747, 0xb48f, 0x1eb5, 0xea47, 0x7293,
	0x72a9, 0x476a, 0x67c1, 0xb4b3, 0x1eea, 0xb51e, 0xb5ea, 0x1eea,
	0xcd1e, 0x53f7, 0x93e3, 0x778f, 0x0080, 0x3100, 0x31d0, 0xd080,
	0x3180, 0x3180, 0x3131, 0x3131, 0x61f0, 0x3c09, 0x5f26, 0xcaed,
	0x5fed, 0x685f, 0x4022, 0xc711, 0x3434, 0x036f, 0x039d, 0x03c7,
	0xc703, 0x6f03, 0x0303, 0xff6f, 0xffff, 0xffff, 0xffff, 0xffff,
	0x4a0a, 0x0a51, 0x0a0a, 0x0a0a, 0x120a, 0x8080, 0x8483, 0xec65,
	0xec65, 0xec65, 0xecec, 0xcd65, 0xe75a, 0xf595, 0xffff, 0xffff,
	0x345a, 0x035a, 0xd76e, 0x6464, 0x6464, 0x323c, 0x7aff, 0x4a51,
	0xf1e4, 0x7af4, 0x12f1, 0x297a, 0x5f12, 0x5fca, 0x685f, 0x6868,
	0xf597, 0x116e, 0xf53c, 0x3cf5, 0x345a, 0xf911, 0x9797, 0xff3c,
	0xffff, 0xffff, 0xffff, 0xffff, 0x0000, 0x0080, 0x29f4, 0x2929,
	0x2929, 0x2929, 0xf17a, 0xf0f1, 0x84c3, 0x8484, 0xcaca, 0x3cf9,
	0x3cf5, 0x5a3c, 0x345a, 0x3481, 0x9711, 0x1197, 0xff79, 0xffff,
	0xffff, 0xffff, 0xffff, 0xffff, 0xffff, 0xffff, 0xffff, 0xffff,
	0xffff, 0xffff, 0xffff, 0xffff, 0xffff, 0xffff, 0xffff, 0xffff,
	0xffff, 0xffff, 0xffff, 0xffff, 0xffff, 0xffff, 0xffff, 0xffff,
	0xffff, 0xffff, 0xffff, 0xffff, 0xffff, 0xa942, 0x84b5, 0xeab0,
	0xbdde, 0xb3de, 0x1eea, 0xbd67, 0x8080, 0x8000, 0x6131, 0x3131,
	0x3131, 0x3131, 0x8031, 0x8331, 0x80c2, 0x3c33, 0xac75, 0x2668,
	0xed5f, 0x5f5f, 0x5f68, 0x0311, 0x74bb, 0x03c7, 0x9d03, 0xc76f,
	0x6fe7, 0xc703, 0x03c7, 0xffc7, 0xffff, 0xffff, 0xffff, 0xffff,
	0xd0b0, 0x0a61, 0x0a0a, 0x0a0a, 0x120a, 0x3131, 0xc37a, 0x6565,
	0x6565, 0x6584, 0x65ec, 0x65ec, 0x5ae4, 0x3c3c, 0xffff, 0xffff,
	0x6e95, 0x64d7, 0x6464, 0x6464, 0x3cd7, 0xf098, 0x4a23, 0x12c3,
	0x32f1, 0x7af0, 0x29f1, 0x297a, 0x2698, 0x5f75, 0x5f68, 0x6868,
	0x119e, 0xf56e, 0x033c, 0x345a, 0x3434, 0x975a, 0x1197, 0xff97,
	0xffff, 0xffff, 0xffff, 0xffff, 0x0080, 0x0000, 0xd080, 0x2929,
	0x1212, 0x2998, 0xf129, 0x7af1, 0x8491, 0xcd30, 0x759e, 0x3c97,
	0xf5f9, 0x3c79, 0x345a, 0x5a34, 0x9711, 0x4097, 0xfff9, 0xffff,
	0xff08, 0xffff, 0xffff, 0xffff, 0xffff, 0xffff, 0xffff, 0xffff,
	0xffff, 0xffff, 0xffff, 0xffff, 0xffff, 0xffff, 0xffff, 0xffff,
	0xffff, 0xffff, 0xffff, 0xffff, 0xffff, 0xffff, 0xffff, 0xffff,
	0xffff, 0xffff, 0xffff, 0xffff, 0xa9ff, 0x4b42, 0xd2bd, 0xb51e,
	0x4747, 0xbdbd, 0xbd99, 0xb453, 0xd080, 0x8000, 0x31d0, 0x3161,
	0x3131, 0x3131, 0xc231, 0xf574, 0x80b0, 0xf583, 0x269e, 0x265f,
	0x5fed, 0x5f26, 0xc868, 0x03ac, 0xf1be, 0x9d03, 0x03c7, 0x6f34,
	0x036f, 0x34c7, 0xc7c7, 0xff03, 0xffff, 0xffff, 0xffff, 0xffff,
	0x3131, 0x0af0, 0x0a0a, 0x0a0a, 0xf10a, 0x3131, 0xcd81, 0xe372,
	0xc3e3, 0x91c3, 0xec65, 0xecec, 0xd2cd, 0x953c, 0xffff, 0xffff,
	0x6464, 0x64ca, 0x5ad7, 0x74e7, 0x32b0, 0x4a98, 0x914a, 0x32f1,
	0xb009, 0xb0b0, 0x29f1, 0xd27a, 0x26dd, 0x9e9e, 0x5f68, 0x5f68,
	0x9597, 0xf53c, 0x343c, 0x6e95, 0xf597, 0x9734, 0x6497, 0xff11,
	0xffff, 0xffff, 0xffff, 0xffff, 0x00f0, 0x0000, 0x8000, 0x29f0,
	0x2929, 0xf129, 0xf17a, 0x7a34, 0x84d2, 0xcd65, 0x75ac, 0xf564,
	0x11f5, 0x3cf5, 0x113c, 0x3c11, 0x9711, 0xf597, 0xff3c, 0xffff,
	0x5a84, 0xffff, 0xffff, 0xffff, 0xffff, 0xffff, 0xffff, 0xffff,
	0xffff, 0xffff, 0xffff, 0xffff, 0xffff, 0xffff, 0xffff, 0xffff,
	0xffff, 0xffff, 0xffff, 0xffff, 0xffff, 0xffff, 0xffff, 0xffff,
	0xffff, 0xffff, 0xffff, 0xbcff, 0x72f7, 0x4790, 0x1edd, 0xb5ea,
	0xbdbd, 0xbdbd, 0x99bd, 0xf7de, 0x31d0, 0x0080, 0x31d0, 0x3131,
	0x3131, 0x31c2, 0x8331, 0xbbf5, 0x0031, 0x79f4, 0x7597, 0xac68,
	0x5f5f, 0x5f5f, 0xc85f, 0x3c26, 0x83f1, 0x03bb, 0x9d03, 0x0303,
	0x6fe7, 0x03c7, 0x6f6f, 0xff6f, 0xffff, 0xffff, 0xffff, 0xffff,
	0x3180, 0x0af0, 0x0a0a, 0x0a0a, 0xb00a, 0xd0d0, 0xc309, 0xc3c3,
	0xc3c3, 0xc3c3, 0xeccd, 0xecec, 0xc3ec, 0xdd23, 0xffff, 0xffff,
	0x5a6e, 0xbe81, 0x3232, 0x3232, 0x60bb, 0xe44a, 0x7a12, 0x3374,
	0xf4b0, 0x32f0, 0x7af1, 0x91d2, 0x26e4, 0x2626, 0x685f, 0x6868,
	0x0375, 0xd7f5, 0x9764, 0x1197, 0xf511, 0x11f5, 0x9797, 0xff97,
	0xffff, 0xffff, 0xffff, 0xffff, 0x3229, 0x0000, 0x0000, 0xf0d0,
	0x2929, 0xf112, 0xf129, 0x7a34, 0xc398, 0x6542, 0x9e84, 0xf5ca,
	0xf5f9, 0xf511, 0x11f5, 0x1111, 0x11f5, 0x3c11, 0xff5a, 0xffff,
	0x725a, 0xffff, 0xffff, 0xffff, 0xffff, 0xffff, 0xffff, 0xffff,
	0xffff, 0xffff, 0xffff, 0xffff, 0xffff, 0xffff, 0xffff, 0xffff,
	0xffff, 0xffff, 0xffff, 0xffff, 0xffff, 0xffff, 0xffff, 0xffff,
	0xffff, 0xffff, 0xffff, 0x25e3, 0xbca9, 0xdd47, 0x4b1e, 0x90b5,
	0xb4bd, 0x5390, 0x93bd, 0xbb42, 0xd0d0, 0x00d0, 0x6180, 0x3161,
	0x3131, 0x3131, 0x3c83, 0xf081, 0x8080, 0xf580, 0x9e64, 0x5f5f,
	0x5f26, 0xed26, 0xc85f, 0x2668, 0x74f1, 0x0381, 0x346f, 0x036f,
	0x03c7, 0xc703, 0x0334, 0x6f03, 0xffff, 0xffff, 0xffff, 0xffff,
	0x3131, 0x0a31, 0x0a0a, 0x0a0a, 0x290a, 0x3131, 0xc36b, 0xc3c3,
	0x91c3, 0x65c3, 0x6565, 0xecec, 0x65ec, 0x81d2, 0xffff, 0xffff,
	0xb06b, 0xb032, 0xf432, 0xd2b0, 0x4a4a, 0xf1d2, 0xb032, 0x33be,
	0x0974, 0xf4f4, 0x29f1, 0xc398, 0x26e3, 0x9726, 0x685f, 0x5f68,
	0xd7ac, 0x6e3c, 0x6440, 0x9797, 0xf911, 0x976e, 0x9797, 0x2d11,
	0xffff, 0xffff, 0xffff, 0xffff, 0x2929, 0x0032, 0x0000, 0x8000,
	0x29f0, 0xf129, 0xf17a, 0x98f1, 0xc37a, 0xe3cd, 0xca95, 0x1140,
	0x113c, 0xf5f9, 0xf911, 0x9711, 0x9797, 0x3c11, 0x2d95, 0xffff,
	0xa998, 0xff69, 0xffff, 0xffff, 0xffff, 0xffff, 0xffff, 0xffff,
	0xffff, 0xffff, 0xffff, 0xffff, 0xffff, 0xffff, 0xffff, 0xffff,
	0xffff, 0xffff, 0xffff, 0xffff, 0xffff, 0xffff, 0xffff, 0xffff,
	0xffff, 0xffff, 0x90ff, 0x7225, 0x7269, 0xe44b, 0x425c, 0xd21e,
	0x9025, 0xe4e4, 0x30f7, 0x9130, 0xc2d0, 0x8061, 0x3100, 0x3131,
	0x31d0, 0xb031, 0x813c, 0xc261, 0x0080, 0x3480, 0x26fa, 0x5f5f,
	0x5fed, 0x5fed, 0x685f, 0x68c8, 0xe76e, 0xe72d, 0x03c7, 0x9d3c,
	0x9d03, 0xf59d, 0x1103, 0x9d11, 0xffff, 0xffff, 0xffff, 0xffff,
	0x3131, 0x0a31, 0x0a0a, 0x0a0a, 0x320a, 0x8031, 0xc3f4, 0xc3c3,
	0xc3c3, 0x6565, 0x6565, 0x6565, 0x6565, 0x74d2, 0xffff, 0xffff,
	0x6bb0, 0xb0b0, 0x12b0, 0x4a51, 0xf160, 0x83b0, 0x7a32, 0x8383,
	0xb083, 0xf133, 0x98d2, 0xc37a, 0x2684, 0xd75f, 0x685f, 0xed68,
	0x975f, 0x9711, 0x9797, 0x1111, 0x6411, 0x9797, 0x9740, 0xc7f5,
	0xffff, 0xffff, 0xffff, 0xffff, 0x2912, 0xf429, 0x0000, 0x0000,
	0xf080, 0x2929, 0xf129, 0x7a7a, 0x917a, 0xd2c3, 0x40d2, 0xf564,
	0x033c, 0x3c6e, 0x11f5, 0x9797, 0x97f9, 0x1197, 0x9df9, 0xffff,
	0xddd2, 0x690e, 0xffff, 0xffff, 0xffff, 0xffff, 0xffff, 0xffff,
	0xffff, 0xffff, 0xffff, 0xffff, 0xffff, 0xffff, 0xffff, 0xffff,
	0xffff, 0xffff, 0xffff, 0xffff, 0xffff, 0xffff, 0xffff, 0xffff,
	0xffff, 0x75ff, 0xa24b, 0x7272, 0x5c69, 0xa2dd, 0x1e47, 0xbca2,
	0x84f7, 0xf1e4, 0x4230, 0xe7e4, 0x6161, 0x3161, 0x3180, 0x3131,
	0x31d0, 0x5a17, 0x61bb, 0x6161, 0x0000, 0x2d80, 0x9ef5, 0xed26,
	0x265f, 0x5fed, 0x6826, 0x5f68, 0x03d7, 0x3434, 0xf903, 0x1111,
	0x9797, 0x9740, 0x4011, 0xf540, 0xffff, 0xffff, 0xffff, 0xffff,
	0x8031, 0x0a31, 0x0a0a, 0x0a0a, 0xf00a, 0xc231, 0xc3d0, 0xc3c3,
	0x65c3, 0xec65, 0x6565, 0xc3cd, 0x9891, 0x7ad0, 0xffff, 0xffff,
	0x83f0, 0xf1b0, 0xcd60, 0x27c3, 0x83f1, 0xb0be, 0xb0b0, 0x3209,
	0x3232, 0x95bb,
};

GsOT DOOA_ORDERING_TABLE[2] = {
	{
		0xc329f15a, (GsOT_TAG *)0x9726e3c3,
		0x266868ac, 0x1197405f, (GsOT_TAG *)0x97f9d797,
	},
	{
		0x11f59740, (GsOT_TAG *)0x03f59740,
		0xffffffff, 0xffffffff, (GsOT_TAG *)0x29291229,
	},
};

int8_t DOOA_SAVED_ENTITY_VISIBILITY[12] = {
	0xf0, 0x00, 0x00, 0x00, 0x00, 0x80, 0xf4, 0x81,
	0x7a, 0x29, 0xbb, 0x81,
};

DooaShardEffect DOOA_SHARD_EFFECT = {
	0xd27a, 0x9891,
	(Entity *)0x977525d2,
	0xf5f93cf5, (void *)0xd7f911f9, (void *)0xcdc3e391, 0xffff9165,
	0xb0, 0x98, 0x5a, 0x72,
};

DooaSequence DOOA_REINCARNATION_SEQ = {
	0xffffff24,
	(Entity *)0xffffffff,
	0xffff, 0xffff, 0xffff, 0xffff,
	{
		0xffff, 0xffff,
		{ 0xffffffff, 0xffffffff, 0xffffffff, 0xffffffff },
	},
	{
		0xffffffff, 0xffffffff, 0x84bcffff,
		0xa9a272a2, 0x90235a90, 0x2572b5a2,
	},
	0x42bd, 0xc3, 0xe4,
};
#else
EfeFlashBuffer DOOA_FLASH_DATA = {
	{
		{
			{ 0x0000, 0x0000, 0x0000, 0x0000 },
			0x0000,
			0x0000,
			0x0000,
			0x0000,
			0x0000,
			0x0000,
			0x0000,
			0x0000,
			0x0000,
			0x0000,
			0x00000000,
			0x00000000,
			0x0000,
			0x0000,
		},
		{
			{ 0x0000, 0x0000, 0x0000, 0x0000 },
			0x0000,
			0x0000,
			0x0000,
			0x0000,
			0x0000,
			0x0000,
			0x0000,
			0x0000,
			0x6963,
			0x6e65,
			0x65522074,
			0x6e6f6967,
			0x6f20,
			0x2066,
		},
		{
			{ 0x6944, 0x6f6e, 0x4720, 0x616c },
			0x6963,
			0x6c61,
			0x5420,
			0x6d69,
			0x2065,
			0x6f5a,
			0x656e,
			0x5420,
			0x6568,
			0x656d,
			0x68540000,
			0x6e412065,
			0x6963,
			0x6e65,
		},
		{
			{ 0x2074, 0x6552, 0x6967, 0x6e6f },
			0x6f20,
			0x2066,
			0x6944,
			0x6f6e,
			0x4720,
			0x616c,
			0x6963,
			0x6c61,
			0x5420,
			0x6d69,
			0x6f5a2065,
			0x4e20656e,
			0x6769,
			0x7468,
		},
		{
			{ 0x5420, 0x6568, 0x656d, 0x0000 },
			0x0000,
			0x7246,
			0x6565,
			0x657a,
			0x616c,
			0x646e,
			0x5420,
			0x6568,
			0x656d,
			0x0000,
			0x72460000,
			0x657a6565,
			0x616c,
			0x646e,
		},
		{
			{ 0x4e20, 0x6769, 0x7468, 0x5420 },
			0x6568,
			0x656d,
			0x0000,
			0x6749,
			0x6f6c,
			0x206f,
			0x6854,
			0x6d65,
			0x0065,
			0x7543,
			0x6e696c72,
			0x68542067,
			0x6d65,
			0x0065,
		},
		{
			{ 0x0000, 0x6153, 0x636e, 0x7574 },
			0x7261,
			0x2079,
			0x6854,
			0x6d65,
			0x0065,
			0x6153,
			0x636e,
			0x7574,
			0x7261,
			0x2079,
			0x6f6c6542,
			0x68542077,
			0x6d65,
			0x0065,
		},
		{
			{ 0x0000, 0x6547, 0x6b63, 0x206f },
			0x7753,
			0x6d61,
			0x2070,
			0x6854,
			0x6d65,
			0x0065,
			0x0000,
			0x6547,
			0x6b63,
			0x206f,
			0x6d617753,
			0x694e2070,
			0x6867,
			0x2074,
		},
		{
			{ 0x6854, 0x6d65, 0x0065, 0x694d },
			0x7473,
			0x2079,
			0x7254,
			0x6565,
			0x2073,
			0x6854,
			0x6d65,
			0x0065,
			0x0000,
			0x694d,
			0x20797473,
			0x65657254,
			0x2073,
			0x694e,
		},
		{
			{ 0x6867, 0x2074, 0x6854, 0x6d65 },
			0x0065,
			0x6157,
			0x7572,
			0x6f4d,
			0x7a6e,
			0x6561,
			0x6f6d,
			0x206e,
			0x6854,
			0x6d65,
			0x6f540065,
			0x6f542079,
			0x6e77,
			0x5420,
		},
		{
			{ 0x6568, 0x656d, 0x0000, 0x6854 },
			0x6d65,
			0x2065,
			0x666f,
			0x4620,
			0x6361,
			0x6f74,
			0x6972,
			0x6c61,
			0x0000,
			0x6146,
			0x726f7463,
			0x206c6169,
			0x694e,
			0x6867,
		},
		{
			{ 0x2074, 0x6854, 0x6d65, 0x0065 },
			0x0000,
			0x6553,
			0x6577,
			0x2072,
			0x6854,
			0x6d65,
			0x0065,
			0x7254,
			0x7361,
			0x2068,
			0x6e756f4d,
			0x6e696174,
			0x5420,
			0x6568,
		},
	},
	0x0000656d,
};

GsRVIEW2 DOOA_CAMERA_START_VIEW = {
	0x72540000, 0x20687361, 0x6e756f4d,
	0x6e696174, 0x67694e20, 0x54207468,
	0x656d6568,
	(GsCOORDINATE2 *)0x65420000,
};

VECTOR DOOA_SAVED_LOCATION = {
	0x616c7461, 0x5420646e, 0x656d6568, 0x65420000,
};

uint8_t DOOA_SAVED_ENTITY_CLUT[772] = {
	0x61, 0x74, 0x6c, 0x61, 0x6e, 0x64, 0x20, 0x4e,
	0x69, 0x67, 0x68, 0x74, 0x20, 0x54, 0x68, 0x65,
	0x6d, 0x65, 0x00, 0x00, 0x00, 0x00, 0x53, 0x65,
	0x63, 0x72, 0x65, 0x74, 0x20, 0x42, 0x65, 0x61,
	0x63, 0x68, 0x20, 0x43, 0x61, 0x76, 0x65, 0x20,
	0x54, 0x68, 0x65, 0x6d, 0x65, 0x00, 0x4c, 0x61,
	0x73, 0x74, 0x20, 0x52, 0x6f, 0x6f, 0x6d, 0x20,
	0x54, 0x68, 0x65, 0x6d, 0x65, 0x00, 0x46, 0x69,
	0x6c, 0x65, 0x20, 0x43, 0x69, 0x74, 0x79, 0x20,
	0x54, 0x68, 0x65, 0x6d, 0x65, 0x00, 0x46, 0x69,
	0x6c, 0x65, 0x20, 0x43, 0x69, 0x74, 0x79, 0x20,
	0x4e, 0x69, 0x67, 0x68, 0x74, 0x20, 0x54, 0x68,
	0x65, 0x6d, 0x65, 0x00, 0x00, 0x00, 0x54, 0x6f,
	0x72, 0x6e, 0x61, 0x6d, 0x65, 0x6e, 0x74, 0x20,
	0x4f, 0x70, 0x65, 0x6e, 0x69, 0x6e, 0x67, 0x20,
	0x54, 0x68, 0x65, 0x6d, 0x65, 0x00, 0x54, 0x6f,
	0x72, 0x6e, 0x61, 0x6d, 0x65, 0x6e, 0x74, 0x20,
	0x50, 0x72, 0x6f, 0x67, 0x72, 0x65, 0x73, 0x73,
	0x20, 0x54, 0x68, 0x65, 0x6d, 0x65, 0x00, 0x00,
	0x00, 0x00, 0x54, 0x6f, 0x72, 0x6e, 0x61, 0x6d,
	0x65, 0x6e, 0x74, 0x20, 0x43, 0x68, 0x61, 0x6d,
	0x70, 0x69, 0x6f, 0x6e, 0x73, 0x68, 0x69, 0x70,
	0x20, 0x54, 0x68, 0x65, 0x6d, 0x65, 0x00, 0x00,
	0x00, 0x00, 0x50, 0x61, 0x72, 0x74, 0x6e, 0x65,
	0x72, 0x27, 0x73, 0x20, 0x45, 0x6e, 0x74, 0x72,
	0x61, 0x6e, 0x63, 0x65, 0x20, 0x54, 0x68, 0x65,
	0x6d, 0x65, 0x00, 0x00, 0x00, 0x00, 0x43, 0x6f,
	0x6d, 0x70, 0x65, 0x74, 0x69, 0x74, 0x69, 0x6f,
	0x6e, 0x20, 0x42, 0x61, 0x74, 0x74, 0x6c, 0x65,
	0x20, 0x4f, 0x70, 0x70, 0x6f, 0x6e, 0x65, 0x6e,
	0x74, 0x27, 0x73, 0x20, 0x45, 0x6e, 0x74, 0x72,
	0x61, 0x6e, 0x63, 0x65, 0x20, 0x54, 0x68, 0x65,
	0x6d, 0x65, 0x00, 0x00, 0x00, 0x00, 0x41, 0x72,
	0x65, 0x6e, 0x61, 0x20, 0x42, 0x61, 0x74, 0x74,
	0x6c, 0x65, 0x20, 0x54, 0x68, 0x65, 0x6d, 0x65,
	0x20, 0x4e, 0x6f, 0x2e, 0x20, 0x31, 0x00, 0x00,
	0x00, 0x00, 0x50, 0x61, 0x72, 0x74, 0x6e, 0x65,
	0x72, 0x27, 0x73, 0x20, 0x57, 0x69, 0x6e, 0x20,
	0x54, 0x68, 0x65, 0x6d, 0x65, 0x00, 0x50, 0x61,
	0x72, 0x74, 0x6e, 0x65, 0x72, 0x27, 0x73, 0x20,
	0x4c, 0x6f, 0x73, 0x73, 0x20, 0x54, 0x68, 0x65,
	0x6d, 0x65, 0x00, 0x00, 0x00, 0x00, 0x41, 0x72,
	0x65, 0x6e, 0x61, 0x20, 0x42, 0x61, 0x74, 0x74,
	0x6c, 0x65, 0x20, 0x54, 0x68, 0x65, 0x6d, 0x65,
	0x20, 0x4e, 0x6f, 0x2e, 0x20, 0x32, 0x00, 0x00,
	0x00, 0x00, 0x41, 0x72, 0x65, 0x6e, 0x61, 0x20,
	0x42, 0x61, 0x74, 0x74, 0x6c, 0x65, 0x20, 0x54,
	0x68, 0x65, 0x6d, 0x65, 0x20, 0x4e, 0x6f, 0x2e,
	0x20, 0x33, 0x00, 0x00, 0x00, 0x00, 0x45, 0x76,
	0x65, 0x6e, 0x74, 0x20, 0x42, 0x61, 0x74, 0x74,
	0x6c, 0x65, 0x20, 0x54, 0x68, 0x65, 0x6d, 0x65,
	0x00, 0x00, 0x4e, 0x6f, 0x72, 0x6d, 0x61, 0x6c,
	0x20, 0x42, 0x61, 0x74, 0x74, 0x6c, 0x65, 0x20,
	0x54, 0x68, 0x65, 0x6d, 0x65, 0x00, 0x4e, 0x6f,
	0x72, 0x6d, 0x61, 0x6c, 0x20, 0x42, 0x61, 0x74,
	0x74, 0x6c, 0x65, 0x20, 0x20, 0x54, 0x68, 0x65,
	0x6d, 0x65, 0x20, 0x4e, 0x6f, 0x2e, 0x32, 0x00,
	0x00, 0x00, 0x4c, 0x61, 0x73, 0x74, 0x20, 0x42,
	0x61, 0x74, 0x74, 0x6c, 0x65, 0x20, 0x54, 0x68,
	0x65, 0x6d, 0x65, 0x00, 0x00, 0x00, 0x00, 0x00,
	0x00, 0x00, 0x00, 0x00, 0x00, 0x00, 0x00, 0x00,
	0x00, 0x00, 0x00, 0x00, 0x00, 0x00, 0x00, 0x00,
	0x00, 0x00, 0x00, 0x00, 0x00, 0x00, 0x00, 0x00,
	0x00, 0x00, 0x00, 0x00, 0x00, 0x00, 0x00, 0x00,
	0x00, 0x00, 0x00, 0x00, 0x00, 0x00, 0x00, 0x00,
	0x00, 0x00, 0x00, 0x00, 0x00, 0x00, 0x00, 0x00,
	0x00, 0x00, 0x00, 0x00, 0x00, 0x00, 0x00, 0x00,
	0x00, 0x00, 0x00, 0x00, 0x00, 0x00, 0x00, 0x00,
	0x00, 0x00, 0x00, 0x00, 0x00, 0x00, 0x00, 0x00,
	0x00, 0x00, 0x00, 0x00, 0x00, 0x00, 0x00, 0x00,
	0x00, 0x00, 0x00, 0x00, 0x00, 0x00, 0x00, 0x00,
	0x00, 0x00, 0x00, 0x00, 0x00, 0x00, 0x00, 0x00,
	0x00, 0x00, 0x00, 0x00, 0x00, 0x00, 0x00, 0x00,
	0x00, 0x00, 0x00, 0x00, 0x00, 0x00, 0x00, 0x00,
	0x00, 0x00, 0x00, 0x00, 0x00, 0x00, 0x00, 0x00,
	0x00, 0x00, 0x00, 0x00, 0x00, 0x00, 0x00, 0x00,
	0x00, 0x00, 0x00, 0x00, 0x00, 0x00, 0x00, 0x00,
	0x00, 0x00, 0x00, 0x00, 0x00, 0x00, 0x00, 0x00,
	0x00, 0x00, 0x00, 0x00, 0x00, 0x00, 0x00, 0x00,
	0x00, 0x00, 0x00, 0x00, 0x00, 0x00, 0x00, 0x00,
	0x00, 0x00, 0x00, 0x00, 0x00, 0x00, 0x00, 0x00,
	0x00, 0x00, 0x00, 0x00, 0x00, 0x00, 0x00, 0x00,
	0x00, 0x00, 0x00, 0x00, 0x00, 0x00, 0x00, 0x00,
	0x00, 0x00, 0x00, 0x00, 0x00, 0x00, 0x00, 0x00,
	0x00, 0x00, 0x00, 0x00, 0x00, 0x00, 0x00, 0x00,
	0x00, 0x00, 0x00, 0x00, 0x00, 0x00, 0x00, 0x00,
	0x00, 0x00, 0x00, 0x00, 0x00, 0x00, 0x00, 0x00,
	0x00, 0x00, 0x00, 0x00, 0x00, 0x00, 0x00, 0x00,
	0x00, 0x00, 0x00, 0x00, 0x00, 0x00, 0x00, 0x00,
	0x00, 0x00, 0x00, 0x00, 0x00, 0x00, 0x00, 0x00,
	0x00, 0x00, 0x00, 0x00, 0x00, 0x00, 0x00, 0x00,
	0x00, 0x00, 0x88, 0x13, 0x00, 0x00, 0xdc, 0x05,
	0x00, 0x00, 0xf4, 0x01, 0x00, 0x00, 0x64, 0x00,
	0x00, 0x00, 0x32, 0x00, 0x00, 0x00, 0x00, 0x05,
	0x00, 0x00, 0x3b, 0x00, 0x64, 0x00, 0x3c, 0x00,
	0x64, 0x00, 0x3d, 0x00, 0x64, 0x00, 0x77, 0x00,
	0x64, 0x00, 0x42, 0x00,
};

int16_t DOOA_MODEL_CLUT[386] = {
	0x0064, 0x010c, 0x001e, 0x010d, 0x001e, 0x010e, 0x001e, 0x011a,
	0x001e, 0x011b, 0x001e, 0x011c, 0x001e, 0x0128, 0x001e, 0x0129,
	0x001e, 0x012a, 0x001e, 0x0136, 0x001e, 0x0137, 0x001e, 0x0138,
	0x001e, 0x016e, 0x001e, 0x0146, 0x001e, 0x0175, 0x001e, 0x0178,
	0x001e, 0x0179, 0x001e, 0x015c, 0x001e, 0x017a, 0x001e, 0x017e,
	0x001e, 0x0205, 0x000a, 0x0206, 0x000a, 0x0207, 0x000a, 0x0208,
	0x000a, 0x0209, 0x000a, 0x020a, 0x000a, 0x0213, 0x000a, 0x0214,
	0x000a, 0x0215, 0x000a, 0x0216, 0x000a, 0x0217, 0x000a, 0x0218,
	0x000a, 0x0221, 0x000a, 0x0222, 0x000a, 0x0223, 0x000a, 0x0224,
	0x000a, 0x0225, 0x000a, 0x0226, 0x000a, 0x022f, 0x000a, 0x0230,
	0x000a, 0x0231, 0x000a, 0x0232, 0x000a, 0x0233, 0x000a, 0x0234,
	0x000a, 0x023a, 0x000a, 0x0339, 0x0005, 0x036d, 0x0005, 0x036f,
	0x0005, 0x0343, 0x0005, 0x0344, 0x0005, 0x0345, 0x0005, 0x0354,
	0x0005, 0x037f, 0x0005, 0x034c, 0x0005, 0x0350, 0x0005, 0x040b,
	0x0001, 0x0419, 0x0001, 0x0427, 0x0001, 0x0435, 0x0001, 0x0500,
	0x0000, 0x6556, 0x7372, 0x6f69, 0x206e, 0x2031, 0x7543, 0x0070,
	0x0000, 0x6556, 0x7372, 0x6f69, 0x206e, 0x2032, 0x7543, 0x0070,
	0x0000, 0x6556, 0x7372, 0x6f69, 0x206e, 0x2033, 0x7543, 0x0070,
	0x0000, 0x6556, 0x7372, 0x6f69, 0x206e, 0x2034, 0x7543, 0x0070,
	0x0000, 0x6556, 0x7372, 0x6f69, 0x206e, 0x2030, 0x7543, 0x0070,
	0x0000, 0x6946, 0x6572, 0x4320, 0x7075, 0x0000, 0x0000, 0x7247,
	0x7061, 0x6c70, 0x2065, 0x7543, 0x0070, 0x6854, 0x6e75, 0x6564,
	0x2072, 0x6957, 0x646e, 0x4320, 0x7075, 0x0000, 0x0000, 0x6f43,
	0x6c6f, 0x4320, 0x7075, 0x0000, 0x0000, 0x614e, 0x7574, 0x6572,
	0x4320, 0x7075, 0x0000, 0x654d, 0x6174, 0x696c, 0x2063, 0x7543,
	0x0070, 0x6946, 0x746c, 0x2068, 0x7543, 0x0070, 0x0000, 0x6944,
	0x6f6e, 0x4320, 0x7075, 0x0000, 0x0000, 0x6957, 0x676e, 0x4320,
	0x7075, 0x0000, 0x0000, 0x6e41, 0x6d69, 0x6c61, 0x4320, 0x7075,
	0x0000, 0x7548, 0x616d, 0x206e, 0x7543, 0x0070, 0x0000, 0x6542,
	0x7465, 0x656c, 0x4320, 0x7075, 0x0000, 0x0000, 0x0000, 0x0000,
	0x0000, 0x0000, 0x0000, 0x0000, 0x0000, 0x0000, 0x0000, 0x0000,
	0x0000, 0x0000, 0x0000, 0x0000, 0x0000, 0x0000, 0x0000, 0x0000,
	0x0000, 0x0000, 0x0000, 0x0000, 0x0000, 0x0000, 0x0000, 0x0000,
	0x0000, 0x0000, 0x0000, 0x0000, 0x0000, 0x0000, 0x0000, 0x0000,
	0x0000, 0x0000, 0x0000, 0x0000, 0x0000, 0x0000, 0x0000, 0x0000,
	0x0000, 0x0000, 0x0000, 0x0000, 0x0000, 0x0000, 0x0000, 0x0000,
	0x0000, 0x0000, 0x0000, 0x0000, 0x0000, 0x0000, 0x0000, 0x0000,
	0x0000, 0x0000, 0x0000, 0x0000, 0x0000, 0x0000, 0x0000, 0x0000,
	0x0000, 0x0000, 0x0000, 0x0000, 0x0000, 0x0000, 0x0000, 0x0000,
	0x0000, 0x0000, 0x0000, 0x0000, 0x0000, 0x0000, 0x0000, 0x0000,
	0x0000, 0x0000, 0x0000, 0x0000, 0x0000, 0x0000, 0x0000, 0x0000,
	0x0000, 0x0100, 0x0302, 0xff12, 0x0100, 0x0b02, 0xffff, 0x0100,
	0x0603, 0xffff, 0x0100, 0x0c02, 0xffff, 0x0200, 0x0703, 0xffff,
	0x0d01, 0xffff, 0xffff, 0x0100, 0x0302, 0x0804, 0x0100, 0x0f02,
	0xffff, 0x0100, 0x0903, 0xffff, 0x0200, 0xff13, 0xffff, 0x0100,
	0x0302, 0xff0e, 0x0a01, 0xffff, 0xffff, 0x0100, 0x0302, 0xff10,
	0x0100, 0x0402, 0xff11, 0x0300, 0xffff, 0xffff, 0x0100, 0x0b02,
	0xffff, 0x0100, 0x0302, 0xff06, 0x0c01, 0xffff, 0xffff, 0x0100,
	0x0302, 0xff07,
};

int16_t DOOA_SHARD_CLUT[1154] = {
	0x0200, 0xff14, 0xffff, 0x0100, 0x0403, 0xff0d, 0x0100, 0x0802,
	0xffff, 0x0100, 0x0302, 0xff0f, 0x0901, 0xffff, 0xffff, 0x0200,
	0x1503, 0xffff, 0x0100, 0x0e02, 0xffff, 0x0100, 0x0a03, 0xffff,
	0x0100, 0x0402, 0xff10, 0x0100, 0x0302, 0xff11, 0xffff, 0xffff,
	0xffff, 0x0926, 0x00dd, 0x03e8, 0x0000, 0x0946, 0x00be, 0x03e8,
	0x0000, 0x094f, 0x00bc, 0x05dc, 0x0000, 0x095d, 0x015f, 0x07d0,
	0x0000, 0x0977, 0x0093, 0x09c4, 0x0000, 0x0069, 0x00d2, 0x09c4,
	0x0000, 0x0000, 0x5000, 0x0000, 0x0000, 0x0020, 0x0020, 0x000a,
	0x0080, 0x0000, 0x01e6, 0x8080, 0x0080, 0x0010, 0x0010, 0x1000,
	0x1000, 0x0000, 0x0000, 0xffc9, 0xff9e, 0x00be, 0x0081, 0xffb9,
	0xff9e, 0x00de, 0x0081, 0xffb9, 0xff9e, 0x00de, 0x0081, 0xffc9,
	0xff9e, 0x00be, 0x0081, 0xffb9, 0xff9e, 0x00de, 0x0081, 0xffdc,
	0xff9e, 0x00a6, 0x0081, 0xffdc, 0xff9e, 0x00a6, 0x0081, 0xffc9,
	0xff9e, 0x00be, 0x0081, 0x0005, 0x0011, 0x00aa, 0x0012, 0x0005,
	0x0011, 0x00ca, 0x0012, 0x0005, 0x0011, 0x00ca, 0x0012, 0x0005,
	0x0011, 0x00aa, 0x0012, 0x0005, 0x0011, 0x00ca, 0x0012, 0x0005,
	0x0011, 0x0092, 0x0012, 0x0005, 0x0011, 0x0092, 0x0012, 0x0005,
	0x0011, 0x00aa, 0x0012, 0x00aa, 0x00ca, 0x00ca, 0x00aa, 0x00ca,
	0x0092, 0x0092, 0x00aa, 0x001a, 0x0007, 0x0008, 0x004a, 0x001b,
	0x0005, 0x0059, 0x002b, 0x0002, 0x0040, 0x0041, 0x0006, 0x0016,
	0x002b, 0x0001, 0x0000, 0x0000, 0x0000, 0x0004, 0x0002, 0x0060,
	0x0000, 0x000c, 0x000e, 0x0012, 0x0024, 0x0024, 0x000c, 0x0044,
	0x0012, 0x0024, 0x0000, 0x0200, 0x01a2, 0x0014, 0x0007, 0x0214,
	0x01a2, 0x0014, 0x0007, 0x0250, 0x01b0, 0x0014, 0x0007, 0x0264,
	0x01b0, 0x0016, 0x0007, 0x0228, 0x01a2, 0x000c, 0x0007, 0x0234,
	0x01a2, 0x0014, 0x0007, 0x0238, 0x01b0, 0x0014, 0x0007, 0x9997,
	0xa5a3, 0x8982, 0xaa87, 0x8076, 0x00ff, 0x0000, 0x0000, 0x00d0,
	0x00df, 0x0083, 0x0000, 0x1700, 0x0000, 0x7247, 0x6461, 0x2065,
	0x0044, 0x7247, 0x6461, 0x2065, 0x0043, 0x7247, 0x6461, 0x2065,
	0x0042, 0x7247, 0x6461, 0x2065, 0x0041, 0x7247, 0x6461, 0x2065,
	0x0053, 0x7247, 0x6461, 0x2065, 0x0052, 0x0044, 0x0000, 0x0043,
	0x0000, 0x0042, 0x0000, 0x0041, 0x0000, 0x0053, 0x0000, 0x0052,
	0x0000, 0x3156, 0x0000, 0x3256, 0x0000, 0x3356, 0x0000, 0x3456,
	0x0000, 0x3056, 0x0000, 0x5246, 0x0000, 0x5047, 0x0000, 0x5754,
	0x0000, 0x4f43, 0x0000, 0x544e, 0x0000, 0x544d, 0x0000, 0x5444,
	0x0000, 0x5944, 0x0000, 0x4957, 0x0000, 0x4e41, 0x0000, 0x5548,
	0x0000, 0x5442, 0x0000, 0x01b7, 0x0031, 0x0002, 0xffff, 0x8800,
	0x8008, 0x0201, 0x100f, 0x1e1d, 0x2c2b, 0x0000, 0x0000, 0x0760,
	0x0000, 0x4102, 0x0000, 0x075c, 0x0000, 0x4002, 0x0000, 0x0758,
	0x0000, 0x3f02, 0x0000, 0x0754, 0x0000, 0x3e02, 0x0000, 0x0750,
	0x0000, 0x3d02, 0x0000, 0x074c, 0x0000, 0x3c02, 0x0000, 0x0748,
	0x0000, 0x3b02, 0x0000, 0x0744, 0x0000, 0x3a02, 0x0000, 0x0740,
	0x0000, 0x3902, 0x0000, 0x073c, 0x0000, 0x3802, 0x0000, 0x0738,
	0x0000, 0x3702, 0x0000, 0x0734, 0x0000, 0x3602, 0x0000, 0x0730,
	0x0000, 0x3502, 0x0000, 0x072c, 0x0000, 0x3402, 0x0000, 0x0728,
	0x0000, 0x3302, 0x0000, 0x0724, 0x0000, 0x3202, 0x0000, 0x0720,
	0x0000, 0x3102, 0x0000, 0x071c, 0x0000, 0x0802, 0x0000, 0x0718,
	0x0000, 0x3002, 0x0000, 0x0714, 0x0000, 0x2f02, 0x0000, 0x0710,
	0x0000, 0x2e02, 0x0000, 0x070c, 0x0000, 0x2d02, 0x0000, 0x0708,
	0x0000, 0x2c02, 0x0000, 0x0704, 0x0000, 0x2b02, 0x0000, 0x0700,
	0x0000, 0x2a02, 0x0000, 0x06fc, 0x0000, 0x2902, 0x0000, 0x06f8,
	0x0000, 0x2802, 0x0000, 0x06f4, 0x0000, 0x2702, 0x0000, 0x06f0,
	0x0000, 0x2602, 0x0000, 0x06ec, 0x0000, 0x2502, 0x0000, 0x06e8,
	0x0000, 0x2402, 0x0000, 0x06e4, 0x0000, 0x2302, 0x0000, 0x06e0,
	0x0000, 0x2202, 0x0000, 0x06dc, 0x0000, 0x2102, 0x0000, 0x06d8,
	0x0000, 0x2002, 0x0000, 0x06d4, 0x0000, 0x1f02, 0x0000, 0x06d0,
	0x0000, 0x1e02, 0x0000, 0x06cc, 0x0000, 0x1d02, 0x0000, 0x06c8,
	0x0000, 0x1c02, 0x0000, 0x06c4, 0x0000, 0x1b02, 0x0000, 0x06c0,
	0x0000, 0x1a02, 0x0000, 0x06bc, 0x0000, 0x1902, 0x0000, 0x06b8,
	0x0000, 0x1802, 0x0000, 0x06b4, 0x0000, 0x1702, 0x0000, 0x06b0,
	0x0000, 0x1602, 0x0000, 0x06ac, 0x0000, 0x1502, 0x0000, 0x06a8,
	0x0000, 0x1402, 0x0000, 0x06a4, 0x0000, 0x1302, 0x0000, 0x06a0,
	0x0000, 0x1202, 0x0000, 0x069c, 0x0000, 0x1102, 0x0000, 0x0698,
	0x0000, 0x1002, 0x0000, 0x0694, 0x0000, 0x0f02, 0x0000, 0x0690,
	0x0000, 0x0e02, 0x0000, 0x068c, 0x0000, 0x0d02, 0x0000, 0x0688,
	0x0000, 0x0c02, 0x0000, 0x0684, 0x0000, 0x0b02, 0x0000, 0x0680,
	0x0000, 0x0a02, 0x0000, 0x067c, 0x0000, 0x0902, 0x0000, 0x0678,
	0x0000, 0x0802, 0x0000, 0x0674, 0x0000, 0x0702, 0x0000, 0x0670,
	0x0000, 0x0602, 0x0000, 0x066c, 0x0000, 0x0502, 0x0000, 0x0668,
	0x0000, 0x0402, 0x0000, 0x09c0, 0x0000, 0x5802, 0x0000, 0x09bc,
	0x0000, 0x5702, 0x0000, 0x09b8, 0x0000, 0x5602, 0x0000, 0x09b4,
	0x0000, 0x5502, 0x0000, 0x09b0, 0x0000, 0x5402, 0x0000, 0x09ac,
	0x0000, 0x5302, 0x0000, 0x09a8, 0x0000, 0x5202, 0x0000, 0x09a4,
	0x0000, 0x5102, 0x0000, 0x09a0, 0x0000, 0x5002, 0x0000, 0x099c,
	0x0000, 0x4f02, 0x0000, 0x0998, 0x0000, 0x4e02, 0x0000, 0x0994,
	0x0000, 0x4d02, 0x0000, 0x0990, 0x0000, 0x4c02, 0x0000, 0x098c,
	0x0000, 0x4b02, 0x0000, 0x0988, 0x0000, 0x4a02, 0x0000, 0x0984,
	0x0000, 0x4902, 0x0000, 0x0980, 0x0000, 0x4802, 0x0000, 0x097c,
	0x0000, 0x4702, 0x0000, 0x0978, 0x0000, 0x4602, 0x0000, 0x0974,
	0x0000, 0x4502, 0x0000, 0x0970, 0x0000, 0x4402, 0x0000, 0x096c,
	0x0000, 0x4302, 0x0000, 0x0968, 0x0000, 0x4202, 0x0000, 0x0a1c,
	0x0000, 0x6f02, 0x0000, 0x0a18, 0x0000, 0x6e02, 0x0000, 0x0a14,
	0x0000, 0x6d02, 0x0000, 0x0a10, 0x0000, 0x6c02, 0x0000, 0x0a0c,
	0x0000, 0x6b02, 0x0000, 0x0a08, 0x0000, 0x6a02, 0x0000, 0x0a04,
	0x0000, 0x6902, 0x0000, 0x0a00, 0x0000, 0x6802, 0x0000, 0x09fc,
	0x0000, 0x6702, 0x0000, 0x09f8, 0x0000, 0x6602, 0x0000, 0x09f4,
	0x0000, 0x6502, 0x0000, 0x09f0, 0x0000, 0x6402, 0x0000, 0x09ec,
	0x0000, 0x6302, 0x0000, 0x09e8, 0x0000, 0x6202, 0x0000, 0x09e4,
	0x0000, 0x6102, 0x0000, 0x09e0, 0x0000, 0x6002, 0x0000, 0x09dc,
	0x0000, 0x5f02, 0x0000, 0x09d8, 0x0000, 0x5e02, 0x0000, 0x09d4,
	0x0000, 0x5d02, 0x0000, 0x09d0, 0x0000, 0x5c02, 0x0000, 0x09cc,
	0x0000, 0x5b02, 0x0000, 0x09c8, 0x0000, 0x5a02, 0x0000, 0x09c4,
	0x0000, 0x5902, 0x0000, 0x0000, 0x0000, 0x0000, 0x0000, 0x0004,
	0x0000, 0xa207, 0x0000, 0x0008, 0x0000, 0xa107, 0x0000, 0x000c,
	0x0000, 0xa007, 0x0000, 0x0014, 0x0000, 0x9f07, 0x0000, 0x0018,
	0x0000, 0xa507, 0x0000, 0x001c, 0x0000, 0xa107, 0x0000, 0x002c,
	0x0000, 0xa107, 0x0000, 0x0030, 0x0000, 0xa007, 0x0000, 0x0044,
	0x0000, 0x9f07, 0x0000, 0x0050, 0x0000, 0xa407, 0x0000, 0x0064,
	0x0000, 0x9f07, 0x0000, 0x007c, 0x0000, 0x9f07, 0x0000, 0x0090,
	0x0000, 0x9f07, 0x0000, 0x00a0, 0x0000, 0x9f07, 0x0000, 0x00a4,
	0x0000, 0xa107, 0x0000, 0x00a8, 0x0000, 0x9f07, 0x0000, 0x00b0,
	0x0000, 0xa107, 0x0000, 0x00b8, 0x0000, 0xa107, 0x0000, 0x00cc,
	0x0000, 0xa207, 0x0000, 0x00d0, 0x0000, 0xa207, 0x0000, 0x00ec,
	0x0000, 0xa107, 0x0000, 0x00f8, 0x0000, 0xa107, 0x0000, 0x0110,
	0x0000, 0xa807, 0x0000, 0x0114, 0x0000, 0xa807, 0x0000, 0x0124,
	0x0000, 0xa507, 0x0000, 0x0140, 0x0000, 0xa807, 0x0000, 0x0154,
	0x0000, 0xa007, 0x0000, 0x016c, 0x0000, 0xac05, 0x0000, 0x0170,
	0x0000, 0xac06, 0x0000, 0x017c, 0x0000, 0xaf04, 0x0000, 0x0194,
	0x0000, 0xac05, 0x0000, 0x0198, 0x0000, 0xac06, 0x0000, 0x01fc,
	0x0000, 0xb004, 0x0000, 0x020c, 0x0000, 0xb104, 0x0000, 0x022c,
	0x0000, 0xac05, 0x0000, 0x0230, 0x0000, 0xac06, 0x0000, 0x0268,
	0x0000, 0xb204, 0x0000, 0x0278, 0x0000, 0xac05, 0x0000, 0x027c,
	0x0000, 0xac06, 0x0000, 0x0288, 0x0000, 0xb304, 0x0000, 0x02a0,
	0x0000, 0xac05, 0x0000, 0x02a4, 0x0000, 0xac06, 0x0000, 0x02b0,
	0x0000, 0xad07, 0x0000, 0x02d0, 0x0000, 0xad07, 0x0000, 0x02f8,
	0x0000, 0xac05, 0x0000, 0x02fc, 0x0000, 0xac06, 0x0000, 0x0308,
	0x0000, 0xb404, 0x0000, 0x0324, 0x0000, 0xb104, 0x0000, 0x0354,
	0x0000, 0x9105, 0x0000, 0x0358, 0x0000, 0x9106, 0x0000, 0x03a8,
	0x0000, 0xad07, 0x0000, 0x03d8, 0x0000, 0xb204, 0x0000, 0x0444,
	0x0000, 0xb604, 0x0000, 0x0464, 0x0000, 0xb004, 0x0000, 0x047c,
	0x0000, 0xb604, 0x0000, 0x049c, 0x0000, 0xb004, 0x0000, 0x04bc,
	0x0000, 0x7307, 0x0000, 0x04e0, 0x0000, 0xb705, 0x0000, 0x04e4,
	0x0000, 0xb706, 0x0000, 0x0544, 0x0000, 0xb604, 0x0000, 0x0550,
	0x0000, 0xbc07, 0x0000, 0x0564, 0x0000, 0x7405, 0x0000, 0x0568,
	0x0000, 0x7406, 0x0000, 0x059c, 0x0000, 0x9a07, 0x0000, 0x05a4,
	0x0000, 0xc104, 0x0000, 0x05c4, 0x0000, 0xac05, 0x0000, 0x05c8,
	0x0000, 0xac06, 0x0000, 0x05cc, 0x0000, 0x9b07, 0x0000, 0x05d4,
	0x0000, 0xc104, 0x0000, 0x05dc, 0x0000, 0xbf07, 0x0000, 0x05f0,
	0x0000, 0xc204, 0x0000, 0x0620, 0x0000, 0xbd07, 0x0000, 0x062c,
	0x0000, 0xc304, 0x0000, 0x063c, 0x0000, 0xbc07, 0x0000, 0x0640,
	0x0000, 0xbb07, 0x0000, 0x0648, 0x0000, 0xba07, 0x0000, 0x0654,
	0x0000, 0xc304, 0x0000, 0x0664, 0x0000, 0xbc07, 0x0000, 0x0668,
	0x0000, 0xbb07, 0x0000, 0x0670, 0x0000, 0xba07, 0x0000, 0x0674,
	0x0000, 0xc404, 0x0000, 0x0678, 0x0000, 0x9b07, 0x0000, 0x067c,
	0x0000, 0xc404, 0x0000, 0x0680, 0x0000, 0x9a07, 0x0000, 0x0688,
	0x0000, 0xc007, 0x0000, 0x068c, 0x0000, 0xc504, 0x0000, 0x06a0,
	0x0000, 0xc604, 0x0000, 0x06a4, 0x0000, 0xbf07, 0x0000, 0x06ac,
	0x0000, 0xbc07, 0x0000, 0x06b4, 0x0000, 0xbb07, 0x0000, 0x06c0,
	0x0000, 0xba07, 0x0000, 0x06c4, 0x0000, 0xab04, 0x0000, 0x06cc,
	0x0000, 0xbe07, 0x0000, 0x06d0, 0x0000, 0x7504, 0x0000, 0x06d8,
	0x0000, 0xc704, 0x0000, 0x06e8, 0x0000, 0xc304, 0x0000, 0x06f4,
	0x0000, 0xbc07, 0x0000, 0x0700, 0x0000, 0xba07, 0x0000, 0x0704,
	0x0000, 0xab04, 0x0000, 0x0710, 0x0000, 0xbe07, 0x0000, 0x0714,
	0x0000, 0x7604, 0x0000, 0x071c, 0x0000, 0xc704, 0x0000, 0x072c,
	0x0000, 0xc304,
};

GsRVIEW2 DOOA_SAVED_VIEW = {
	0x07380000, 0xbc070000, 0x07440000,
	0xba070000, 0x07480000, 0xc8040000,
	0x07500000,
	(GsCOORDINATE2 *)0xbd070000,
};

VECTOR DOOA_PARTNER_POSITION = {
	0x07680000, 0xc3040000, 0x077c0000, 0xc3040000,
};

int16_t DOOA_SCENE_CLUT[1794] = {
	0x0000, 0x078c, 0x0000, 0xbc07, 0x0000, 0x0790, 0x0000, 0xbb07,
	0x0000, 0x0798, 0x0000, 0xba07, 0x0000, 0x079c, 0x0000, 0xab04,
	0x0000, 0x07a4, 0x0000, 0xc804, 0x0000, 0x07ac, 0x0000, 0xbe07,
	0x0000, 0x07bc, 0x0000, 0xb804, 0x0000, 0x07d4, 0x0000, 0xc304,
	0x0000, 0x07ec, 0x0000, 0xc304, 0x0000, 0x07fc, 0x0000, 0xbb07,
	0x0000, 0x0804, 0x0000, 0xbc07, 0x0000, 0x0808, 0x0000, 0xba07,
	0x0000, 0x0810, 0x0000, 0xbd07, 0x0000, 0x0814, 0x0000, 0xab04,
	0x0000, 0x081c, 0x0000, 0xc804, 0x0000, 0x082c, 0x0000, 0xc304,
	0x0000, 0x083c, 0x0000, 0xbc07, 0x0000, 0x0848, 0x0000, 0xbc07,
	0x0000, 0x084c, 0x0000, 0xbb07, 0x0000, 0x0850, 0x0000, 0xba07,
	0x0000, 0x0890, 0x0000, 0xac05, 0x0000, 0x089c, 0x0000, 0xac06,
	0x0000, 0x0894, 0x0000, 0x9a07, 0x0000, 0x08b8, 0x0000, 0xac05,
	0x0000, 0x08bc, 0x0000, 0xac06, 0x0000, 0x0900, 0x0000, 0xc204,
	0x0000, 0x0910, 0x0000, 0x9a07, 0x0000, 0x0934, 0x0000, 0xca05,
	0x0000, 0x0938, 0x0000, 0xca06, 0x0000, 0x0944, 0x0000, 0xc907,
	0x0000, 0x0978, 0x0000, 0xac05, 0x0000, 0x097c, 0x0000, 0xac06,
	0x0000, 0x0994, 0x0000, 0xac05, 0x0000, 0x0998, 0x0000, 0xac06,
	0x0000, 0x09f0, 0x0000, 0xac05, 0x0000, 0x09f4, 0x0000, 0xac06,
	0x0000, 0x0a0c, 0x0000, 0xac05, 0x0000, 0x0a10, 0x0000, 0xac06,
	0x0000, 0x0aa4, 0x0000, 0x9b07, 0x0000, 0x0abc, 0x0000, 0xac05,
	0x0000, 0x0ac0, 0x0000, 0xac06, 0x0000, 0x0ad0, 0x0000, 0xac05,
	0x0000, 0x0ad4, 0x0000, 0xac06, 0x0000, 0x0ae8, 0x0000, 0xca05,
	0x0000, 0x0af0, 0x0000, 0xca06, 0x0000, 0x0b1c, 0x0000, 0x9b07,
	0x0000, 0x0b4c, 0x0000, 0xac05, 0x0000, 0x0b50, 0x0000, 0xac06,
	0x0000, 0x0b6c, 0x0000, 0xbc07, 0x0000, 0x0b80, 0x0000, 0x7705,
	0x0000, 0x0b84, 0x0000, 0x7706, 0x0000, 0x0bb8, 0x0000, 0xac05,
	0x0000, 0x0bbc, 0x0000, 0xac06, 0x0000, 0x0bc0, 0x0000, 0x9b07,
	0x0000, 0x0bc8, 0x0000, 0xc104, 0x0000, 0x0bd0, 0x0000, 0x7604,
	0x0000, 0x0be4, 0x0000, 0xbc07, 0x0000, 0x0bec, 0x0000, 0xba07,
	0x0000, 0x0bf0, 0x0000, 0xcc04, 0x0000, 0x0bfc, 0x0000, 0xb004,
	0x0000, 0x0c08, 0x0000, 0xbc07, 0x0000, 0x0c10, 0x0000, 0xba07,
	0x0000, 0x0c14, 0x0000, 0xc404, 0x0000, 0x0c18, 0x0000, 0x9b07,
	0x0000, 0x0c20, 0x0000, 0xc007, 0x0000, 0x0c24, 0x0000, 0xab04,
	0x0000, 0x0c30, 0x0000, 0xbe07, 0x0000, 0x0c34, 0x0000, 0xc704,
	0x0000, 0x0c44, 0x0000, 0xbc07, 0x0000, 0x0c48, 0x0000, 0xab04,
	0x0000, 0x0c50, 0x0000, 0xc804, 0x0000, 0x0c5c, 0x0000, 0xbc07,
	0x0000, 0x0c74, 0x0000, 0xbe07, 0x0000, 0x0ca0, 0x0000, 0xb604,
	0x0000, 0x0cac, 0x0000, 0xce04, 0x0000, 0x0cb4, 0x0000, 0xcf04,
	0x0000, 0x0cbc, 0x0000, 0xbe07, 0x0000, 0x0cc4, 0x0000, 0x9c05,
	0x0000, 0x0ccc, 0x0000, 0x9c06, 0x0000, 0x0d04, 0x0000, 0x7905,
	0x0000, 0x0d08, 0x0000, 0x7906, 0x0000, 0x0d10, 0x0000, 0x7805,
	0x0000, 0x0d14, 0x0000, 0x7806, 0x0000, 0x0d1c, 0x0000, 0xd004,
	0x0000, 0x0d34, 0x0000, 0xd104, 0x0000, 0x0d44, 0x0000, 0xd204,
	0x0000, 0x0d54, 0x0000, 0xd304, 0x0000, 0x0d5c, 0x0000, 0xcd07,
	0x0000, 0x0d7c, 0x0000, 0xcf04, 0x0000, 0x0d88, 0x0000, 0xd504,
	0x0000, 0x0d98, 0x0000, 0xd405, 0x0000, 0x0d9c, 0x0000, 0xd406,
	0x0000, 0x0dac, 0x0000, 0xd405, 0x0000, 0x0db0, 0x0000, 0xd406,
	0x0000, 0x0dc0, 0x0000, 0xaa04, 0x0000, 0x0dd0, 0x0000, 0xcd07,
	0x0000, 0x0de0, 0x0000, 0xbc07, 0x0000, 0x0df0, 0x0000, 0xa704,
	0x0000, 0x0e00, 0x0000, 0xbe07, 0x0000, 0x0e10, 0x0000, 0x9d05,
	0x0000, 0x0e14, 0x0000, 0x9d06, 0x0000, 0x0e58, 0x0000, 0xd604,
	0x0000, 0x0e68, 0x0000, 0x7a04, 0x0000, 0x0e78, 0x0000, 0xd704,
	0x0000, 0x0e88, 0x0000, 0xa704, 0x0000, 0x0e98, 0x0000, 0xbe07,
	0x0000, 0x0eb0, 0x0000, 0xbc07, 0x0000, 0x0ec0, 0x0000, 0xc204,
	0x0000, 0x0ed4, 0x0000, 0xb004, 0x0000, 0x0edc, 0x0000, 0xd804,
	0x0000, 0x0eec, 0x0000, 0xbc07, 0x0000, 0x0ef4, 0x0000, 0xbc07,
	0x0000, 0x0efc, 0x0000, 0xd904, 0x0000, 0x0f0c, 0x0000, 0xa704,
	0x0000, 0x0f1c, 0x0000, 0xa507, 0x0000, 0x0f38, 0x0000, 0xda04,
	0x0000, 0x0f48, 0x0000, 0xdb04, 0x0000, 0x0f58, 0x0000, 0xa704,
	0x0000, 0x0f68, 0x0000, 0xa507, 0x0000, 0x0f84, 0x0000, 0xdc04,
	0x0000, 0x0f94, 0x0000, 0xdd04, 0x0000, 0x0fa4, 0x0000, 0xa704,
	0x0000, 0x0fb4, 0x0000, 0xbe07, 0x0000, 0x0fc0, 0x0000, 0x9d05,
	0x0000, 0x0fc4, 0x0000, 0x9d06, 0x0000, 0x0ffc, 0x0000, 0xde04,
	0x0000, 0x1008, 0x0000, 0xd904, 0x0000, 0x1030, 0x0000, 0xd405,
	0x0000, 0x1038, 0x0000, 0xd406, 0x0000, 0x1040, 0x0000, 0xd405,
	0x0000, 0x104c, 0x0000, 0xd406, 0x0000, 0x1074, 0x0000, 0xdf04,
	0x0000, 0x107c, 0x0000, 0xbe07, 0x0000, 0x10b0, 0x0000, 0xdf04,
	0x0000, 0x10b8, 0x0000, 0xbe07, 0x0000, 0x10e0, 0x0000, 0xdf04,
	0x0000, 0x1108, 0x0000, 0xdf04, 0x0000, 0x1130, 0x0000, 0xdf04,
	0x0000, 0x1138, 0x0000, 0xcf04, 0x0000, 0x1144, 0x0000, 0xe004,
	0x0000, 0x1174, 0x0000, 0xbe07, 0x0000, 0x1180, 0x0000, 0x9e05,
	0x0000, 0x1184, 0x0000, 0x9e06, 0x0000, 0x1190, 0x0000, 0xe104,
	0x0000, 0x11cc, 0x0000, 0xe204, 0x0000, 0x11f8, 0x0000, 0xcf04,
	0x0000, 0x1228, 0x0000, 0xe307, 0x0000, 0x122c, 0x0000, 0xe307,
	0x0000, 0x1258, 0x0000, 0xca05, 0x0000, 0x1260, 0x0000, 0xca06,
	0x0000, 0x1270, 0x0000, 0xcd07, 0x0000, 0x1278, 0x0000, 0xbc07,
	0x0000, 0x127c, 0x0000, 0xba07, 0x0000, 0x1280, 0x0000, 0xd904,
	0x0000, 0x1294, 0x0000, 0xd904, 0x0000, 0x1300, 0x0000, 0xe804,
	0x0000, 0x1314, 0x0000, 0xd405, 0x0000, 0x1318, 0x0000, 0xd406,
	0x0000, 0x1328, 0x0000, 0xd405, 0x0000, 0x132c, 0x0000, 0xd406,
	0x0000, 0x1394, 0x0000, 0x7c05, 0x0000, 0x1398, 0x0000, 0x7c06,
	0x0000, 0x13a0, 0x0000, 0x7b05, 0x0000, 0x13a4, 0x0000, 0x7b06,
	0x0000, 0x13b0, 0x0000, 0xd004, 0x0000, 0x13bc, 0x0000, 0xe707,
	0x0000, 0x13c8, 0x0000, 0xd104, 0x0000, 0x13d0, 0x0000, 0xe707,
	0x0000, 0x13d4, 0x0000, 0xe607, 0x0000, 0x13e0, 0x0000, 0xe505,
	0x0000, 0x13e8, 0x0000, 0xe506, 0x0000, 0x13f8, 0x0000, 0xe904,
	0x0000, 0x1400, 0x0000, 0xe505, 0x0000, 0x1404, 0x0000, 0xe506,
	0x0000, 0x1410, 0x0000, 0xea04, 0x0000, 0x1430, 0x0000, 0xe405,
	0x0000, 0x1434, 0x0000, 0xe406, 0x0000, 0x1438, 0x0000, 0xe405,
	0x0000, 0x143c, 0x0000, 0xe406, 0x0000, 0x1448, 0x0000, 0xe405,
	0x0000, 0x144c, 0x0000, 0xe406, 0x0000, 0x146c, 0x0000, 0xd405,
	0x0000, 0x1470, 0x0000, 0xd406, 0x0000, 0x1484, 0x0000, 0xaa04,
	0x0000, 0x1494, 0x0000, 0xa704, 0x0000, 0x14a4, 0x0000, 0xc804,
	0x0000, 0x14b0, 0x0000, 0xd904, 0x0000, 0x14dc, 0x0000, 0xe405,
	0x0000, 0x14e0, 0x0000, 0xe406, 0x0000, 0x1510, 0x0000, 0xd405,
	0x0000, 0x1514, 0x0000, 0xd406, 0x0000, 0x1520, 0x0000, 0xd405,
	0x0000, 0x1524, 0x0000, 0xd406, 0x0000, 0x1538, 0x0000, 0xeb04,
	0x0000, 0x1560, 0x0000, 0xcf04, 0x0000, 0x1594, 0x0000, 0xe307,
	0x0000, 0x1598, 0x0000, 0xe307, 0x0000, 0x15b8, 0x0000, 0xbe07,
	0x0000, 0x15cc, 0x0000, 0xca05, 0x0000, 0x15d4, 0x0000, 0xca06,
	0x0000, 0x15e8, 0x0000, 0xef07, 0x0000, 0x15f8, 0x0000, 0xef07,
	0x0000, 0x1604, 0x0000, 0xef07, 0x0000, 0x1610, 0x0000, 0xee07,
	0x0000, 0x162c, 0x0000, 0xee07, 0x0000, 0x1640, 0x0000, 0xee07,
	0x0000, 0x1644, 0x0000, 0xf004, 0x0000, 0x1658, 0x0000, 0xee07,
	0x0000, 0x166c, 0x0000, 0xee07, 0x0000, 0x1670, 0x0000, 0xef07,
	0x0000, 0x1674, 0x0000, 0xee07, 0x0000, 0x1680, 0x0000, 0xc907,
	0x0000, 0x16a0, 0x0000, 0xee07, 0x0000, 0x16a4, 0x0000, 0x9405,
	0x0000, 0x16ac, 0x0000, 0x9406, 0x0000, 0x16c0, 0x0000, 0x9305,
	0x0000, 0x16c4, 0x0000, 0x9306, 0x0000, 0x16d8, 0x0000, 0xef07,
	0x0000, 0x16dc, 0x0000, 0xee07, 0x0000, 0x16e4, 0x0000, 0xed07,
	0x0000, 0x16e8, 0x0000, 0xec07, 0x0000, 0x16ec, 0x0000, 0xe804,
	0x0000, 0x16f4, 0x0000, 0xd405, 0x0000, 0x16f8, 0x0000, 0xd406,
	0x0000, 0x1700, 0x0000, 0xd405, 0x0000, 0x1704, 0x0000, 0xd406,
	0x0000, 0x1760, 0x0000, 0x7e05, 0x0000, 0x1764, 0x0000, 0x7e06,
	0x0000, 0x176c, 0x0000, 0x7d05, 0x0000, 0x1770, 0x0000, 0x7d06,
	0x0000, 0x177c, 0x0000, 0xd004, 0x0000, 0x1788, 0x0000, 0xe707,
	0x0000, 0x1794, 0x0000, 0xd104, 0x0000, 0x179c, 0x0000, 0x7f04,
	0x0000, 0x17a8, 0x0000, 0xd904, 0x0000, 0x17bc, 0x0000, 0xd904,
	0x0000, 0x17dc, 0x0000, 0xd405, 0x0000, 0x17e0, 0x0000, 0xd406,
	0x0000, 0x17f4, 0x0000, 0xaa04, 0x0000, 0x1804, 0x0000, 0xed07,
	0x0000, 0x1808, 0x0000, 0xee07, 0x0000, 0x1818, 0x0000, 0xa704,
	0x0000, 0x1828, 0x0000, 0xa507, 0x0000, 0x183c, 0x0000, 0xed07,
	0x0000, 0x1848, 0x0000, 0xed07, 0x0000, 0x184c, 0x0000, 0xed07,
	0x0000, 0x1850, 0x0000, 0xee07, 0x0000, 0x186c, 0x0000, 0xed07,
	0x0000, 0x1870, 0x0000, 0xed07, 0x0000, 0x187c, 0x0000, 0xed07,
	0x0000, 0x1884, 0x0000, 0xd904, 0x0000, 0x188c, 0x0000, 0x7f04,
	0x0000, 0x189c, 0x0000, 0xed07, 0x0000, 0x18ac, 0x0000, 0xa704,
	0x0000, 0x18bc, 0x0000, 0xa507, 0x0000, 0x18d0, 0x0000, 0xed07,
	0x0000, 0x1904, 0x0000, 0xed07, 0x0000, 0x1908, 0x0000, 0xed07,
	0x0000, 0x1914, 0x0000, 0xed07, 0x0000, 0x191c, 0x0000, 0xd904,
	0x0000, 0x1924, 0x0000, 0x7f04, 0x0000, 0x1934, 0x0000, 0xa704,
	0x0000, 0x1944, 0x0000, 0xc804, 0x0000, 0x1950, 0x0000, 0xd904,
	0x0000, 0x1960, 0x0000, 0xa704, 0x0000, 0x1970, 0x0000, 0xee07,
	0x0000, 0x1978, 0x0000, 0xed07, 0x0000, 0x197c, 0x0000, 0xd904,
	0x0000, 0x198c, 0x0000, 0xa704, 0x0000, 0x199c, 0x0000, 0xbe07,
	0x0000, 0x19bc, 0x0000, 0xed07, 0x0000, 0x19c0, 0x0000, 0xef07,
	0x0000, 0x19cc, 0x0000, 0xc907, 0x0000, 0x19d8, 0x0000, 0xc907,
	0x0000, 0x19dc, 0x0000, 0xc907, 0x0000, 0x19f8, 0x0000, 0xc907,
	0x0000, 0x19fc, 0x0000, 0xe307, 0x0000, 0x1a00, 0x0000, 0xb404,
	0x0000, 0x1a08, 0x0000, 0xb604, 0x0000, 0x1a18, 0x0000, 0xef07,
	0x0000, 0x1a1c, 0x0000, 0xb804, 0x0000, 0x1a5c, 0x0000, 0xef07,
	0x0000, 0x1a60, 0x0000, 0xed07, 0x0000, 0x1a70, 0x0000, 0xcd07,
	0x0000, 0x1a78, 0x0000, 0xed07, 0x0000, 0x1a7c, 0x0000, 0xc907,
	0x0000, 0x1a90, 0x0000, 0xe307, 0x0000, 0x1a94, 0x0000, 0xc907,
	0x0000, 0x1a98, 0x0000, 0xf204, 0x0000, 0x1aa0, 0x0000, 0xbe07,
	0x0000, 0x1ab0, 0x0000, 0xe307, 0x0000, 0x1ab4, 0x0000, 0xb304,
	0x0000, 0x1ac0, 0x0000, 0xad07, 0x0000, 0x1ad0, 0x0000, 0xed07,
	0x0000, 0x1aec, 0x0000, 0xbc07, 0x0000, 0x1af4, 0x0000, 0xed07,
	0x0000, 0x1af8, 0x0000, 0xef07, 0x0000, 0x1afc, 0x0000, 0xc907,
	0x0000, 0x1b10, 0x0000, 0xc907, 0x0000, 0x1b14, 0x0000, 0xc907,
	0x0000, 0x1b30, 0x0000, 0xc907, 0x0000, 0x1b34, 0x0000, 0xe307,
	0x0000, 0x1b38, 0x0000, 0xf304, 0x0000, 0x1b44, 0x0000, 0xed07,
	0x0000, 0x1b48, 0x0000, 0xe307, 0x0000, 0x1b50, 0x0000, 0xf404,
	0x0000, 0x1b58, 0x0000, 0xb604, 0x0000, 0x1b68, 0x0000, 0xbc07,
	0x0000, 0x1b70, 0x0000, 0xce04, 0x0000, 0x1b78, 0x0000, 0xc804,
	0x0000, 0x1b84, 0x0000, 0xf504, 0x0000, 0x1b90, 0x0000, 0xf107,
	0x0000, 0x1b94, 0x0000, 0xf604, 0x0000, 0x1b9c, 0x0000, 0x7f04,
	0x0000, 0x1bd0, 0x0000, 0x8005, 0x0000, 0x1bd8, 0x0000, 0x8006,
	0x0000, 0x1bfc, 0x0000, 0xe405, 0x0000, 0x1c00, 0x0000, 0xe406,
	0x0000, 0x1c08, 0x0000, 0xd405, 0x0000, 0x1c10, 0x0000, 0xd406,
	0x0000, 0x1c1c, 0x0000, 0xd405, 0x0000, 0x1c24, 0x0000, 0xd406,
	0x0000, 0x1c34, 0x0000, 0xf704, 0x0000, 0x1c48, 0x0000, 0xf704,
	0x0000, 0x1c64, 0x0000, 0xf804, 0x0000, 0x1c7c, 0x0000, 0xbe07,
	0x0000, 0x1c90, 0x0000, 0xe307, 0x0000, 0x1c94, 0x0000, 0xf904,
	0x0000, 0x1ca4, 0x0000, 0xe307, 0x0000, 0x1cb0, 0x0000, 0x9405,
	0x0000, 0x1cb4, 0x0000, 0x9406, 0x0000, 0x1cd4, 0x0000, 0xfa04,
	0x0000, 0x1d38, 0x0000, 0xeb04, 0x0000, 0x1d90, 0x0000, 0xe707,
	0x0000, 0x1d98, 0x0000, 0xe607, 0x0000, 0x1da8, 0x0000, 0xbe07,
	0x0000, 0x1dbc, 0x0000, 0xe307, 0x0000, 0x1dc8, 0x0000, 0xca05,
	0x0000, 0x1dcc, 0x0000, 0xca06, 0x0000, 0x1dd0, 0x0000, 0xe904,
	0x0000, 0x1dd8, 0x0000, 0xe307, 0x0000, 0x1de4, 0x0000, 0xca05,
	0x0000, 0x1de8, 0x0000, 0xca06, 0x0000, 0x1dec, 0x0000, 0xea04,
	0x0000, 0x1dfc, 0x0000, 0xe307, 0x0000, 0x1e08, 0x0000, 0x9405,
	0x0000, 0x1e0c, 0x0000, 0x9406, 0x0000, 0x1e30, 0x0000, 0xfb05,
	0x0000, 0x1e34, 0x0000, 0xfb06, 0x0000, 0x1e3c, 0x0000, 0xe904,
	0x0000, 0x1e44, 0x0000, 0xea04, 0x0000, 0x1e6c, 0x0000, 0xef07,
	0x0000, 0x1e78, 0x0000, 0xfc04, 0x0000, 0x1ea0, 0x0000, 0xed07,
	0x0000, 0x1eac, 0x0000, 0xfc04, 0x0000, 0x1ed8, 0x0000, 0xed07,
	0x0000, 0x1edc, 0x0000, 0xef07, 0x0000, 0x1f08, 0x0000, 0xfc04,
	0x0000, 0x1f28, 0x0000, 0xe405, 0x0000, 0x1f2c, 0x0000, 0xe406,
	0x0000, 0x1f30, 0x0000, 0xe405, 0x0000, 0x1f34, 0x0000, 0xe406,
	0x0000, 0x1f40, 0x0000, 0xe405, 0x0000, 0x1f44, 0x0000, 0xe406,
	0x0000, 0x1f6c, 0x0000, 0xcf04, 0x0000, 0x1fa0, 0x0000, 0xe307,
	0x0000, 0x1fa4, 0x0000, 0xe307, 0x0000, 0x1fc8, 0x0000, 0xbe07,
	0x0000, 0x1ff4, 0x0000, 0xe804, 0x0000, 0x1ffc, 0x0000, 0xd405,
	0x0000, 0x2000, 0x0000, 0xd406, 0x0000, 0x2008, 0x0000, 0xd405,
	0x0000, 0x200c, 0x0000, 0xd406, 0x0000, 0x2068, 0x0000, 0x8205,
	0x0000, 0x206c, 0x0000, 0x8206, 0x0000, 0x2074, 0x0000, 0x8105,
	0x0000, 0x2078, 0x0000, 0x8106, 0x0000, 0x2084, 0x0000, 0xd004,
	0x0000, 0x2090, 0x0000, 0xe707, 0x0000, 0x209c, 0x0000, 0xd104,
	0x0000, 0x20b0, 0x0000, 0xfd04, 0x0000, 0x20b8, 0x0000, 0xed07,
	0x0000, 0x20c0, 0x0000, 0xd904, 0x0000, 0x20d4, 0x0000, 0xd904,
	0x0000, 0x20f4, 0x0000, 0xd405, 0x0000, 0x20fc, 0x0000, 0xd406,
	0x0000, 0x2110, 0x0000, 0xaa04, 0x0000, 0x2120, 0x0000, 0xa704,
	0x0000, 0x2130, 0x0000, 0xc804, 0x0000, 0x213c, 0x0000, 0xd904,
	0x0000, 0x214c, 0x0000, 0xa704, 0x0000, 0x215c, 0x0000, 0xed07,
	0x0000, 0x2164, 0x0000, 0xd904, 0x0000, 0x2174, 0x0000, 0xa704,
	0x0000, 0x2188, 0x0000, 0xed07, 0x0000, 0x2190, 0x0000, 0xd904,
	0x0000, 0x21a0, 0x0000, 0xa704, 0x0000, 0x21b0, 0x0000, 0xc804,
	0x0000, 0x21b8, 0x0000, 0xed07, 0x0000, 0x21c8, 0x0000, 0xbe07,
	0x0000, 0x21d8, 0x0000, 0xcf04, 0x0000, 0x21e0, 0x0000, 0xe307,
	0x0000, 0x21e4, 0x0000, 0xf304, 0x0000, 0x21f4, 0x0000, 0xe307,
	0x0000, 0x21f8, 0x0000, 0xf404, 0x0000, 0x2200, 0x0000, 0xe307,
	0x0000, 0x220c, 0x0000, 0x9405, 0x0000, 0x2210, 0x0000, 0x9406,
	0x0000, 0x2224, 0x0000, 0x9305, 0x0000, 0x2228, 0x0000, 0x9306,
	0x0000, 0x2234, 0x0000, 0xc907, 0x0000, 0x2240, 0x0000, 0xc907,
	0x0000, 0x2248, 0x0000, 0xad07, 0x0000, 0x225c, 0x0000, 0xf107,
	0x0000, 0x2264, 0x0000, 0xbc07, 0x0000, 0x2268, 0x0000, 0xf604,
	0x0000, 0x2278, 0x0000, 0xe307, 0x0000, 0x227c, 0x0000, 0xb004,
	0x0000, 0x2284, 0x0000, 0xd804, 0x0000, 0x2290, 0x0000, 0xbc07,
	0x0000, 0x2298, 0x0000, 0xd904, 0x0000, 0x22a8, 0x0000, 0xd904,
	0x0000, 0x22e0, 0x0000, 0x8305, 0x0000, 0x22e8, 0x0000, 0x8306,
	0x0000, 0x230c, 0x0000, 0xe405, 0x0000, 0x2310, 0x0000, 0xe406,
	0x0000, 0x2328, 0x0000, 0xd405, 0x0000, 0x232c, 0x0000, 0xd406,
	0x0000, 0x233c, 0x0000, 0xd405, 0x0000, 0x2340, 0x0000, 0xd406,
	0x0000, 0x23a8, 0x0000, 0xeb04, 0x0000, 0x23cc, 0x0000, 0xed07,
	0x0000, 0x23f0, 0x0000, 0xe104, 0x0000, 0x2428, 0x0000, 0xf107,
	0x0000, 0x242c, 0x0000, 0xd405, 0x0000, 0x2430, 0x0000, 0xd406,
	0x0000, 0x2440, 0x0000, 0xfe07, 0x0000, 0x2448, 0x0000, 0xce04,
	0x0000, 0x2470, 0x0000, 0x8505, 0x0000, 0x2474, 0x0000, 0x8506,
	0x0000, 0x247c, 0x0000, 0x8405, 0x0000, 0x2480, 0x0000, 0x8406,
	0x0000, 0x2494, 0x0000, 0xd004, 0x0000, 0x24ac, 0x0000, 0xd104,
	0x0000, 0x24b4, 0x0000, 0x8504, 0x0000, 0x24d4, 0x0000, 0xf107,
	0x0000, 0x24e4, 0x0000, 0xfe07, 0x0000, 0x24f0, 0x0000, 0xf107,
	0x0000, 0x2500,
};

int16_t DOOA_FADED_CLUT[1922] = {
	0x0000, 0xc007, 0x0000, 0x2508, 0x0000, 0xc304, 0x0000, 0x2510,
	0x0000, 0xc007, 0x0000, 0x2524, 0x0000, 0xe405, 0x0000, 0x2528,
	0x0000, 0xe406, 0x0000, 0x2540, 0x0000, 0xd405, 0x0000, 0x2544,
	0x0000, 0xd406, 0x0000, 0x2554, 0x0000, 0xd405, 0x0000, 0x2558,
	0x0000, 0xd406, 0x0000, 0x25b0, 0x0000, 0xeb04, 0x0000, 0x25e8,
	0x0000, 0xeb04, 0x0000, 0x2618, 0x0000, 0xbc07, 0x0000, 0x2654,
	0x0000, 0x0104, 0x0001, 0x2688, 0x0000, 0xff05, 0x0000, 0x268c,
	0x0000, 0xff06, 0x0000, 0x2734, 0x0000, 0xc007, 0x0000, 0x2738,
	0x0000, 0xb004, 0x0000, 0x2748, 0x0000, 0xbc07, 0x0000, 0x274c,
	0x0000, 0xaf04, 0x0000, 0x2764, 0x0000, 0x0104, 0x0001, 0x2798,
	0x0000, 0xb204, 0x0000, 0x27bc, 0x0000, 0x0204, 0x0001, 0x27c8,
	0x0000, 0xb004, 0x0000, 0x27d0, 0x0000, 0xb104, 0x0000, 0x27e4,
	0x0000, 0xfd04, 0x0000, 0x27f4, 0x0000, 0xbc07, 0x0000, 0x27f8,
	0x0000, 0xbb07, 0x0000, 0x2800, 0x0000, 0xba07, 0x0000, 0x2804,
	0x0000, 0xb604, 0x0000, 0x2828, 0x0000, 0x0304, 0x0001, 0x2834,
	0x0000, 0xc007, 0x0000, 0x2838, 0x0000, 0xb004, 0x0000, 0x2844,
	0x0000, 0xbc07, 0x0000, 0x2878, 0x0000, 0x0404, 0x0001, 0x28a4,
	0x0000, 0xe405, 0x0000, 0x28a8, 0x0000, 0xe406, 0x0000, 0x29c0,
	0x0000, 0xe405, 0x0000, 0x29c4, 0x0000, 0xe406, 0x0000, 0x29dc,
	0x0000, 0xd504, 0x0000, 0x2aa4, 0x0000, 0xf904, 0x0000, 0x2ac0,
	0x0000, 0x9405, 0x0000, 0x2acc, 0x0000, 0x9406, 0x0000, 0x2ae8,
	0x0000, 0xfa04, 0x0000, 0x2b2c, 0x0000, 0x0504, 0x0001, 0x2c18,
	0x0000, 0xeb04, 0x0000, 0x2c94, 0x0000, 0x0704, 0x0001, 0x2ca0,
	0x0000, 0x0804, 0x0001, 0x2cb4, 0x0000, 0x0904, 0x0001, 0x2cf0,
	0x0000, 0x0a04, 0x0001, 0x2d08, 0x0000, 0x0b04, 0x0001, 0x2d10,
	0x0000, 0x0607, 0x0001, 0x2d24, 0x0000, 0x0c04, 0x0001, 0x2d2c,
	0x0000, 0x0d04, 0x0001, 0x2d94, 0x0000, 0xe405, 0x0000, 0x2d98,
	0x0000, 0xe406, 0x0000, 0x2e08, 0x0000, 0x0e04, 0x0001, 0x2e2c,
	0x0000, 0x0f04, 0x0001, 0x2e50, 0x0000, 0x1004, 0x0001, 0x2e74,
	0x0000, 0x1104, 0x0001, 0x2e88, 0x0000, 0x1204, 0x0001, 0x2ea8,
	0x0000, 0x0e04, 0x0001, 0x2ecc, 0x0000, 0x0f04, 0x0001, 0x2ef0,
	0x0000, 0x1004, 0x0001, 0x2f14, 0x0000, 0x1104, 0x0001, 0x2f28,
	0x0000, 0x1204, 0x0001, 0x2f48, 0x0000, 0xe607, 0x0000, 0x3088,
	0x0000, 0x1304, 0x0001, 0x3094, 0x0000, 0xd904, 0x0000, 0x30b0,
	0x0000, 0xd904, 0x0000, 0x3140, 0x0000, 0x1304, 0x0001, 0x315c,
	0x0000, 0xd904, 0x0000, 0x3170, 0x0000, 0xd904, 0x0000, 0x31a4,
	0x0000, 0x1404, 0x0001, 0x31b4, 0x0000, 0xd304, 0x0000, 0x3234,
	0x0000, 0xd904, 0x0000, 0x3258, 0x0000, 0x1504, 0x0001, 0x3268,
	0x0000, 0xd304, 0x0000, 0x32a8, 0x0000, 0xd904, 0x0000, 0x32f0,
	0x0000, 0xaf04, 0x0000, 0x32fc, 0x0000, 0xaf04, 0x0000, 0x339c,
	0x0000, 0xb104, 0x0000, 0x33a8, 0x0000, 0xb104, 0x0000, 0x3428,
	0x0000, 0xbe07, 0x0000, 0x343c, 0x0000, 0x8605, 0x0000, 0x3440,
	0x0000, 0x8606, 0x0000, 0x345c, 0x0000, 0x9a07, 0x0000, 0x3468,
	0x0000, 0x9b07, 0x0000, 0x3494, 0x0000, 0x8705, 0x0000, 0x34a8,
	0x0000, 0x8706, 0x0000, 0x34d8, 0x0000, 0x0804, 0x0001, 0x34ec,
	0x0000, 0x0904, 0x0001, 0x3524, 0x0000, 0x0a04, 0x0001, 0x3540,
	0x0000, 0x0b04, 0x0001, 0x3550, 0x0000, 0x0607, 0x0001, 0x3558,
	0x0000, 0x1604, 0x0001, 0x359c, 0x0000, 0xd405, 0x0000, 0x35a4,
	0x0000, 0xd406, 0x0000, 0x35c0, 0x0000, 0xd405, 0x0000, 0x35c4,
	0x0000, 0xd406, 0x0000, 0x3634, 0x0000, 0x1804, 0x0001, 0x3660,
	0x0000, 0x1804, 0x0001, 0x36a8, 0x0000, 0xd405, 0x0000, 0x36b0,
	0x0000, 0xd406, 0x0000, 0x36cc, 0x0000, 0xd405, 0x0000, 0x36d0,
	0x0000, 0xd406, 0x0000, 0x373c, 0x0000, 0x1804, 0x0001, 0x3768,
	0x0000, 0x1804, 0x0001, 0x37d8, 0x0000, 0xd405, 0x0000, 0x37dc,
	0x0000, 0xd406, 0x0000, 0x3800, 0x0000, 0xd405, 0x0000, 0x3804,
	0x0000, 0xd406, 0x0000, 0x3828, 0x0000, 0x0607, 0x0001, 0x3950,
	0x0000, 0x1804, 0x0001, 0x397c, 0x0000, 0x1804, 0x0001, 0x39c4,
	0x0000, 0x1804, 0x0001, 0x39f8, 0x0000, 0x1804, 0x0001, 0x3a00,
	0x0000, 0x0704, 0x0001, 0x3a0c, 0x0000, 0x1904, 0x0001, 0x3a78,
	0x0000, 0x0c04, 0x0001, 0x3a80, 0x0000, 0x1904, 0x0001, 0x3ad8,
	0x0000, 0x0c04, 0x0001, 0x3ae0, 0x0000, 0x0d04, 0x0001, 0x3b4c,
	0x0000, 0xe405, 0x0000, 0x3b50, 0x0000, 0xe406, 0x0000, 0x3b84,
	0x0000, 0x0e04, 0x0001, 0x3ba4, 0x0000, 0x0f04, 0x0001, 0x3bc4,
	0x0000, 0x1004, 0x0001, 0x3be4, 0x0000, 0x1104, 0x0001, 0x3bf4,
	0x0000, 0x1204, 0x0001, 0x3c5c, 0x0000, 0x0504, 0x0001, 0x3c64,
	0x0000, 0xe607, 0x0000, 0x3ca4, 0x0000, 0x1a04, 0x0001, 0x3ce8,
	0x0000, 0x1b04, 0x0001, 0x3d38, 0x0000, 0xbe07, 0x0000, 0x3db4,
	0x0000, 0xca05, 0x0000, 0x3db8, 0x0000, 0xca06, 0x0000, 0x3dc8,
	0x0000, 0xe904, 0x0000, 0x3dd0, 0x0000, 0xea04, 0x0000, 0x3df8,
	0x0000, 0xbe07, 0x0000, 0x3e24, 0x0000, 0xbe07, 0x0000, 0x3e34,
	0x0000, 0xca05, 0x0000, 0x3e38, 0x0000, 0xca06, 0x0000, 0x3ebc,
	0x0000, 0xca05, 0x0000, 0x3ec0, 0x0000, 0xca06, 0x0000, 0x3ed8,
	0x0000, 0xfc04, 0x0000, 0x3f00, 0x0000, 0xbe07, 0x0000, 0x3f1c,
	0x0000, 0xfc04, 0x0000, 0x3f28, 0x0000, 0xbe07, 0x0000, 0x3f78,
	0x0000, 0xfc04, 0x0000, 0x3f88, 0x0000, 0x1c04, 0x0001, 0x3fd4,
	0x0000, 0x1b04, 0x0001, 0x4024, 0x0000, 0xbe07, 0x0000, 0x403c,
	0x0000, 0xf304, 0x0000, 0x4094, 0x0000, 0x9405, 0x0000, 0x409c,
	0x0000, 0x9406, 0x0000, 0x40c4, 0x0000, 0xfb05, 0x0000, 0x40c8,
	0x0000, 0xfb06, 0x0000, 0x40d0, 0x0000, 0xe904, 0x0000, 0x40d8,
	0x0000, 0xea04, 0x0000, 0x411c, 0x0000, 0x9405, 0x0000, 0x4120,
	0x0000, 0x9406, 0x0000, 0x4134, 0x0000, 0x9305, 0x0000, 0x4138,
	0x0000, 0x9306, 0x0000, 0x4144, 0x0000, 0xbe07, 0x0000, 0x415c,
	0x0000, 0xfc04, 0x0000, 0x4184, 0x0000, 0xfc04, 0x0000, 0x41b8,
	0x0000, 0xfc04, 0x0000, 0x41c8, 0x0000, 0x1c04, 0x0001, 0x4210,
	0x0000, 0x1b04, 0x0001, 0x4244, 0x0000, 0xb604, 0x0000, 0x4284,
	0x0000, 0xfc04, 0x0000, 0x42ac, 0x0000, 0x9205, 0x0000, 0x42b4,
	0x0000, 0x9206, 0x0000, 0x42c4, 0x0000, 0xe904, 0x0000, 0x42cc,
	0x0000, 0x9205, 0x0000, 0x42d0, 0x0000, 0x9206, 0x0000, 0x42dc,
	0x0000, 0xea04, 0x0000, 0x42f0, 0x0000, 0x1d04, 0x0001, 0x4300,
	0x0000, 0x1c04, 0x0001, 0x4344, 0x0000, 0x1b04, 0x0001, 0x43b0,
	0x0000, 0x9905, 0x0000, 0x43b4, 0x0000, 0x9906, 0x0000, 0x43c8,
	0x0000, 0x1f05, 0x0001, 0x43cc, 0x0000, 0x1f06, 0x0001, 0x43e4,
	0x0000, 0x1e05, 0x0001, 0x43e8, 0x0000, 0x1e06, 0x0001, 0x43f4,
	0x0000, 0xe904, 0x0000, 0x43fc, 0x0000, 0x1e05, 0x0001, 0x4400,
	0x0000, 0x1e06, 0x0001, 0x440c, 0x0000, 0xea04, 0x0000, 0x4420,
	0x0000, 0x1d04, 0x0001, 0x4464, 0x0000, 0x9905, 0x0000, 0x4468,
	0x0000, 0x9906, 0x0000, 0x447c, 0x0000, 0xfc04, 0x0000, 0x448c,
	0x0000, 0x1c04, 0x0001, 0x44d4, 0x0000, 0x1b04, 0x0001, 0x4500,
	0x0000, 0x9a07, 0x0000, 0x4514, 0x0000, 0xbe07, 0x0000, 0x4520,
	0x0000, 0xc204, 0x0000, 0x4584, 0x0000, 0x9a07, 0x0000, 0x45dc,
	0x0000, 0xca05, 0x0000, 0x45e4, 0x0000, 0xca06, 0x0000, 0x45f0,
	0x0000, 0xe904, 0x0000, 0x45f8, 0x0000, 0xea04, 0x0000, 0x460c,
	0x0000, 0x1d04, 0x0001, 0x4650, 0x0000, 0x9b07, 0x0000, 0x4668,
	0x0000, 0xca05, 0x0000, 0x4670, 0x0000, 0xca06, 0x0000, 0x467c,
	0x0000, 0xe904, 0x0000, 0x4684, 0x0000, 0xea04, 0x0000, 0x4694,
	0x0000, 0x1c04, 0x0001, 0x46d8, 0x0000, 0xe405, 0x0000, 0x46dc,
	0x0000, 0xe406, 0x0000, 0x46f0, 0x0000, 0xe607, 0x0000, 0x4744,
	0x0000, 0xe405, 0x0000, 0x4748, 0x0000, 0xe406, 0x0000, 0x4754,
	0x0000, 0xe707, 0x0000, 0x4770, 0x0000, 0xe707, 0x0000, 0x4790,
	0x0000, 0xd405, 0x0000, 0x4798, 0x0000, 0xd406, 0x0000, 0x47b4,
	0x0000, 0xd405, 0x0000, 0x47c4, 0x0000, 0xd406, 0x0000, 0x4810,
	0x0000, 0x2004, 0x0001, 0x4840, 0x0000, 0x2004, 0x0001, 0x4870,
	0x0000, 0x2004, 0x0001, 0x48b0, 0x0000, 0xd405, 0x0000, 0x48b8,
	0x0000, 0xd406, 0x0000, 0x48d8, 0x0000, 0xd405, 0x0000, 0x48dc,
	0x0000, 0xd406, 0x0000, 0x4938, 0x0000, 0x2004, 0x0001, 0x4968,
	0x0000, 0x2004, 0x0001, 0x4998, 0x0000, 0x2004, 0x0001, 0x49bc,
	0x0000, 0xfd04, 0x0000, 0x4a00, 0x0000, 0x2304, 0x0001, 0x4a08,
	0x0000, 0x2207, 0x0001, 0x4a18, 0x0000, 0x8804, 0x0000, 0x4a24,
	0x0000, 0x2207, 0x0001, 0x4a28, 0x0000, 0x8904, 0x0000, 0x4a30,
	0x0000, 0x2207, 0x0001, 0x4a48, 0x0000, 0x2404, 0x0001, 0x4a54,
	0x0000, 0xc007, 0x0000, 0x4a58, 0x0000, 0x2207, 0x0001, 0x4a8c,
	0x0000, 0x2504, 0x0001, 0x4ae0, 0x0000, 0x2304, 0x0001, 0x4af4,
	0x0000, 0x2707, 0x0001, 0x4afc, 0x0000, 0x2207, 0x0001, 0x4b0c,
	0x0000, 0x8804, 0x0000, 0x4b18, 0x0000, 0x2207, 0x0001, 0x4b1c,
	0x0000, 0x8904, 0x0000, 0x4b24, 0x0000, 0x2207, 0x0001, 0x4b28,
	0x0000, 0x2605, 0x0001, 0x4b2c, 0x0000, 0x2606, 0x0001, 0x4b48,
	0x0000, 0x2605, 0x0001, 0x4b4c, 0x0000, 0x2606, 0x0001, 0x4b50,
	0x0000, 0x2707, 0x0001, 0x4b54, 0x0000, 0x2404, 0x0001, 0x4b5c,
	0x0000, 0x2605, 0x0001, 0x4b60, 0x0000, 0x2606, 0x0001, 0x4b64,
	0x0000, 0x2605, 0x0001, 0x4b68, 0x0000, 0x2606, 0x0001, 0x4b80,
	0x0000, 0x2605, 0x0001, 0x4b84, 0x0000, 0x2606, 0x0001, 0x4b98,
	0x0000, 0x2605, 0x0001, 0x4ba0, 0x0000, 0x2606, 0x0001, 0x4ba4,
	0x0000, 0x2605, 0x0001, 0x4ba8, 0x0000, 0x2606, 0x0001, 0x4bb0,
	0x0000, 0xc007, 0x0000, 0x4bb4, 0x0000, 0x2207, 0x0001, 0x4be0,
	0x0000, 0x2707, 0x0001, 0x4bf0, 0x0000, 0x2707, 0x0001, 0x4bf4,
	0x0000, 0x2804, 0x0001, 0x4bfc, 0x0000, 0x2707, 0x0001, 0x4c00,
	0x0000, 0x2904, 0x0001, 0x4c24, 0x0000, 0x8a05, 0x0000, 0x4c2c,
	0x0000, 0x8a06, 0x0000, 0x4c50, 0x0000, 0xb604, 0x0000, 0x4c70,
	0x0000, 0x2b04, 0x0001, 0x4ca0, 0x0000, 0x2a05, 0x0001, 0x4ca4,
	0x0000, 0x2a06, 0x0001, 0x4cf0, 0x0000, 0x8904, 0x0000, 0x4d24,
	0x0000, 0x2c04, 0x0001, 0x4d34, 0x0000, 0x2d04, 0x0001, 0x4e10,
	0x0000, 0xcc04, 0x0000, 0x4e2c, 0x0000, 0xc204, 0x0000, 0x4e48,
	0x0000, 0xcc04, 0x0000, 0x4e64, 0x0000, 0xc204, 0x0000, 0x4e7c,
	0x0000, 0xb604, 0x0000, 0x4e88, 0x0000, 0xb604, 0x0000, 0x4ea0,
	0x0000, 0x2b04, 0x0001, 0x4eb8, 0x0000, 0x8c07, 0x0000, 0x4ebc,
	0x0000, 0x8b05, 0x0000, 0x4edc, 0x0000, 0x8b06, 0x0000, 0x4ec4,
	0x0000, 0x7205, 0x0000, 0x4ec8, 0x0000, 0x7206, 0x0000, 0x4ed8,
	0x0000, 0x3304, 0x0001, 0x4ee8, 0x0000, 0x3404, 0x0001, 0x4f10,
	0x0000, 0xb604, 0x0000, 0x4f1c, 0x0000, 0xb604, 0x0000, 0x4f24,
	0x0000, 0x2b04, 0x0001, 0x4f3c, 0x0000, 0x3505, 0x0001, 0x4f44,
	0x0000, 0x3506, 0x0001, 0x4f50, 0x0000, 0x3604, 0x0001, 0x4f5c,
	0x0000, 0x3704, 0x0001, 0x4f64, 0x0000, 0x8c07, 0x0000, 0x4f90,
	0x0000, 0x7205, 0x0000, 0x4f94, 0x0000, 0x7206, 0x0000, 0x4f9c,
	0x0000, 0x7205, 0x0000, 0x4fa4, 0x0000, 0x7206, 0x0000, 0x4fac,
	0x0000, 0x7205, 0x0000, 0x4fb0, 0x0000, 0x7206, 0x0000, 0x4fb4,
	0x0000, 0x7205, 0x0000, 0x4fb8, 0x0000, 0x7206, 0x0000, 0x4fbc,
	0x0000, 0x7205, 0x0000, 0x4fcc, 0x0000, 0x7206, 0x0000, 0x4fc0,
	0x0000, 0x0607, 0x0001, 0x4fc8, 0x0000, 0x3804, 0x0001, 0x4fd0,
	0x0000, 0x8c07, 0x0000, 0x4fe4, 0x0000, 0x8c07, 0x0000, 0x5000,
	0x0000, 0x7107, 0x0000, 0x5008, 0x0000, 0x7007, 0x0000, 0x5018,
	0x0000, 0x7107, 0x0000, 0x5024, 0x0000, 0x7107, 0x0000, 0x5028,
	0x0000, 0x7007, 0x0000, 0x503c, 0x0000, 0x7107, 0x0000, 0x504c,
	0x0000, 0x7107, 0x0000, 0x5058, 0x0000, 0x3a04, 0x0001, 0x5064,
	0x0000, 0x3b07, 0x0001, 0x5078, 0x0000, 0x8f07, 0x0000, 0x5094,
	0x0000, 0x9007, 0x0000, 0x50ac, 0x0000, 0xd904, 0x0000, 0x50ec,
	0x0000, 0xc204, 0x0000, 0x5100, 0x0000, 0xd804, 0x0000, 0x5118,
	0x0000, 0x8d05, 0x0000, 0x511c, 0x0000, 0x8d06, 0x0000, 0x5144,
	0x0000, 0x3d04, 0x0001, 0x5188, 0x0000, 0x3e07, 0x0001, 0x5190,
	0x0000, 0x3d04, 0x0001, 0x51bc, 0x0000, 0x8e07, 0x0000, 0x51e4,
	0x0000, 0x3d04, 0x0001, 0x0058, 0x0000, 0x0328, 0x0000, 0x0148,
	0x0000, 0x0160, 0x0000, 0x0198, 0x0000, 0x01d8, 0x0000, 0x021c,
	0x0000, 0x0270, 0x0000, 0x02e8, 0x0000, 0x0314, 0x0000, 0x0034,
	0x0000, 0x00f4, 0x0000, 0x00a8, 0x0000, 0x00b8, 0x0000, 0x00dc,
	0x0000, 0x0034, 0x0000, 0x0040, 0x0000, 0x0034, 0x0000, 0x0034,
	0x0000, 0x0034, 0x0000, 0x0040, 0x0000, 0x0034, 0x0000, 0x0040,
	0x0000, 0x0000, 0x0000, 0x0024, 0x0000, 0xb902, 0x0000, 0x0020,
	0x0000, 0xb902, 0x0000, 0x001c, 0x0000, 0xb902, 0x0000, 0x0018,
	0x0000, 0xb902, 0x0000, 0x0014, 0x0000, 0xb902, 0x0000, 0x0010,
	0x0000, 0xb902, 0x0000, 0x000c, 0x0000, 0xb902, 0x0000, 0x0008,
	0x0000, 0xb902, 0x0000, 0x0004, 0x0000, 0xb902, 0x0000, 0x0000,
	0x0000, 0xb902, 0x0000, 0x0038, 0x0000, 0xcb02, 0x0000, 0x0034,
	0x0000, 0xcb02, 0x0000, 0x0030, 0x0000, 0xcb02, 0x0000, 0x002c,
	0x0000, 0xcb02, 0x0000, 0x0028, 0x0000, 0xcb02, 0x0000, 0x0058,
	0x0000, 0xcf02, 0x0000, 0x0054, 0x0000, 0xcf02, 0x0000, 0x0050,
	0x0000, 0xcf02, 0x0000, 0x004c, 0x0000, 0xcf02, 0x0000, 0x0048,
	0x0000, 0xcf02, 0x0000, 0x0044, 0x0000, 0xcf02, 0x0000, 0x0040,
	0x0000, 0xcf02, 0x0000, 0x003c, 0x0000, 0xcf02, 0x0000, 0x0000,
	0x0000, 0x0000, 0x0000, 0x0000, 0x0000, 0x0000, 0x0000, 0x0000,
	0x0000, 0x0000, 0x0000, 0x0000, 0x0000, 0x0000, 0x0000, 0x0000,
	0x0000, 0x0000, 0x0000, 0x0000, 0x0000, 0x0000, 0x0000, 0x0001,
	0x0000, 0x0002, 0x0000, 0x0000, 0x0000, 0x0000, 0x0000, 0x0040,
	0x0000, 0x1460, 0x0000, 0x0002, 0x0000, 0x008d, 0x0000, 0x0000,
	0x0000, 0x0010, 0x0000, 0x0009, 0x0000, 0x0003, 0x0000, 0x0000,
	0x0000, 0x0000, 0x0000, 0x14a0, 0x0000, 0x0acf, 0x0000, 0x0000,
	0x0000, 0x0000, 0x0000, 0x0000, 0x0000, 0x0000, 0x0000, 0x0011,
	0x0000, 0x0003, 0x0000, 0x0000, 0x0000, 0x0000, 0x0000, 0x1f70,
	0x0000, 0x0083, 0x0000, 0x0000, 0x0000, 0x0000, 0x0000, 0x0000,
	0x0000, 0x0000, 0x0000, 0x001b, 0x0000, 0x0001, 0x0000, 0x0006,
	0x0000, 0x0000, 0x0000, 0x2000, 0x0000, 0x5218, 0x0000, 0x0000,
	0x0000, 0x0000, 0x0000, 0x0004, 0x0000, 0x0000, 0x0000, 0x0021,
	0x0000, 0x0005, 0x7000, 0x0000, 0x0000, 0x0000, 0x0000, 0x7220,
	0x0000, 0x957a, 0x0000, 0x0000, 0x0000, 0x0000, 0x0000, 0x0000,
	0x0000, 0x0000, 0x0000, 0x0028, 0x0000, 0x0009, 0x0000, 0x0000,
	0x0000, 0x0000, 0x0000, 0x07a0, 0x0001, 0x3348, 0x0000, 0x0001,
	0x0000, 0x0005, 0x0000, 0x0000, 0x0000, 0x0008, 0x0000, 0x0033,
	0x0000, 0x0005, 0x7000, 0x0000, 0x0000, 0x0000, 0x0000, 0x3af0,
	0x0001, 0x47e4, 0x0000, 0x0000, 0x0000, 0x0000, 0x0000, 0x0000,
	0x0000, 0x0000, 0x0000, 0x0039, 0x0000, 0x0009, 0x0000, 0x0000,
	0x0000, 0x0000, 0x0000, 0x82e0, 0x0001, 0x0298, 0x0000, 0x0001,
	0x0000, 0x0007, 0x0000, 0x0000, 0x0000, 0x0008, 0x0000, 0x0043,
	0x0000, 0x0001, 0x0000, 0x0003, 0x0000, 0x0000, 0x0000, 0x8580,
	0x0001, 0x0c3b, 0x0000, 0x0000, 0x0000, 0x0000, 0x0000, 0x0004,
	0x0000, 0x0000, 0x0000, 0x0049, 0x0000, 0x0001, 0x0000, 0x0003,
	0x0000, 0x0000, 0x0000, 0x91c0, 0x0001, 0x00ac, 0x0000, 0x0000,
	0x0000, 0x0000, 0x0000, 0x0004, 0x0000, 0x0000, 0x0000, 0x0050,
	0x0000, 0x0009, 0x0000, 0x0000, 0x0000, 0x0000, 0x0000, 0x9270,
	0x0001, 0x0368, 0x0000, 0x0001, 0x0000, 0x0009, 0x0000, 0x0000,
	0x0000, 0x0008, 0x0000, 0x005a, 0x0000, 0x0008, 0x0000, 0x0003,
	0x0000, 0x0000, 0x0000, 0x95e0, 0x0001, 0x002e, 0x0000, 0x0000,
	0x0000, 0x0000, 0x0000, 0x0004, 0x0000, 0x0000, 0x0000, 0x0060,
	0x0000, 0x0009, 0x0000, 0x0000, 0x0000, 0x0000, 0x0000, 0x95e0,
	0x0001, 0x1c00, 0x0000, 0x0001, 0x0000, 0x0004, 0x0000, 0x0000,
	0x0000, 0x0008, 0x0000, 0x006a, 0x0000, 0x0001, 0x0000, 0x0002,
	0x0000, 0x0000, 0x0000, 0xb1e0, 0x0001, 0x005c, 0x0000, 0x0000,
	0x0000, 0x0000, 0x0000, 0x0004, 0x0000, 0x0000, 0x0000, 0x0072,
	0x0000, 0x0009, 0x0000, 0x0000, 0x0000, 0x0000, 0x0000, 0xb240,
	0x0001, 0x00b8, 0x0000, 0x0001, 0x0000, 0x000e, 0x0000, 0x0000,
	0x0000, 0x0008, 0x0000, 0x007e, 0x0000, 0x0008, 0x0000, 0x0003,
	0x0000, 0x0000, 0x0000, 0xb300, 0x0001, 0x0014, 0x0000, 0x0000,
	0x0000, 0x0000, 0x0000, 0x0004, 0x0000, 0x0000, 0x0000, 0x0bc8,
	0x0000, 0x8204, 0x0000, 0x0bdc, 0x0000, 0x8204, 0x0000, 0x0bf0,
	0x0000, 0x8204, 0x0000, 0x0c14, 0x0000, 0x7f04, 0x0000, 0x0c4c,
	0x0000, 0x8004, 0x0000, 0x0c80, 0x0000, 0x8004, 0x0000, 0x0cb0,
	0x0000, 0x8004, 0x0000, 0x0cb8, 0x0000, 0x8104, 0x0000, 0x0ccc,
	0x0000, 0x8204, 0x0000, 0x0ce0, 0x0000, 0x8204, 0x0000, 0x0cfc,
	0x0000, 0x8f07, 0x0000, 0x0d44, 0x0000, 0x7f04, 0x0000, 0x0d7c,
	0x0000, 0x8004, 0x0000, 0x0d84, 0x0000, 0x8104, 0x0000, 0x0d98,
	0x0000, 0x8204, 0x0000, 0x0da8, 0x0000, 0x7f04, 0x0000, 0x0de0,
	0x0000, 0x8004, 0x0000, 0x0de8, 0x0000, 0x8104, 0x0000, 0x0dfc,
	0x0000, 0x8204, 0x0000, 0x0e20, 0x0000, 0x7f04, 0x0000, 0x0e54,
	0x0000, 0x8004,
};

GsOT DOOA_ORDERING_TABLE[2] = {
	{
		0x0e840000, (GsOT_TAG *)0x80040000,
		0x0e8c0000, 0x81040000, (GsOT_TAG *)0x0ea00000,
	},
	{
		0x82040000, (GsOT_TAG *)0x0ec40000,
		0x7f040000, 0x0ef80000, (GsOT_TAG *)0x80040000,
	},
};

int8_t DOOA_SAVED_ENTITY_VISIBILITY[12] = {
	0x00, 0x00, 0x00, 0x0f, 0x00, 0x00, 0x07, 0x92,
	0x00, 0x00, 0x18, 0x0f,
};

DooaShardEffect DOOA_SHARD_EFFECT = {
	0x0000, 0x7d07,
	(Entity *)0x0f340000,
	0x8f070000, (void *)0x0f600000, (void *)0x80040000, 0x0f700000,
	0x00, 0x00, 0x07, 0x8f,
};

DooaSequence DOOA_REINCARNATION_SEQ = {
	0x0f840000,
	(Entity *)0x8f070000,
	0x0000, 0x0fb4, 0x0000, 0x8004,
	{
		0x0000, 0x0fe4,
		{ 0x80040000, 0x0fec0000, 0x81040000, 0x10000000 },
	},
	{
		0x82040000, 0x10140000, 0x82040000,
		0x101c0000, 0x8f070000, 0x102c0000,
	},
	0x0000, 0x04, 0x7f,
};
#endif
// clang-format on
