#include <libgs.h>
#include <libgte.h>

#include <dw/btl.h>
#include <dw/types.h>

// clang-format off
#if defined(VERSION_JP)
GsSPRITE BTL_D_80073E54 = {
	0x00000000,
	0x0000,
	0x0000,
	0x0000,
	0x0000,
	0x0000,
	0x00,
	0x00,
	0x0000,
	0x0000,
	0x00,
	0x00,
	0x00,
	0x0000,
	0x0000,
	0x0000,
	0x0000,
	0x00000000,
};

BtlDeathCountdownRaw BTL_D_80073E78 = {
	{
		0x00, 0x00, 0x00, 0x00, 0x00, 0x00, 0x00, 0x00,
		0x00, 0x00, 0x00, 0x00, 0x00, 0x00, 0x00, 0x00,
		0x00, 0x00, 0x00, 0x00, 0x00, 0x00, 0x00, 0x00,
		0x00, 0x00, 0x00, 0x00, 0x00, 0x00, 0x00, 0x00,
		0x00, 0x00, 0x00, 0x00, 0x00, 0x00, 0x00, 0x00,
	},
};

char BTL_END_BOX_TEXTBUFFER[1024] = {
	0x00, 0x00, 0x00, 0x00, 0x00, 0x00, 0x00, 0x00,
	0x00, 0x00, 0x00, 0x00, 0x00, 0x00, 0x00, 0x00,
	0x00, 0x00, 0x00, 0x00, 0x00, 0x00, 0x00, 0x00,
	0x00, 0x00, 0x00, 0x00, 0x00, 0x00, 0x00, 0x00,
	0x00, 0x00, 0x00, 0x00, 0x00, 0x00, 0x00, 0x00,
	0x00, 0x00, 0x00, 0x00, 0x00, 0x00, 0x00, 0x00,
	0x00, 0x00, 0x00, 0x00, 0x00, 0x00, 0x00, 0x00,
	0x00, 0x00, 0x00, 0x00, 0x00, 0x00, 0x00, 0x00,
	0x00, 0x00, 0x00, 0x00, 0x00, 0x00, 0x00, 0x00,
	0x00, 0x00, 0x00, 0x00, 0x00, 0x00, 0x00, 0x00,
	0x00, 0x00, 0x00, 0x00, 0x00, 0x00, 0x00, 0x00,
	0x00, 0x00, 0x00, 0x00, 0x00, 0x00, 0x00, 0x00,
	0x00, 0x00, 0x00, 0x00, 0x00, 0x00, 0x00, 0x00,
	0x00, 0x00, 0x00, 0x00, 0x00, 0x00, 0x00, 0x00,
	0x00, 0x00, 0x00, 0x00, 0x00, 0x00, 0x00, 0x00,
	0x00, 0x00, 0x00, 0x00, 0x00, 0x00, 0x00, 0x00,
	0x00, 0x00, 0x00, 0x00, 0x00, 0x00, 0x00, 0x00,
	0x00, 0x00, 0x00, 0x00, 0x00, 0x00, 0x00, 0x00,
	0x00, 0x00, 0x00, 0x00, 0x00, 0x00, 0x00, 0x00,
	0x00, 0x00, 0x00, 0x00, 0x00, 0x00, 0x00, 0x00,
	0x00, 0x00, 0x00, 0x00, 0x00, 0x00, 0x00, 0x00,
	0x00, 0x00, 0x00, 0x00, 0x00, 0x00, 0x00, 0x00,
	0x00, 0x00, 0x00, 0x00, 0x00, 0x00, 0x00, 0x00,
	0x00, 0x00, 0x00, 0x00, 0x00, 0x00, 0x00, 0x00,
	0x00, 0x00, 0x00, 0x00, 0x00, 0x00, 0x00, 0x00,
	0x00, 0x00, 0x00, 0x00, 0x00, 0x00, 0x00, 0x00,
	0x00, 0x00, 0x00, 0x00, 0x00, 0x00, 0x00, 0x00,
	0x00, 0x00, 0x00, 0x00, 0x00, 0x00, 0x00, 0x00,
	0x00, 0x00, 0x00, 0x00, 0x00, 0x00, 0x00, 0x00,
	0x00, 0x00, 0x00, 0x00, 0x00, 0x00, 0x00, 0x00,
	0x00, 0x00, 0x00, 0x00, 0x00, 0x00, 0x00, 0x00,
	0x00, 0x00, 0x00, 0x00, 0x00, 0x00, 0x00, 0x00,
	0x00, 0x00, 0x00, 0x00, 0x00, 0x00, 0x00, 0x00,
	0x00, 0x00, 0x00, 0x00, 0x00, 0x00, 0x00, 0x00,
	0x00, 0x00, 0x00, 0x00, 0x00, 0x00, 0x00, 0x00,
	0x00, 0x00, 0x00, 0x00, 0x00, 0x00, 0x00, 0x00,
	0x00, 0x00, 0x00, 0x00, 0x00, 0x00, 0x00, 0x00,
	0x00, 0x00, 0x00, 0x00, 0x00, 0x00, 0x00, 0x00,
	0x00, 0x00, 0x00, 0x00, 0x00, 0x00, 0x00, 0x00,
	0x00, 0x00, 0x00, 0x00, 0x00, 0x00, 0x00, 0x00,
	0x00, 0x00, 0x00, 0x00, 0x00, 0x00, 0x00, 0x00,
	0x00, 0x00, 0x00, 0x00, 0x00, 0x00, 0x00, 0x00,
	0x00, 0x00, 0x00, 0x00, 0x00, 0x00, 0x00, 0x00,
	0x00, 0x00, 0x00, 0x00, 0x00, 0x00, 0x00, 0x00,
	0x00, 0x00, 0x00, 0x00, 0x00, 0x00, 0x00, 0x00,
	0x00, 0x00, 0x00, 0x00, 0x00, 0x00, 0x00, 0x00,
	0x00, 0x00, 0x00, 0x00, 0x00, 0x00, 0x00, 0x00,
	0x00, 0x00, 0x00, 0x00, 0x00, 0x00, 0x00, 0x00,
	0x00, 0x00, 0x00, 0x00, 0x00, 0x00, 0x00, 0x00,
	0x00, 0x00, 0x00, 0x00, 0x00, 0x00, 0x00, 0x00,
	0x20, 0x20, 0x20, 0x20, 0x20, 0x20, 0x20, 0x20,
	0x20, 0x20, 0x20, 0x32, 0x31, 0x5d, 0x20, 0x67,
	0x43, 0x48, 0x45, 0x43, 0x4b, 0x5f, 0x41, 0x4e,
	0x47, 0x4c, 0x45, 0x20, 0x28, 0x6c, 0x6f, 0x63,
	0x61, 0x6c, 0x29, 0x20, 0x64, 0x65, 0x66, 0x69,
	0x6e, 0x65, 0x64, 0x20, 0x69, 0x6e, 0x20, 0x73,
	0x5f, 0x62, 0x61, 0x74, 0x74, 0x6c, 0x65, 0x2e,
	0x63, 0x20, 0x0d, 0x0a, 0x23, 0x20, 0x20, 0x20,
	0x20, 0x20, 0x20, 0x20, 0x20, 0x20, 0x20, 0x20,
	0x20, 0x20, 0x20, 0x20, 0x20, 0x20, 0x20, 0x20,
	0x31, 0x38, 0x5d, 0x20, 0x61, 0x77, 0x61, 0x79,
	0x41, 0x74, 0x74, 0x61, 0x63, 0x6b, 0x20, 0x66,
	0x6f, 0x75, 0x6e, 0x64, 0x20, 0x69, 0x6e, 0x20,
	0x73, 0x5f, 0x62, 0x61, 0x74, 0x74, 0x6c, 0x65,
	0x2e, 0x63, 0x20, 0x0d, 0x0a, 0x23, 0x20, 0x20,
	0x20, 0x20, 0x20, 0x20, 0x20, 0x20, 0x20, 0x20,
	0x20, 0x20, 0x20, 0x20, 0x20, 0x20, 0x20, 0x20,
	0x20, 0x20, 0x31, 0x39, 0x5d, 0x20, 0x73, 0x5f,
	0x73, 0x65, 0x74, 0x41, 0x74, 0x74, 0x61, 0x63,
	0x6b, 0x20, 0x66, 0x6f, 0x75, 0x6e, 0x64, 0x20,
	0x69, 0x6e, 0x20, 0x73, 0x5f, 0x62, 0x5f, 0x63,
	0x73, 0x75, 0x62, 0x2e, 0x63, 0x20, 0x0d, 0x0a,
	0x23, 0x20, 0x20, 0x20, 0x20, 0x20, 0x20, 0x20,
	0x20, 0x20, 0x20, 0x20, 0x20, 0x20, 0x20, 0x20,
	0x20, 0x20, 0x20, 0x20, 0x20, 0x20, 0x32, 0x30,
	0x5d, 0x20, 0x73, 0x5f, 0x73, 0x65, 0x74, 0x56,
	0x6f, 0x6c, 0x74, 0x61, 0x67, 0x65, 0x20, 0x66,
	0x6f, 0x75, 0x6e, 0x64, 0x20, 0x69, 0x6e, 0x20,
	0x73, 0x5f, 0x70, 0x5f, 0x63, 0x6d, 0x64, 0x2e,
	0x63, 0x20, 0x0d, 0x0a, 0x23, 0x20, 0x20, 0x20,
	0x20, 0x20, 0x20, 0x20, 0x20, 0x20, 0x20, 0x20,
	0x20, 0x20, 0x20, 0x20, 0x20, 0x20, 0x20, 0x20,
	0x20, 0x20, 0x20, 0x32, 0x31, 0x5d, 0x20, 0x67,
	0x56, 0x4f, 0x4c, 0x54, 0x41, 0x47, 0x45, 0x5f,
	0x58, 0x59, 0x20, 0x28, 0x6c, 0x6f, 0x63, 0x61,
	0x6c, 0x29, 0x20, 0x64, 0x65, 0x66, 0x69, 0x6e,
	0x65, 0x64, 0x20, 0x69, 0x6e, 0x20, 0x73, 0x5f,
	0x70, 0x5f, 0x63, 0x6d, 0x64, 0x2e, 0x63, 0x20,
	0x0d, 0x0a, 0x23, 0x20, 0x20, 0x20, 0x20, 0x20,
	0x20, 0x20, 0x20, 0x20, 0x20, 0x20, 0x20, 0x20,
	0x20, 0x20, 0x20, 0x20, 0x20, 0x20, 0x20, 0x20,
	0x20, 0x32, 0x31, 0x5d, 0x20, 0x73, 0x5f, 0x6d,
	0x6f, 0x76, 0x65, 0x56, 0x6f, 0x6c, 0x74, 0x61,
	0x67, 0x65, 0x20, 0x66, 0x6f, 0x75, 0x6e, 0x64,
	0x20, 0x69, 0x6e, 0x20, 0x73, 0x5f, 0x70, 0x5f,
	0x63, 0x6d, 0x64, 0x2e, 0x63, 0x20, 0x0d, 0x0a,
	0x23, 0x20, 0x20, 0x20, 0x20, 0x20, 0x20, 0x20,
	0x20, 0x20, 0x20, 0x20, 0x20, 0x20, 0x20, 0x20,
	0x20, 0x20, 0x20, 0x20, 0x20, 0x20, 0x20, 0x32,
	0x31, 0x5d, 0x20, 0x73, 0x5f, 0x64, 0x72, 0x61,
	0x77, 0x56, 0x6f, 0x6c, 0x74, 0x61, 0x67, 0x65,
	0x20, 0x66, 0x6f, 0x75, 0x6e, 0x64, 0x20, 0x69,
	0x6e, 0x20, 0x73, 0x5f, 0x70, 0x5f, 0x63, 0x6d,
	0x64, 0x2e, 0x63, 0x20, 0x0d, 0x0a, 0x23, 0x20,
	0x20, 0x20, 0x20, 0x20, 0x20, 0x20, 0x20, 0x20,
	0x20, 0x20, 0x20, 0x20, 0x20, 0x20, 0x20, 0x20,
	0x20, 0x20, 0x20, 0x20, 0x20, 0x20, 0x32, 0x32,
	0x5d, 0x20, 0x73, 0x5f, 0x72, 0x65, 0x73, 0x65,
	0x74, 0x56, 0x6f, 0x6c, 0x74, 0x61, 0x67, 0x65,
	0x20, 0x66, 0x6f, 0x75, 0x6e, 0x64, 0x20, 0x69,
	0x6e, 0x20, 0x73, 0x5f, 0x70, 0x5f, 0x63, 0x6d,
	0x64, 0x2e, 0x63, 0x20, 0x0d, 0x0a, 0x23, 0x20,
	0x20, 0x20, 0x20, 0x20, 0x20, 0x20, 0x20, 0x20,
	0x20, 0x20, 0x20, 0x20, 0x20, 0x20, 0x20, 0x20,
	0x20, 0x20, 0x20, 0x20, 0x32, 0x30, 0x5d, 0x20,
	0x53, 0x54, 0x44, 0x5f, 0x5f, 0x5f, 0x73, 0x65,
	0x74, 0x5f, 0x63, 0x68, 0x61, 0x72, 0x67, 0x65,
	0x20, 0x66, 0x6f, 0x75, 0x6e, 0x64, 0x20, 0x69,
	0x6e, 0x20, 0x4f, 0x56, 0x4c, 0x31, 0x5f, 0x5f,
	0x63, 0x68, 0x61, 0x72, 0x67, 0x65, 0x2e, 0x63,
	0x20, 0x0d, 0x0a, 0x23, 0x20, 0x20, 0x20, 0x20,
	0x20, 0x20, 0x20, 0x20, 0x20, 0x20, 0x20, 0x20,
	0x20, 0x20, 0x20, 0x20, 0x20, 0x20, 0x20, 0x20,
	0x20, 0x20, 0x32, 0x31, 0x5d, 0x20, 0x6d, 0x6f,
	0x76, 0x65, 0x5f, 0x63, 0x68, 0x61, 0x72, 0x67,
	0x65, 0x20, 0x66, 0x6f, 0x75, 0x6e, 0x64, 0x20,
	0x69, 0x6e, 0x20, 0x4f, 0x56, 0x4c, 0x31, 0x5f,
	0x5f, 0x63, 0x68, 0x61, 0x72, 0x67, 0x65, 0x2e,
};

uint8_t BTL_D_800742A0[155][20] = {
	{
		0x63, 0x20, 0x0d, 0x0a, 0x23, 0x20, 0x20, 0x20,
		0x20, 0x20, 0x20, 0x20, 0x20, 0x20, 0x20, 0x20,
		0x20, 0x20, 0x20, 0x20,
	},
	{
		0x20, 0x20, 0x20, 0x20, 0x20, 0x20, 0x20, 0x32,
		0x31, 0x5d, 0x20, 0x64, 0x72, 0x61, 0x77, 0x5f,
		0x63, 0x68, 0x61, 0x72,
	},
	{
		0x67, 0x65, 0x20, 0x66, 0x6f, 0x75, 0x6e, 0x64,
		0x20, 0x69, 0x6e, 0x20, 0x4f, 0x56, 0x4c, 0x31,
		0x5f, 0x5f, 0x63, 0x68,
	},
	{
		0x61, 0x72, 0x67, 0x65, 0x2e, 0x63, 0x20, 0x0d,
		0x0a, 0x23, 0x20, 0x20, 0x20, 0x20, 0x20, 0x20,
		0x20, 0x20, 0x20, 0x20,
	},
	{
		0x20, 0x20, 0x20, 0x20, 0x20, 0x20, 0x20, 0x20,
		0x20, 0x20, 0x20, 0x20, 0x20, 0x32, 0x32, 0x5d,
		0x20, 0x40, 0x34, 0x35,
	},
	{
		0x20, 0x28, 0x6c, 0x6f, 0x63, 0x61, 0x6c, 0x29,
		0x20, 0x64, 0x65, 0x66, 0x69, 0x6e, 0x65, 0x64,
		0x20, 0x69, 0x6e, 0x20,
	},
	{
		0x4f, 0x56, 0x4c, 0x31, 0x5f, 0x5f, 0x63, 0x68,
		0x61, 0x72, 0x67, 0x65, 0x2e, 0x63, 0x20, 0x0d,
		0x0a, 0x23, 0x20, 0x20,
	},
	{
		0x20, 0x20, 0x20, 0x20, 0x20, 0x20, 0x20, 0x20,
		0x20, 0x20, 0x20, 0x20, 0x20, 0x20, 0x20, 0x20,
		0x20, 0x20, 0x20, 0x20,
	},
	{
		0x20, 0x32, 0x32, 0x5d, 0x20, 0x40, 0x34, 0x36,
		0x20, 0x28, 0x6c, 0x6f, 0x63, 0x61, 0x6c, 0x29,
		0x20, 0x64, 0x65, 0x66,
	},
	{
		0x69, 0x6e, 0x65, 0x64, 0x20, 0x69, 0x6e, 0x20,
		0x4f, 0x56, 0x4c, 0x31, 0x5f, 0x5f, 0x63, 0x68,
		0x61, 0x72, 0x67, 0x65,
	},
	{
		0x2e, 0x63, 0x20, 0x0d, 0x0a, 0x23, 0x20, 0x20,
		0x20, 0x20, 0x20, 0x20, 0x20, 0x20, 0x20, 0x20,
		0x20, 0x20, 0x20, 0x20,
	},
	{
		0x20, 0x20, 0x20, 0x20, 0x20, 0x20, 0x20, 0x20,
		0x20, 0x32, 0x32, 0x5d, 0x20, 0x54, 0x61, 0x62,
		0x6c, 0x65, 0x5f, 0x5f,
	},
	{
		0x70, 0x61, 0x74, 0x5f, 0x54, 0x6f, 0x77, 0x65,
		0x72, 0x20, 0x28, 0x6c, 0x6f, 0x63, 0x61, 0x6c,
		0x29, 0x20, 0x64, 0x65,
	},
	{
		0x66, 0x69, 0x6e, 0x65, 0x64, 0x20, 0x69, 0x6e,
		0x20, 0x4f, 0x56, 0x4c, 0x31, 0x5f, 0x5f, 0x63,
		0x68, 0x61, 0x72, 0x67,
	},
	{
		0x65, 0x2e, 0x63, 0x20, 0x0d, 0x0a, 0x23, 0x20,
		0x20, 0x20, 0x20, 0x20, 0x20, 0x20, 0x20, 0x20,
		0x20, 0x20, 0x20, 0x20,
	},
	{
		0x20, 0x20, 0x20, 0x20, 0x20, 0x20, 0x20, 0x20,
		0x20, 0x20, 0x32, 0x32, 0x5d, 0x20, 0x40, 0x34,
		0x39, 0x20, 0x28, 0x6c,
	},
	{
		0x6f, 0x63, 0x61, 0x6c, 0x29, 0x20, 0x64, 0x65,
		0x66, 0x69, 0x6e, 0x65, 0x64, 0x20, 0x69, 0x6e,
		0x20, 0x4f, 0x56, 0x4c,
	},
	{
		0x31, 0x5f, 0x5f, 0x63, 0x68, 0x61, 0x72, 0x67,
		0x65, 0x2e, 0x63, 0x20, 0x0d, 0x0a, 0x23, 0x20,
		0x20, 0x20, 0x20, 0x20,
	},
	{
		0x20, 0x20, 0x20, 0x20, 0x20, 0x20, 0x20, 0x20,
		0x20, 0x20, 0x20, 0x20, 0x20, 0x20, 0x20, 0x20,
		0x20, 0x20, 0x32, 0x32,
	},
	{
		0x5d, 0x20, 0x64, 0x72, 0x61, 0x77, 0x5f, 0x4c,
		0x49, 0x47, 0x48, 0x54, 0x20, 0x66, 0x6f, 0x75,
		0x6e, 0x64, 0x20, 0x69,
	},
	{
		0x6e, 0x20, 0x4f, 0x56, 0x4c, 0x31, 0x5f, 0x5f,
		0x63, 0x68, 0x61, 0x72, 0x67, 0x65, 0x2e, 0x63,
		0x20, 0x0d, 0x0a, 0x23,
	},
	{
		0x20, 0x20, 0x20, 0x20, 0x20, 0x20, 0x20, 0x20,
		0x20, 0x20, 0x20, 0x20, 0x20, 0x20, 0x20, 0x20,
		0x20, 0x20, 0x20, 0x20,
	},
	{
		0x20, 0x32, 0x30, 0x5d, 0x20, 0x73, 0x5f, 0x63,
		0x68, 0x65, 0x63, 0x6b, 0x44, 0x6f, 0x75, 0x62,
		0x6c, 0x65, 0x20, 0x66,
	},
	{
		0x6f, 0x75, 0x6e, 0x64, 0x20, 0x69, 0x6e, 0x20,
		0x73, 0x5f, 0x62, 0x5f, 0x63, 0x73, 0x75, 0x62,
		0x2e, 0x63, 0x20, 0x0d,
	},
	{
		0x0a, 0x23, 0x20, 0x20, 0x20, 0x20, 0x20, 0x20,
		0x20, 0x20, 0x20, 0x20, 0x20, 0x20, 0x20, 0x20,
		0x20, 0x20, 0x20, 0x20,
	},
	{
		0x20, 0x20, 0x20, 0x32, 0x30, 0x5d, 0x20, 0x73,
		0x5f, 0x73, 0x65, 0x74, 0x45, 0x66, 0x66, 0x65,
		0x63, 0x74, 0x20, 0x66,
	},
	{
		0x6f, 0x75, 0x6e, 0x64, 0x20, 0x69, 0x6e, 0x20,
		0x73, 0x5f, 0x62, 0x5f, 0x63, 0x73, 0x75, 0x62,
		0x2e, 0x63, 0x20, 0x0d,
	},
	{
		0x0a, 0x23, 0x20, 0x20, 0x20, 0x20, 0x20, 0x20,
		0x20, 0x20, 0x20, 0x20, 0x20, 0x20, 0x20, 0x20,
		0x20, 0x20, 0x20, 0x20,
	},
	{
		0x20, 0x20, 0x20, 0x20, 0x32, 0x31, 0x5d, 0x20,
		0x73, 0x5f, 0x72, 0x65, 0x73, 0x65, 0x74, 0x45,
		0x66, 0x66, 0x65, 0x63,
	},
	{
		0x74, 0x20, 0x66, 0x6f, 0x75, 0x6e, 0x64, 0x20,
		0x69, 0x6e, 0x20, 0x73, 0x5f, 0x62, 0x5f, 0x63,
		0x73, 0x75, 0x62, 0x2e,
	},
	{
		0x63, 0x20, 0x0d, 0x0a, 0x23, 0x20, 0x20, 0x20,
		0x20, 0x20, 0x20, 0x20, 0x20, 0x20, 0x20, 0x20,
		0x20, 0x20, 0x20, 0x20,
	},
	{
		0x20, 0x20, 0x20, 0x20, 0x20, 0x20, 0x20, 0x20,
		0x32, 0x32, 0x5d, 0x20, 0x53, 0x54, 0x44, 0x5f,
		0x5f, 0x5f, 0x52, 0x65,
	},
	{
		0x73, 0x65, 0x74, 0x45, 0x46, 0x46, 0x45, 0x43,
		0x54, 0x20, 0x66, 0x6f, 0x75, 0x6e, 0x64, 0x20,
		0x69, 0x6e, 0x20, 0x4f,
	},
	{
		0x56, 0x4c, 0x31, 0x5f, 0x5f, 0x65, 0x78, 0x65,
		0x5f, 0x53, 0x43, 0x2e, 0x63, 0x20, 0x0d, 0x0a,
		0x23, 0x20, 0x20, 0x20,
	},
	{
		0x20, 0x20, 0x20, 0x20, 0x20, 0x20, 0x20, 0x20,
		0x20, 0x20, 0x20, 0x20, 0x20, 0x20, 0x20, 0x20,
		0x20, 0x20, 0x20, 0x32,
	},
	{
		0x31, 0x5d, 0x20, 0x53, 0x54, 0x44, 0x5f, 0x5f,
		0x5f, 0x53, 0x65, 0x74, 0x45, 0x46, 0x46, 0x45,
		0x43, 0x54, 0x20, 0x66,
	},
	{
		0x6f, 0x75, 0x6e, 0x64, 0x20, 0x69, 0x6e, 0x20,
		0x4f, 0x56, 0x4c, 0x31, 0x5f, 0x5f, 0x65, 0x78,
		0x65, 0x5f, 0x53, 0x43,
	},
	{
		0x2e, 0x63, 0x20, 0x0d, 0x0a, 0x23, 0x20, 0x20,
		0x20, 0x20, 0x20, 0x20, 0x20, 0x20, 0x20, 0x20,
		0x20, 0x20, 0x20, 0x20,
	},
	{
		0x20, 0x20, 0x20, 0x20, 0x20, 0x20, 0x20, 0x20,
		0x20, 0x32, 0x32, 0x5d, 0x20, 0x45, 0x46, 0x45,
		0x4d, 0x5f, 0x53, 0x65,
	},
	{
		0x74, 0x57, 0x61, 0x7a, 0x61, 0x20, 0x66, 0x6f,
		0x75, 0x6e, 0x64, 0x20, 0x69, 0x6e, 0x20, 0x4f,
		0x56, 0x4c, 0x31, 0x5f,
	},
	{
		0x5f, 0x65, 0x78, 0x65, 0x5f, 0x53, 0x43, 0x2e,
		0x63, 0x20, 0x0d, 0x0a, 0x23, 0x20, 0x20, 0x20,
		0x20, 0x20, 0x20, 0x20,
	},
	{
		0x20, 0x20, 0x20, 0x20, 0x20, 0x20, 0x20, 0x20,
		0x20, 0x20, 0x20, 0x20, 0x20, 0x31, 0x39, 0x5d,
		0x20, 0x73, 0x65, 0x74,
	},
	{
		0x54, 0x61, 0x72, 0x67, 0x65, 0x74, 0x44, 0x69,
		0x72, 0x65, 0x63, 0x74, 0x69, 0x6f, 0x6e, 0x32,
		0x20, 0x66, 0x6f, 0x75,
	},
	{
		0x6e, 0x64, 0x20, 0x69, 0x6e, 0x20, 0x73, 0x5f,
		0x62, 0x61, 0x74, 0x74, 0x6c, 0x65, 0x2e, 0x63,
		0x20, 0x0d, 0x0a, 0x23,
	},
	{
		0x20, 0x20, 0x20, 0x20, 0x20, 0x20, 0x20, 0x20,
		0x20, 0x20, 0x20, 0x20, 0x20, 0x20, 0x20, 0x20,
		0x20, 0x20, 0x31, 0x37,
	},
	{
		0x5d, 0x20, 0x64, 0x6f, 0x50, 0x61, 0x72, 0x61,
		0x6c, 0x79, 0x73, 0x69, 0x73, 0x20, 0x66, 0x6f,
		0x75, 0x6e, 0x64, 0x20,
	},
	{
		0x69, 0x6e, 0x20, 0x73, 0x5f, 0x62, 0x61, 0x74,
		0x74, 0x6c, 0x65, 0x2e, 0x63, 0x20, 0x0d, 0x0a,
		0x23, 0x20, 0x20, 0x20,
	},
	{
		0x20, 0x20, 0x20, 0x20, 0x20, 0x20, 0x20, 0x20,
		0x20, 0x20, 0x20, 0x20, 0x20, 0x20, 0x20, 0x31,
		0x37, 0x5d, 0x20, 0x64,
	},
	{
		0x6f, 0x43, 0x6f, 0x6e, 0x66, 0x75, 0x73, 0x69,
		0x6f, 0x6e, 0x20, 0x66, 0x6f, 0x75, 0x6e, 0x64,
		0x20, 0x69, 0x6e, 0x20,
	},
	{
		0x73, 0x5f, 0x62, 0x61, 0x74, 0x74, 0x6c, 0x65,
		0x2e, 0x63, 0x20, 0x0d, 0x0a, 0x23, 0x20, 0x20,
		0x20, 0x20, 0x20, 0x20,
	},
	{
		0x20, 0x20, 0x20, 0x20, 0x20, 0x20, 0x20, 0x20,
		0x20, 0x20, 0x20, 0x20, 0x20, 0x31, 0x38, 0x5d,
		0x20, 0x73, 0x65, 0x74,
	},
	{
		0x52, 0x61, 0x6e, 0x64, 0x6f, 0x6d, 0x41, 0x6e,
		0x67, 0x6c, 0x65, 0x20, 0x66, 0x6f, 0x75, 0x6e,
		0x64, 0x20, 0x69, 0x6e,
	},
	{
		0x20, 0x73, 0x5f, 0x62, 0x61, 0x74, 0x74, 0x6c,
		0x65, 0x2e, 0x63, 0x20, 0x0d, 0x0a, 0x23, 0x20,
		0x20, 0x20, 0x20, 0x20,
	},
	{
		0x20, 0x20, 0x20, 0x20, 0x20, 0x20, 0x20, 0x20,
		0x20, 0x20, 0x20, 0x20, 0x20, 0x20, 0x31, 0x38,
		0x5d, 0x20, 0x63, 0x68,
	},
	{
		0x65, 0x63, 0x6b, 0x48, 0x69, 0x74, 0x54, 0x61,
		0x72, 0x67, 0x65, 0x74, 0x20, 0x66, 0x6f, 0x75,
		0x6e, 0x64, 0x20, 0x69,
	},
	{
		0x6e, 0x20, 0x73, 0x5f, 0x62, 0x61, 0x74, 0x74,
		0x6c, 0x65, 0x2e, 0x63, 0x20, 0x0d, 0x0a, 0x23,
		0x20, 0x20, 0x20, 0x20,
	},
	{
		0x20, 0x20, 0x20, 0x20, 0x20, 0x20, 0x20, 0x20,
		0x20, 0x20, 0x20, 0x20, 0x20, 0x20, 0x31, 0x37,
		0x5d, 0x20, 0x64, 0x6f,
	},
	{
		0x55, 0x6e, 0x73, 0x65, 0x6e, 0x69, 0x6c, 0x65,
		0x20, 0x66, 0x6f, 0x75, 0x6e, 0x64, 0x20, 0x69,
		0x6e, 0x20, 0x73, 0x5f,
	},
	{
		0x62, 0x61, 0x74, 0x74, 0x6c, 0x65, 0x2e, 0x63,
		0x20, 0x0d, 0x0a, 0x23, 0x20, 0x20, 0x20, 0x20,
		0x20, 0x20, 0x20, 0x20,
	},
	{
		0x20, 0x20, 0x20, 0x20, 0x20, 0x20, 0x20, 0x20,
		0x20, 0x20, 0x31, 0x37, 0x5d, 0x20, 0x64, 0x6f,
		0x57, 0x61, 0x69, 0x74,
	},
	{
		0x20, 0x66, 0x6f, 0x75, 0x6e, 0x64, 0x20, 0x69,
		0x6e, 0x20, 0x73, 0x5f, 0x62, 0x61, 0x74, 0x74,
		0x6c, 0x65, 0x2e, 0x63,
	},
	{
		0x20, 0x0d, 0x0a, 0x23, 0x20, 0x20, 0x20, 0x20,
		0x20, 0x20, 0x20, 0x20, 0x20, 0x20, 0x20, 0x20,
		0x20, 0x20, 0x20, 0x20,
	},
	{
		0x20, 0x20, 0x20, 0x31, 0x38, 0x5d, 0x20, 0x6b,
		0x65, 0x65, 0x70, 0x46, 0x69, 0x78, 0x44, 0x69,
		0x73, 0x74, 0x61, 0x6e,
	},
	{
		0x63, 0x65, 0x20, 0x66, 0x6f, 0x75, 0x6e, 0x64,
		0x20, 0x69, 0x6e, 0x20, 0x73, 0x5f, 0x62, 0x61,
		0x74, 0x74, 0x6c, 0x65,
	},
	{
		0x2e, 0x63, 0x20, 0x0d, 0x0a, 0x23, 0x20, 0x20,
		0x20, 0x20, 0x20, 0x20, 0x20, 0x20, 0x20, 0x20,
		0x20, 0x20, 0x20, 0x20,
	},
	{
		0x20, 0x20, 0x20, 0x20, 0x20, 0x20, 0x31, 0x39,
		0x5d, 0x20, 0x73, 0x65, 0x74, 0x4b, 0x65, 0x65,
		0x70, 0x4d, 0x6f, 0x74,
	},
	{
		0x69, 0x6f, 0x6e, 0x20, 0x66, 0x6f, 0x75, 0x6e,
		0x64, 0x20, 0x69, 0x6e, 0x20, 0x73, 0x5f, 0x62,
		0x61, 0x74, 0x74, 0x6c,
	},
	{
		0x65, 0x2e, 0x63, 0x20, 0x0d, 0x0a, 0x23, 0x20,
		0x20, 0x20, 0x20, 0x20, 0x20, 0x20, 0x20, 0x20,
		0x20, 0x20, 0x20, 0x20,
	},
	{
		0x20, 0x20, 0x20, 0x20, 0x20, 0x20, 0x20, 0x20,
		0x32, 0x30, 0x5d, 0x20, 0x67, 0x65, 0x74, 0x54,
		0x61, 0x72, 0x67, 0x65,
	},
	{
		0x74, 0x46, 0x69, 0x78, 0x44, 0x69, 0x73, 0x74,
		0x61, 0x6e, 0x63, 0x65, 0x20, 0x66, 0x6f, 0x75,
		0x6e, 0x64, 0x20, 0x69,
	},
	{
		0x6e, 0x20, 0x73, 0x5f, 0x62, 0x61, 0x74, 0x74,
		0x6c, 0x65, 0x2e, 0x63, 0x20, 0x0d, 0x0a, 0x23,
		0x20, 0x20, 0x20, 0x20,
	},
	{
		0x20, 0x20, 0x20, 0x20, 0x20, 0x20, 0x20, 0x20,
		0x20, 0x20, 0x20, 0x20, 0x20, 0x20, 0x31, 0x37,
		0x5d, 0x20, 0x64, 0x6f,
	},
	{
		0x57, 0x61, 0x69, 0x74, 0x32, 0x20, 0x66, 0x6f,
		0x75, 0x6e, 0x64, 0x20, 0x69, 0x6e, 0x20, 0x73,
		0x5f, 0x62, 0x61, 0x74,
	},
	{
		0x74, 0x6c, 0x65, 0x2e, 0x63, 0x20, 0x0d, 0x0a,
		0x23, 0x20, 0x20, 0x20, 0x20, 0x20, 0x20, 0x20,
		0x20, 0x20, 0x20, 0x20,
	},
	{
		0x20, 0x20, 0x20, 0x20, 0x20, 0x20, 0x20, 0x31,
		0x37, 0x5d, 0x20, 0x64, 0x6f, 0x4d, 0x6f, 0x76,
		0x65, 0x20, 0x66, 0x6f,
	},
	{
		0x75, 0x6e, 0x64, 0x20, 0x69, 0x6e, 0x20, 0x73,
		0x5f, 0x62, 0x61, 0x74, 0x74, 0x6c, 0x65, 0x2e,
		0x63, 0x20, 0x0d, 0x0a,
	},
	{
		0x23, 0x20, 0x20, 0x20, 0x20, 0x20, 0x20, 0x20,
		0x20, 0x20, 0x20, 0x20, 0x20, 0x20, 0x20, 0x20,
		0x20, 0x20, 0x20, 0x31,
	},
	{
		0x37, 0x5d, 0x20, 0x73, 0x5f, 0x64, 0x61, 0x6d,
		0x61, 0x67, 0x65, 0x43, 0x68, 0x65, 0x63, 0x6b,
		0x20, 0x66, 0x6f, 0x75,
	},
	{
		0x6e, 0x64, 0x20, 0x69, 0x6e, 0x20, 0x73, 0x5f,
		0x64, 0x61, 0x6d, 0x61, 0x67, 0x65, 0x2e, 0x63,
		0x20, 0x0d, 0x0a, 0x23,
	},
	{
		0x20, 0x20, 0x20, 0x20, 0x20, 0x20, 0x20, 0x20,
		0x20, 0x20, 0x20, 0x20, 0x20, 0x20, 0x20, 0x20,
		0x20, 0x20, 0x20, 0x31,
	},
	{
		0x38, 0x5d, 0x20, 0x67, 0x65, 0x74, 0x45, 0x76,
		0x65, 0x6e, 0x74, 0x57, 0x61, 0x7a, 0x61, 0x4e,
		0x6f, 0x20, 0x66, 0x6f,
	},
	{
		0x75, 0x6e, 0x64, 0x20, 0x69, 0x6e, 0x20, 0x73,
		0x5f, 0x64, 0x61, 0x6d, 0x61, 0x67, 0x65, 0x2e,
		0x63, 0x20, 0x0d, 0x0a,
	},
	{
		0x23, 0x20, 0x20, 0x20, 0x20, 0x20, 0x20, 0x20,
		0x20, 0x20, 0x20, 0x20, 0x20, 0x20, 0x20, 0x20,
		0x20, 0x20, 0x20, 0x20,
	},
	{
		0x20, 0x31, 0x39, 0x5d, 0x20, 0x67, 0x65, 0x74,
		0x42, 0x61, 0x74, 0x74, 0x6c, 0x65, 0x49, 0x6e,
		0x64, 0x65, 0x78, 0x20,
	},
	{
		0x66, 0x6f, 0x75, 0x6e, 0x64, 0x20, 0x69, 0x6e,
		0x20, 0x73, 0x5f, 0x64, 0x61, 0x6d, 0x61, 0x67,
		0x65, 0x2e, 0x63, 0x20,
	},
	{
		0x0d, 0x0a, 0x23, 0x20, 0x20, 0x20, 0x20, 0x20,
		0x20, 0x20, 0x20, 0x20, 0x20, 0x20, 0x20, 0x20,
		0x20, 0x20, 0x20, 0x20,
	},
	{
		0x20, 0x20, 0x31, 0x38, 0x5d, 0x20, 0x63, 0x68,
		0x65, 0x63, 0x6b, 0x41, 0x73, 0x73, 0x69, 0x73,
		0x74, 0x20, 0x66, 0x6f,
	},
	{
		0x75, 0x6e, 0x64, 0x20, 0x69, 0x6e, 0x20, 0x73,
		0x5f, 0x64, 0x61, 0x6d, 0x61, 0x67, 0x65, 0x2e,
		0x63, 0x20, 0x0d, 0x0a,
	},
	{
		0x23, 0x20, 0x20, 0x20, 0x20, 0x20, 0x20, 0x20,
		0x20, 0x20, 0x20, 0x20, 0x20, 0x20, 0x20, 0x20,
		0x20, 0x20, 0x20, 0x20,
	},
	{
		0x20, 0x31, 0x39, 0x5d, 0x20, 0x73, 0x5f, 0x62,
		0x6f, 0x75, 0x6e, 0x64, 0x50, 0x61, 0x72, 0x61,
		0x6d, 0x20, 0x66, 0x6f,
	},
	{
		0x75, 0x6e, 0x64, 0x20, 0x69, 0x6e, 0x20, 0x73,
		0x5f, 0x64, 0x61, 0x6d, 0x61, 0x67, 0x65, 0x2e,
		0x63, 0x20, 0x0d, 0x0a,
	},
	{
		0x23, 0x20, 0x20, 0x20, 0x20, 0x20, 0x20, 0x20,
		0x20, 0x20, 0x20, 0x20, 0x20, 0x20, 0x20, 0x20,
		0x20, 0x20, 0x20, 0x20,
	},
	{
		0x31, 0x38, 0x5d, 0x20, 0x67, 0x65, 0x74, 0x48,
		0x69, 0x74, 0x52, 0x61, 0x74, 0x65, 0x20, 0x66,
		0x6f, 0x75, 0x6e, 0x64,
	},
	{
		0x20, 0x69, 0x6e, 0x20, 0x73, 0x5f, 0x64, 0x61,
		0x6d, 0x61, 0x67, 0x65, 0x2e, 0x63, 0x20, 0x0d,
		0x0a, 0x23, 0x20, 0x20,
	},
	{
		0x20, 0x20, 0x20, 0x20, 0x20, 0x20, 0x20, 0x20,
		0x20, 0x20, 0x20, 0x20, 0x20, 0x20, 0x20, 0x20,
		0x20, 0x31, 0x38, 0x5d,
	},
	{
		0x20, 0x53, 0x54, 0x44, 0x5f, 0x5f, 0x5f, 0x72,
		0x65, 0x73, 0x65, 0x74, 0x5f, 0x63, 0x68, 0x61,
		0x72, 0x67, 0x65, 0x20,
	},
	{
		0x66, 0x6f, 0x75, 0x6e, 0x64, 0x20, 0x69, 0x6e,
		0x20, 0x4f, 0x56, 0x4c, 0x31, 0x5f, 0x5f, 0x63,
		0x68, 0x61, 0x72, 0x67,
	},
	{
		0x65, 0x2e, 0x63, 0x20, 0x0d, 0x0a, 0x23, 0x20,
		0x20, 0x20, 0x20, 0x20, 0x20, 0x20, 0x20, 0x20,
		0x20, 0x20, 0x20, 0x20,
	},
	{
		0x20, 0x20, 0x20, 0x20, 0x20, 0x20, 0x31, 0x38,
		0x5d, 0x20, 0x73, 0x65, 0x74, 0x52, 0x56, 0x49,
		0x45, 0x57, 0x5f, 0x43,
	},
	{
		0x41, 0x4d, 0x45, 0x52, 0x41, 0x20, 0x66, 0x6f,
		0x75, 0x6e, 0x64, 0x20, 0x69, 0x6e, 0x20, 0x63,
		0x61, 0x6d, 0x65, 0x72,
	},
	{
		0x61, 0x2e, 0x63, 0x20, 0x0d, 0x0a, 0x23, 0x20,
		0x20, 0x20, 0x20, 0x20, 0x20, 0x20, 0x20, 0x20,
		0x20, 0x20, 0x20, 0x20,
	},
	{
		0x20, 0x20, 0x20, 0x20, 0x20, 0x20, 0x20, 0x31,
		0x39, 0x5d, 0x20, 0x63, 0x61, 0x6d, 0x5f, 0x70,
		0x61, 0x72, 0x61, 0x6d,
	},
	{
		0x32, 0x20, 0x28, 0x6c, 0x6f, 0x63, 0x61, 0x6c,
		0x29, 0x20, 0x64, 0x65, 0x66, 0x69, 0x6e, 0x65,
		0x64, 0x20, 0x69, 0x6e,
	},
	{
		0x20, 0x63, 0x61, 0x6d, 0x65, 0x72, 0x61, 0x2e,
		0x63, 0x20, 0x0d, 0x0a, 0x23, 0x20, 0x20, 0x20,
		0x20, 0x20, 0x20, 0x20,
	},
	{
		0x20, 0x20, 0x20, 0x20, 0x20, 0x20, 0x20, 0x20,
		0x20, 0x20, 0x20, 0x20, 0x31, 0x38, 0x5d, 0x20,
		0x67, 0x65, 0x74, 0x44,
	},
	{
		0x61, 0x6d, 0x61, 0x67, 0x65, 0x50, 0x6f, 0x69,
		0x6e, 0x74, 0x20, 0x66, 0x6f, 0x75, 0x6e, 0x64,
		0x20, 0x69, 0x6e, 0x20,
	},
	{
		0x73, 0x5f, 0x64, 0x61, 0x6d, 0x61, 0x67, 0x65,
		0x2e, 0x63, 0x20, 0x0d, 0x0a, 0x23, 0x20, 0x20,
		0x20, 0x20, 0x20, 0x20,
	},
	{
		0x20, 0x20, 0x20, 0x20, 0x20, 0x20, 0x20, 0x20,
		0x20, 0x20, 0x20, 0x20, 0x20, 0x31, 0x38, 0x5d,
		0x20, 0x73, 0x65, 0x74,
	},
	{
		0x44, 0x61, 0x6d, 0x61, 0x67, 0x65, 0x44, 0x69,
		0x72, 0x65, 0x63, 0x74, 0x69, 0x6f, 0x6e, 0x20,
		0x66, 0x6f, 0x75, 0x6e,
	},
	{
		0x64, 0x20, 0x69, 0x6e, 0x20, 0x73, 0x5f, 0x64,
		0x61, 0x6d, 0x61, 0x67, 0x65, 0x2e, 0x63, 0x20,
		0x0d, 0x0a, 0x23, 0x20,
	},
	{
		0x20, 0x20, 0x20, 0x20, 0x20, 0x20, 0x20, 0x20,
		0x20, 0x20, 0x20, 0x20, 0x20, 0x20, 0x20, 0x20,
		0x20, 0x20, 0x20, 0x31,
	},
	{
		0x39, 0x5d, 0x20, 0x73, 0x65, 0x74, 0x44, 0x61,
		0x6d, 0x61, 0x67, 0x65, 0x4d, 0x6f, 0x74, 0x69,
		0x6f, 0x6e, 0x20, 0x66,
	},
	{
		0x6f, 0x75, 0x6e, 0x64, 0x20, 0x69, 0x6e, 0x20,
		0x73, 0x5f, 0x64, 0x61, 0x6d, 0x61, 0x67, 0x65,
		0x2e, 0x63, 0x20, 0x0d,
	},
	{
		0x0a, 0x23, 0x20, 0x20, 0x20, 0x20, 0x20, 0x20,
		0x20, 0x20, 0x20, 0x20, 0x20, 0x20, 0x20, 0x20,
		0x20, 0x20, 0x20, 0x20,
	},
	{
		0x20, 0x31, 0x38, 0x5d, 0x20, 0x63, 0x68, 0x65,
		0x63, 0x6b, 0x48, 0x69, 0x74, 0x45, 0x66, 0x66,
		0x65, 0x63, 0x74, 0x20,
	},
	{
		0x66, 0x6f, 0x75, 0x6e, 0x64, 0x20, 0x69, 0x6e,
		0x20, 0x73, 0x5f, 0x64, 0x61, 0x6d, 0x61, 0x67,
		0x65, 0x2e, 0x63, 0x20,
	},
	{
		0x0d, 0x0a, 0x23, 0x20, 0x20, 0x20, 0x20, 0x20,
		0x20, 0x20, 0x20, 0x20, 0x20, 0x20, 0x20, 0x20,
		0x20, 0x20, 0x20, 0x20,
	},
	{
		0x20, 0x20, 0x20, 0x31, 0x39, 0x5d, 0x20, 0x73,
		0x5f, 0x73, 0x65, 0x74, 0x50, 0x6f, 0x69, 0x73,
		0x6f, 0x6e, 0x45, 0x66,
	},
	{
		0x66, 0x65, 0x63, 0x74, 0x20, 0x66, 0x6f, 0x75,
		0x6e, 0x64, 0x20, 0x69, 0x6e, 0x20, 0x73, 0x5f,
		0x73, 0x74, 0x61, 0x74,
	},
	{
		0x75, 0x73, 0x2e, 0x63, 0x20, 0x0d, 0x0a, 0x23,
		0x20, 0x20, 0x20, 0x20, 0x20, 0x20, 0x20, 0x20,
		0x20, 0x20, 0x20, 0x20,
	},
	{
		0x20, 0x20, 0x20, 0x20, 0x20, 0x20, 0x20, 0x20,
		0x20, 0x32, 0x30, 0x5d, 0x20, 0x73, 0x65, 0x74,
		0x57, 0x72, 0x6f, 0x6e,
	},
	{
		0x67, 0x20, 0x66, 0x6f, 0x75, 0x6e, 0x64, 0x20,
		0x69, 0x6e, 0x20, 0x73, 0x5f, 0x73, 0x74, 0x61,
		0x74, 0x75, 0x73, 0x2e,
	},
	{
		0x63, 0x20, 0x0d, 0x0a, 0x23, 0x20, 0x20, 0x20,
		0x20, 0x20, 0x20, 0x20, 0x20, 0x20, 0x20, 0x20,
		0x20, 0x20, 0x20, 0x20,
	},
	{
		0x20, 0x20, 0x20, 0x20, 0x20, 0x20, 0x20, 0x32,
		0x31, 0x5d, 0x20, 0x53, 0x54, 0x44, 0x5f, 0x5f,
		0x5f, 0x73, 0x65, 0x74,
	},
	{
		0x5f, 0x41, 0x46, 0x70, 0x6f, 0x69, 0x73, 0x6f,
		0x6e, 0x4d, 0x20, 0x66, 0x6f, 0x75, 0x6e, 0x64,
		0x20, 0x69, 0x6e, 0x20,
	},
	{
		0x4f, 0x56, 0x4c, 0x31, 0x5f, 0x5f, 0x41, 0x46,
		0x70, 0x6f, 0x69, 0x73, 0x6f, 0x2e, 0x63, 0x20,
		0x0d, 0x0a, 0x23, 0x20,
	},
	{
		0x20, 0x20, 0x20, 0x20, 0x20, 0x20, 0x20, 0x20,
		0x20, 0x20, 0x20, 0x20, 0x20, 0x20, 0x20, 0x20,
		0x20, 0x20, 0x20, 0x20,
	},
	{
		0x20, 0x20, 0x32, 0x32, 0x5d, 0x20, 0x6d, 0x6f,
		0x76, 0x65, 0x5f, 0x41, 0x46, 0x70, 0x6f, 0x69,
		0x6e, 0x73, 0x6f, 0x6e,
	},
	{
		0x4d, 0x20, 0x66, 0x6f, 0x75, 0x6e, 0x64, 0x20,
		0x69, 0x6e, 0x20, 0x4f, 0x56, 0x4c, 0x31, 0x5f,
		0x5f, 0x41, 0x46, 0x70,
	},
	{
		0x6f, 0x69, 0x73, 0x6f, 0x2e, 0x63, 0x20, 0x0d,
		0x0a, 0x23, 0x20, 0x20, 0x20, 0x20, 0x20, 0x20,
		0x20, 0x20, 0x20, 0x20,
	},
	{
		0x20, 0x20, 0x20, 0x20, 0x20, 0x20, 0x20, 0x20,
		0x20, 0x20, 0x20, 0x20, 0x20, 0x20, 0x32, 0x33,
		0x5d, 0x20, 0x73, 0x65,
	},
	{
		0x74, 0x5f, 0x41, 0x46, 0x70, 0x6f, 0x69, 0x73,
		0x6f, 0x6e, 0x20, 0x66, 0x6f, 0x75, 0x6e, 0x64,
		0x20, 0x69, 0x6e, 0x20,
	},
	{
		0x4f, 0x56, 0x4c, 0x31, 0x5f, 0x5f, 0x41, 0x46,
		0x70, 0x6f, 0x69, 0x73, 0x6f, 0x2e, 0x63, 0x20,
		0x0d, 0x0a, 0x23, 0x20,
	},
	{
		0x20, 0x20, 0x20, 0x20, 0x20, 0x20, 0x20, 0x20,
		0x20, 0x20, 0x20, 0x20, 0x20, 0x20, 0x20, 0x20,
		0x20, 0x20, 0x20, 0x20,
	},
	{
		0x20, 0x20, 0x20, 0x20, 0x32, 0x34, 0x5d, 0x20,
		0x6d, 0x6f, 0x76, 0x65, 0x5f, 0x41, 0x46, 0x70,
		0x6f, 0x69, 0x6e, 0x73,
	},
	{
		0x6f, 0x6e, 0x20, 0x66, 0x6f, 0x75, 0x6e, 0x64,
		0x20, 0x69, 0x6e, 0x20, 0x4f, 0x56, 0x4c, 0x31,
		0x5f, 0x5f, 0x41, 0x46,
	},
	{
		0x70, 0x6f, 0x69, 0x73, 0x6f, 0x2e, 0x63, 0x20,
		0x0d, 0x0a, 0x23, 0x20, 0x20, 0x20, 0x20, 0x20,
		0x20, 0x20, 0x20, 0x20,
	},
	{
		0x20, 0x20, 0x20, 0x20, 0x20, 0x20, 0x20, 0x20,
		0x20, 0x20, 0x20, 0x20, 0x20, 0x20, 0x20, 0x20,
		0x32, 0x34, 0x5d, 0x20,
	},
	{
		0x64, 0x72, 0x61, 0x77, 0x5f, 0x41, 0x46, 0x70,
		0x6f, 0x69, 0x73, 0x6f, 0x6e, 0x20, 0x66, 0x6f,
		0x75, 0x6e, 0x64, 0x20,
	},
	{
		0x69, 0x6e, 0x20, 0x4f, 0x56, 0x4c, 0x31, 0x5f,
		0x5f, 0x41, 0x46, 0x70, 0x6f, 0x69, 0x73, 0x6f,
		0x2e, 0x63, 0x20, 0x0d,
	},
	{
		0x0a, 0x23, 0x20, 0x20, 0x20, 0x20, 0x20, 0x20,
		0x20, 0x20, 0x20, 0x20, 0x20, 0x20, 0x20, 0x20,
		0x20, 0x20, 0x20, 0x20,
	},
	{
		0x20, 0x20, 0x20, 0x20, 0x20, 0x20, 0x20, 0x20,
		0x32, 0x35, 0x5d, 0x20, 0x54, 0x61, 0x62, 0x6c,
		0x65, 0x5f, 0x64, 0x55,
	},
	{
		0x5f, 0x5f, 0x41, 0x46, 0x70, 0x6f, 0x69, 0x73,
		0x6f, 0x6e, 0x20, 0x28, 0x6c, 0x6f, 0x63, 0x61,
		0x6c, 0x29, 0x20, 0x64,
	},
	{
		0x65, 0x66, 0x69, 0x6e, 0x65, 0x64, 0x20, 0x69,
		0x6e, 0x20, 0x4f, 0x56, 0x4c, 0x31, 0x5f, 0x5f,
		0x41, 0x46, 0x70, 0x6f,
	},
	{
		0x69, 0x73, 0x6f, 0x2e, 0x63, 0x20, 0x0d, 0x0a,
		0x23, 0x20, 0x20, 0x20, 0x20, 0x20, 0x20, 0x20,
		0x20, 0x20, 0x20, 0x20,
	},
	{
		0x20, 0x20, 0x20, 0x20, 0x20, 0x20, 0x20, 0x20,
		0x20, 0x20, 0x20, 0x20, 0x20, 0x20, 0x20, 0x32,
		0x35, 0x5d, 0x20, 0x67,
	},
	{
		0x47, 0x53, 0x50, 0x5f, 0x41, 0x46, 0x70, 0x6f,
		0x69, 0x73, 0x6f, 0x6e, 0x20, 0x28, 0x6c, 0x6f,
		0x63, 0x61, 0x6c, 0x29,
	},
	{
		0x20, 0x64, 0x65, 0x66, 0x69, 0x6e, 0x65, 0x64,
		0x20, 0x69, 0x6e, 0x20, 0x4f, 0x56, 0x4c, 0x31,
		0x5f, 0x5f, 0x41, 0x46,
	},
	{
		0x70, 0x6f, 0x69, 0x73, 0x6f, 0x2e, 0x63, 0x20,
		0x0d, 0x0a, 0x23, 0x20, 0x20, 0x20, 0x20, 0x20,
		0x20, 0x20, 0x20, 0x20,
	},
	{
		0x20, 0x20, 0x20, 0x20, 0x20, 0x20, 0x20, 0x20,
		0x20, 0x20, 0x20, 0x20, 0x20, 0x20, 0x32, 0x32,
		0x5d, 0x20, 0x64, 0x72,
	},
	{
		0x61, 0x77, 0x5f, 0x41, 0x46, 0x70, 0x6f, 0x69,
		0x6e, 0x73, 0x6f, 0x6e, 0x4d, 0x20, 0x66, 0x6f,
		0x75, 0x6e, 0x64, 0x20,
	},
	{
		0x69, 0x6e, 0x20, 0x4f, 0x56, 0x4c, 0x31, 0x5f,
		0x5f, 0x41, 0x46, 0x70, 0x6f, 0x69, 0x73, 0x6f,
		0x2e, 0x63, 0x20, 0x0d,
	},
	{
		0x0a, 0x23, 0x20, 0x20, 0x20, 0x20, 0x20, 0x20,
		0x20, 0x20, 0x20, 0x20, 0x20, 0x20, 0x20, 0x20,
		0x20, 0x20, 0x20, 0x20,
	},
	{
		0x20, 0x20, 0x20, 0x20, 0x32, 0x31, 0x5d, 0x20,
		0x53, 0x54, 0x44, 0x5f, 0x5f, 0x5f, 0x73, 0x65,
		0x74, 0x5f, 0x41, 0x46,
	},
	{
		0x63, 0x68, 0x61, 0x6f, 0x73, 0x20, 0x66, 0x6f,
		0x75, 0x6e, 0x64, 0x20, 0x69, 0x6e, 0x20, 0x4f,
		0x56, 0x4c, 0x31, 0x5f,
	},
};

void (*BTL_D_80074EBC[97])(void) = {
	(void (*)(void))0x6346415f, (void (*)(void))0x736f6168,
	(void (*)(void))0x0d20632e, (void (*)(void))0x2020230a,
	(void (*)(void))0x20202020, (void (*)(void))0x20202020,
	(void (*)(void))0x20202020, (void (*)(void))0x20202020,
	(void (*)(void))0x20202020, (void (*)(void))0x5d323220,
	(void (*)(void))0x766f6d20, (void (*)(void))0x46415f65,
	(void (*)(void))0x6f616863, (void (*)(void))0x6f662073,
	(void (*)(void))0x20646e75, (void (*)(void))0x4f206e69,
	(void (*)(void))0x5f314c56, (void (*)(void))0x6346415f,
	(void (*)(void))0x736f6168, (void (*)(void))0x0d20632e,
	(void (*)(void))0x2020230a, (void (*)(void))0x20202020,
	(void (*)(void))0x20202020, (void (*)(void))0x20202020,
	(void (*)(void))0x20202020, (void (*)(void))0x20202020,
	(void (*)(void))0x5d323220, (void (*)(void))0x61726420,
	(void (*)(void))0x46415f77, (void (*)(void))0x6f616863,
	(void (*)(void))0x6f662073, (void (*)(void))0x20646e75,
	(void (*)(void))0x4f206e69, (void (*)(void))0x5f314c56,
	(void (*)(void))0x6346415f, (void (*)(void))0x736f6168,
	(void (*)(void))0x0d20632e, (void (*)(void))0x2020230a,
	(void (*)(void))0x20202020, (void (*)(void))0x20202020,
	(void (*)(void))0x20202020, (void (*)(void))0x20202020,
	(void (*)(void))0x20202020, (void (*)(void))0x33322020,
	(void (*)(void))0x5367205d, (void (*)(void))0x454c4143,
	(void (*)(void))0x6346415f, (void (*)(void))0x736f6168,
	(void (*)(void))0x6f6c2820, (void (*)(void))0x296c6163,
	(void (*)(void))0x66656420, (void (*)(void))0x64656e69,
	(void (*)(void))0x206e6920, (void (*)(void))0x314c564f,
	(void (*)(void))0x46415f5f, (void (*)(void))0x6f616863,
	(void (*)(void))0x20632e73, (void (*)(void))0x20230a0d,
	(void (*)(void))0x20202020, (void (*)(void))0x20202020,
	(void (*)(void))0x20202020, (void (*)(void))0x20202020,
	(void (*)(void))0x20202020, (void (*)(void))0x5d313220,
	(void (*)(void))0x44545320, (void (*)(void))0x735f5f5f,
	(void (*)(void))0x415f7465, (void (*)(void))0x72617046,
	(void (*)(void))0x73796c61, (void (*)(void))0x20327369,
	(void (*)(void))0x6e756f66, (void (*)(void))0x6e692064,
	(void (*)(void))0x4c564f20, (void (*)(void))0x415f5f31,
	(void (*)(void))0x61705f46, (void (*)(void))0x326c6172,
	(void (*)(void))0x0d20632e, (void (*)(void))0x2020230a,
	(void (*)(void))0x20202020, (void (*)(void))0x20202020,
	(void (*)(void))0x20202020, (void (*)(void))0x20202020,
	(void (*)(void))0x20202020, (void (*)(void))0x5d323220,
	(void (*)(void))0x766f6d20, (void (*)(void))0x46415f65,
	(void (*)(void))0x61726170, (void (*)(void))0x6973796c,
	(void (*)(void))0x66203273, (void (*)(void))0x646e756f,
	(void (*)(void))0x206e6920, (void (*)(void))0x314c564f,
	(void (*)(void))0x46415f5f, (void (*)(void))0x7261705f,
	(void (*)(void))0x2e326c61, (void (*)(void))0x0a0d2063,
	(void (*)(void))0x20202023,
};

int16_t BTL_D_80075040[12][6] = {
	{ 0x2020, 0x2020, 0x2020, 0x2020, 0x2020, 0x2020 },
	{ 0x2020, 0x2020, 0x2020, 0x2020, 0x3220, 0x5d33 },
	{ 0x7320, 0x7465, 0x525f, 0x4e49, 0x5f47, 0x4641 },
	{ 0x6170, 0x6172, 0x796c, 0x6973, 0x3273, 0x6620 },
	{ 0x756f, 0x646e, 0x6920, 0x206e, 0x564f, 0x314c },
	{ 0x5f5f, 0x4641, 0x705f, 0x7261, 0x6c61, 0x2e32 },
	{ 0x2063, 0x0a0d, 0x2023, 0x2020, 0x2020, 0x2020 },
	{ 0x2020, 0x2020, 0x2020, 0x2020, 0x2020, 0x2020 },
	{ 0x2020, 0x2020, 0x2020, 0x3432, 0x205d, 0x6f6d },
	{ 0x6576, 0x525f, 0x4e49, 0x5f47, 0x4641, 0x6170 },
	{ 0x6172, 0x796c, 0x6973, 0x3273, 0x6620, 0x756f },
	{ 0x646e, 0x6920, 0x206e, 0x564f, 0x314c, 0x5f5f },
};

int16_t BTL_D_800750D0[4][4] = {
	{ 0x4641, 0x705f, 0x7261, 0x6c61 },
	{ 0x2e32, 0x2063, 0x0a0d, 0x2023 },
	{ 0x2020, 0x2020, 0x2020, 0x2020 },
	{ 0x2020, 0x2020, 0x2020, 0x2020 },
};

int16_t BTL_D_800750F0[4][8] = {
	{ 0x2020, 0x2020, 0x2020, 0x2020, 0x3432, 0x205d, 0x7264, 0x7761 },
	{ 0x525f, 0x4e49, 0x5f47, 0x4641, 0x6170, 0x6172, 0x796c, 0x6973 },
	{ 0x3273, 0x6620, 0x756f, 0x646e, 0x6920, 0x206e, 0x564f, 0x314c },
	{ 0x5f5f, 0x4641, 0x705f, 0x7261, 0x6c61, 0x2e32, 0x2063, 0x0a0d },
};

int16_t BTL_D_80075130[5][6] = {
	{ 0x2023, 0x2020, 0x2020, 0x2020, 0x2020, 0x2020 },
	{ 0x2020, 0x2020, 0x2020, 0x2020, 0x2020, 0x2020 },
	{ 0x2020, 0x3220, 0x5d35, 0x4020, 0x3737, 0x2820 },
	{ 0x6f6c, 0x6163, 0x296c, 0x6420, 0x6665, 0x6e69 },
	{ 0x6465, 0x6920, 0x206e, 0x564f, 0x314c, 0x5f5f },
};

int16_t BTL_D_8007516C[25][4] = {
	{ 0x4641, 0x705f, 0x7261, 0x6c61 },
	{ 0x2e32, 0x2063, 0x0a0d, 0x2023 },
	{ 0x2020, 0x2020, 0x2020, 0x2020 },
	{ 0x2020, 0x2020, 0x2020, 0x2020 },
	{ 0x2020, 0x2020, 0x2020, 0x2020 },
	{ 0x3220, 0x5d35, 0x4020, 0x3837 },
	{ 0x2820, 0x6f6c, 0x6163, 0x296c },
	{ 0x6420, 0x6665, 0x6e69, 0x6465 },
	{ 0x6920, 0x206e, 0x564f, 0x314c },
	{ 0x5f5f, 0x4641, 0x705f, 0x7261 },
	{ 0x6c61, 0x2e32, 0x2063, 0x0a0d },
	{ 0x2023, 0x2020, 0x2020, 0x2020 },
	{ 0x2020, 0x2020, 0x2020, 0x2020 },
	{ 0x2020, 0x2020, 0x2020, 0x2020 },
	{ 0x3232, 0x205d, 0x7264, 0x7761 },
	{ 0x415f, 0x7046, 0x7261, 0x6c61 },
	{ 0x7379, 0x7369, 0x2032, 0x6f66 },
	{ 0x6e75, 0x2064, 0x6e69, 0x4f20 },
	{ 0x4c56, 0x5f31, 0x415f, 0x5f46 },
	{ 0x6170, 0x6172, 0x326c, 0x632e },
	{ 0x0d20, 0x230a, 0x2020, 0x2020 },
	{ 0x2020, 0x2020, 0x2020, 0x2020 },
	{ 0x2020, 0x2020, 0x2020, 0x2020 },
	{ 0x2020, 0x2020, 0x3332, 0x205d },
	{ 0x4767, 0x5053, 0x415f, 0x7046 },
};

int16_t BTL_D_80075234[2][4] = {
	{ 0x7261, 0x6c61, 0x5f32, 0x756e },
	{ 0x626d, 0x7265, 0x544c, 0x504f },
};

SVECTOR BTL_D_80075244[20] = {
	{ 0x2820, 0x6f6c, 0x6163, 0x296c },
	{ 0x6420, 0x6665, 0x6e69, 0x6465 },
	{ 0x6920, 0x206e, 0x564f, 0x314c },
	{ 0x5f5f, 0x4641, 0x705f, 0x7261 },
	{ 0x6c61, 0x2e32, 0x2063, 0x0a0d },
	{ 0x2023, 0x2020, 0x2020, 0x2020 },
	{ 0x2020, 0x2020, 0x2020, 0x2020 },
	{ 0x2020, 0x2020, 0x2020, 0x2020 },
	{ 0x3220, 0x5d33, 0x6720, 0x5347 },
	{ 0x5f50, 0x4641, 0x6170, 0x6172 },
	{ 0x326c, 0x6e5f, 0x6d75, 0x6562 },
	{ 0x5372, 0x4f54, 0x2050, 0x6c28 },
	{ 0x636f, 0x6c61, 0x2029, 0x6564 },
	{ 0x6966, 0x656e, 0x2064, 0x6e69 },
	{ 0x4f20, 0x4c56, 0x5f31, 0x415f },
	{ 0x5f46, 0x6170, 0x6172, 0x326c },
	{ 0x632e, 0x0d20, 0x230a, 0x2020 },
	{ 0x2020, 0x2020, 0x2020, 0x2020 },
	{ 0x2020, 0x2020, 0x2020, 0x2020 },
	{ 0x2020, 0x2020, 0x2020, 0x3332 },
};

BtlParticleVelocity BTL_D_800752E4[20] = {
	{ 0x205d, 0x4767, 0x5053 },
	{ 0x415f, 0x7046, 0x7261 },
	{ 0x6c61, 0x5f32, 0x7266 },
	{ 0x6d61, 0x5465, 0x504f },
	{ 0x2820, 0x6f6c, 0x6163 },
	{ 0x296c, 0x6420, 0x6665 },
	{ 0x6e69, 0x6465, 0x6920 },
	{ 0x206e, 0x564f, 0x314c },
	{ 0x5f5f, 0x4641, 0x705f },
	{ 0x7261, 0x6c61, 0x2e32 },
	{ 0x2063, 0x0a0d, 0x2023 },
	{ 0x2020, 0x2020, 0x2020 },
	{ 0x2020, 0x2020, 0x2020 },
	{ 0x2020, 0x2020, 0x2020 },
	{ 0x2020, 0x2020, 0x3220 },
	{ 0x5d33, 0x6720, 0x5347 },
	{ 0x5f50, 0x4641, 0x6170 },
	{ 0x6172, 0x326c, 0x665f },
	{ 0x6172, 0x656d, 0x4e55 },
	{ 0x4544, 0x2052, 0x6c28 },
};

BtlParticleDrag BTL_D_8007535C[20] = {
	{ 0x636f, 0x6c61 },
	{ 0x2029, 0x6564 },
	{ 0x6966, 0x656e },
	{ 0x2064, 0x6e69 },
	{ 0x4f20, 0x4c56 },
	{ 0x5f31, 0x415f },
	{ 0x5f46, 0x6170 },
	{ 0x6172, 0x326c },
	{ 0x632e, 0x0d20 },
	{ 0x230a, 0x2020 },
	{ 0x2020, 0x2020 },
	{ 0x2020, 0x2020 },
	{ 0x2020, 0x2020 },
	{ 0x2020, 0x2020 },
	{ 0x2020, 0x3931 },
	{ 0x205d, 0x5f73 },
	{ 0x6573, 0x4374 },
	{ 0x6e6f, 0x7566 },
	{ 0x6973, 0x6e6f },
	{ 0x6645, 0x6566 },
};

BtlItemParticleEffect BTL_D_800753AC[4] = {
	{
		0x7463,
		0x6620,
		{
			{
				0x756f,
				0x646e,
				0x6920,
				0x206e,
				0x74735f73,
				0x73757461,
				0x0d20632e,
				0x2020230a,
				0x2020,
				0x2020,
			},
			{
				0x2020,
				0x2020,
				0x2020,
				0x2020,
				0x20202020,
				0x39312020,
				0x5f73205d,
				0x50746573,
				0x7261,
				0x6c61,
			},
			{
				0x7379,
				0x7369,
				0x6645,
				0x6566,
				0x66207463,
				0x646e756f,
				0x206e6920,
				0x74735f73,
				0x7461,
				0x7375,
			},
			{
				0x632e,
				0x0d20,
				0x230a,
				0x2020,
				0x20202020,
				0x20202020,
				0x20202020,
				0x20202020,
				0x3120,
				0x5d38,
			},
			{
				0x6420,
				0x7369,
				0x4770,
				0x6175,
				0x66456472,
				0x74636566,
				0x756f6620,
				0x6920646e,
				0x206e,
				0x5f73,
			},
			{
				0x6164,
				0x616d,
				0x6567,
				0x632e,
				0x230a0d20,
				0x20202020,
				0x20202020,
				0x20202020,
				0x2020,
				0x2020,
			},
			{
				0x2020,
				0x3731,
				0x205d,
				0x5f73,
				0x646e6f63,
				0x6f697469,
				0x6568436e,
				0x66206b63,
				0x756f,
				0x646e,
			},
			{
				0x6920,
				0x206e,
				0x5f73,
				0x7473,
				0x73757461,
				0x0d20632e,
				0x2020230a,
				0x20202020,
				0x2020,
				0x2020,
			},
			{
				0x2020,
				0x2020,
				0x2020,
				0x2020,
				0x5d383120,
				0x635f7320,
				0x43657275,
				0x75666e6f,
				0x6973,
				0x6e6f,
			},
			{
				0x6620,
				0x756f,
				0x646e,
				0x6920,
				0x5f73206e,
				0x74617473,
				0x632e7375,
				0x230a0d20,
				0x2020,
				0x2020,
			},
			{
				0x2020,
				0x2020,
				0x2020,
				0x2020,
				0x20202020,
				0x31202020,
				0x73205d38,
				0x7275635f,
				0x5065,
				0x7261,
			},
			{
				0x6c61,
				0x7379,
				0x7369,
				0x6620,
				0x646e756f,
				0x206e6920,
				0x74735f73,
				0x73757461,
				0x632e,
				0x0d20,
			},
			{
				0x230a,
				0x2020,
				0x2020,
				0x2020,
				0x20202020,
				0x20202020,
				0x20202020,
				0x5d383120,
				0x6320,
				0x6168,
			},
			{
				0x676e,
				0x4c65,
				0x7169,
				0x6975,
				0x20435f64,
				0x6e756f66,
				0x6e692064,
				0x735f7320,
				0x6174,
				0x7574,
			},
			{
				0x2e73,
				0x2063,
				0x0a0d,
				0x2023,
				0x20202020,
				0x20202020,
				0x20202020,
				0x20202020,
				0x2020,
				0x3120,
			},
			{
				0x5d39,
				0x7320,
				0x6163,
				0x656c,
				0x6d696e41,
				0x6f662030,
				0x20646e75,
				0x73206e69,
				0x735f,
				0x6174,
			},
			{
				0x7574,
				0x2e73,
				0x2063,
				0x0a0d,
				0x20202023,
				0x20202020,
				0x20202020,
				0x20202020,
				0x2020,
				0x2020,
			},
			{
				0x3120,
				0x5d39,
				0x7320,
				0x6163,
				0x6e41656c,
				0x20316d69,
				0x6e756f66,
				0x6e692064,
				0x7320,
				0x735f,
			},
			{
				0x6174,
				0x7574,
				0x2e73,
				0x2063,
				0x20230a0d,
				0x20202020,
				0x20202020,
				0x20202020,
				0x2020,
				0x2020,
			},
			{
				0x3631,
				0x205d,
				0x6170,
				0x7375,
				0x6f662065,
				0x20646e75,
				0x74206e69,
				0x6275735f,
				0x632e,
				0x0d20,
			},
		},
	},
	{
		0x230a,
		0x2020,
		{
			{
				0x2020,
				0x2020,
				0x2020,
				0x2020,
				0x20202020,
				0x20202020,
				0x205d3731,
				0x64646170,
				0x3124,
				0x3433,
			},
			{
				0x2820,
				0x6f6c,
				0x6163,
				0x296c,
				0x66656420,
				0x64656e69,
				0x206e6920,
				0x75735f74,
				0x2e62,
				0x2063,
			},
			{
				0x0a0d,
				0x2023,
				0x2020,
				0x2020,
				0x20202020,
				0x20202020,
				0x20202020,
				0x5d373120,
				0x6f20,
				0x646c,
			},
			{
				0x705f,
				0x6461,
				0x2464,
				0x3331,
				0x6c282035,
				0x6c61636f,
				0x65642029,
				0x656e6966,
				0x2064,
				0x6e69,
			},
			{
				0x7420,
				0x735f,
				0x6275,
				0x632e,
				0x230a0d20,
				0x20202020,
				0x20202020,
				0x20202020,
				0x2020,
				0x2020,
			},
			{
				0x2020,
				0x3731,
				0x205d,
				0x7264,
				0x424f7761,
				0x6f66204a,
				0x20646e75,
				0x74206e69,
				0x735f,
				0x6275,
			},
			{
				0x632e,
				0x0d20,
				0x230a,
				0x2020,
				0x20202020,
				0x20202020,
				0x20202020,
				0x31202020,
				0x5d36,
				0x6220,
			},
			{
				0x7461,
				0x6c74,
				0x4565,
				0x646e,
				0x756f6620,
				0x6920646e,
				0x5f73206e,
				0x74746162,
				0x656c,
				0x632e,
			},
			{
				0x0d20,
				0x230a,
				0x2020,
				0x2020,
				0x20202020,
				0x20202020,
				0x20202020,
				0x37312020,
				0x205d,
				0x6572,
			},
			{
				0x6573,
				0x5f74,
				0x6162,
				0x7474,
				0x6620656c,
				0x646e756f,
				0x206e6920,
				0x61625f73,
				0x7474,
				0x656c,
			},
			{
				0x632e,
				0x0d20,
				0x230a,
				0x2020,
				0x20202020,
				0x20202020,
				0x20202020,
				0x20202020,
				0x3120,
				0x5d38,
			},
			{
				0x7220,
				0x7365,
				0x7465,
				0x414d,
				0x66204b52,
				0x646e756f,
				0x206e6920,
				0x61625f73,
				0x7474,
				0x656c,
			},
			{
				0x632e,
				0x0d20,
				0x230a,
				0x2020,
				0x20202020,
				0x20202020,
				0x20202020,
				0x20202020,
				0x3120,
				0x5d38,
			},
			{
				0x5320,
				0x4454,
				0x5f5f,
				0x725f,
				0x74657365,
				0x5f4c4c41,
				0x61704641,
				0x796c6172,
				0x6973,
				0x3273,
			},
			{
				0x6620,
				0x756f,
				0x646e,
				0x6920,
				0x564f206e,
				0x5f5f314c,
				0x705f4641,
				0x6c617261,
				0x2e32,
				0x2063,
			},
			{
				0x0a0d,
				0x2023,
				0x2020,
				0x2020,
				0x20202020,
				0x20202020,
				0x20202020,
				0x31202020,
				0x5d39,
				0x7220,
			},
			{
				0x7365,
				0x7465,
				0x4c41,
				0x5f4c,
				0x474e4952,
				0x7046415f,
				0x6c617261,
				0x73697379,
				0x2032,
				0x6f66,
			},
			{
				0x6e75,
				0x2064,
				0x6e69,
				0x4f20,
				0x5f314c56,
				0x5f46415f,
				0x61726170,
				0x632e326c,
				0x0d20,
				0x230a,
			},
			{
				0x2020,
				0x2020,
				0x2020,
				0x2020,
				0x20202020,
				0x20202020,
				0x31202020,
				0x53205d38,
				0x4454,
				0x5f5f,
			},
			{
				0x725f,
				0x7365,
				0x7465,
				0x4c41,
				0x68635f4c,
				0x65677261,
				0x756f6620,
				0x6920646e,
				0x206e,
				0x564f,
			},
		},
	},
	{
		0x314c,
		0x5f5f,
		{
			{
				0x6863,
				0x7261,
				0x6567,
				0x632e,
				0x230a0d20,
				0x20202020,
				0x20202020,
				0x20202020,
				0x2020,
				0x2020,
			},
			{
				0x2020,
				0x3120,
				0x5d38,
				0x5320,
				0x5f5f4454,
				0x7365725f,
				0x4c417465,
				0x46415f4c,
				0x6f70,
				0x7369,
			},
			{
				0x6e6f,
				0x204d,
				0x6f66,
				0x6e75,
				0x6e692064,
				0x4c564f20,
				0x415f5f31,
				0x696f7046,
				0x6f73,
				0x632e,
			},
			{
				0x0d20,
				0x230a,
				0x2020,
				0x2020,
				0x20202020,
				0x20202020,
				0x20202020,
				0x31202020,
				0x5d38,
				0x5320,
			},
			{
				0x4454,
				0x5f5f,
				0x725f,
				0x7365,
				0x4c417465,
				0x66655f4c,
				0x20434c65,
				0x6e756f66,
				0x2064,
				0x6e69,
			},
			{
				0x4f20,
				0x4c56,
				0x5f31,
				0x655f,
				0x635f6566,
				0x2e737972,
				0x0a0d2063,
				0x20202023,
				0x2020,
				0x2020,
			},
			{
				0x2020,
				0x2020,
				0x2020,
				0x2020,
				0x20202020,
				0x205d3831,
				0x5f445453,
				0x65525f5f,
				0x6572,
				0x7361,
			},
			{
				0x4565,
				0x4646,
				0x4345,
				0x2054,
				0x6e756f66,
				0x6e692064,
				0x4c564f20,
				0x655f5f31,
				0x6578,
				0x535f,
			},
			{
				0x2e43,
				0x2063,
				0x0a0d,
				0x2023,
				0x20202020,
				0x20202020,
				0x20202020,
				0x20202020,
				0x2020,
				0x3120,
			},
			{
				0x5d39,
				0x4520,
				0x4546,
				0x5f4d,
				0x65726552,
				0x57657361,
				0x20617a61,
				0x6e756f66,
				0x2064,
				0x6e69,
			},
			{
				0x4f20,
				0x4c56,
				0x5f31,
				0x655f,
				0x535f6578,
				0x20632e43,
				0x20230a0d,
				0x20202020,
				0x2020,
				0x2020,
			},
			{
				0x2020,
				0x2020,
				0x2020,
				0x2020,
				0x38312020,
				0x5453205d,
				0x5f5f5f44,
				0x65736572,
				0x5f74,
				0x4645,
			},
			{
				0x4d45,
				0x6620,
				0x756f,
				0x646e,
				0x206e6920,
				0x314c564f,
				0x78655f5f,
				0x43535f65,
				0x632e,
				0x0d20,
			},
			{
				0x230a,
				0x2020,
				0x2020,
				0x2020,
				0x20202020,
				0x20202020,
				0x20202020,
				0x39312020,
				0x205d,
				0x6964,
			},
			{
				0x7073,
				0x736f,
				0x5f65,
				0x6e63,
				0x4d455374,
				0x756f6620,
				0x6920646e,
				0x564f206e,
				0x314c,
				0x5f5f,
			},
			{
				0x7865,
				0x5f65,
				0x4353,
				0x632e,
				0x230a0d20,
				0x20202020,
				0x20202020,
				0x20202020,
				0x2020,
				0x2020,
			},
			{
				0x2020,
				0x3731,
				0x205d,
				0x5f73,
				0x65736572,
				0x5f545374,
				0x20524142,
				0x6e756f66,
				0x2064,
				0x6e69,
			},
			{
				0x7320,
				0x735f,
				0x4274,
				0x7261,
				0x0d20632e,
				0x2020230a,
				0x20202020,
				0x20202020,
				0x2020,
				0x2020,
			},
			{
				0x2020,
				0x2020,
				0x3731,
				0x205d,
				0x65725f73,
				0x50746573,
				0x4559414c,
				0x4d435f52,
				0x2044,
				0x6f66,
			},
			{
				0x6e75,
				0x2064,
				0x6e69,
				0x7320,
				0x635f705f,
				0x632e646d,
				0x230a0d20,
				0x20202020,
				0x2020,
				0x2020,
			},
		},
	},
	{
		0x2020,
		0x2020,
		{
			{
				0x2020,
				0x2020,
				0x2020,
				0x3731,
				0x6572205d,
				0x46746573,
				0x74686769,
				0x656d6954,
				0x6620,
				0x756f,
			},
			{
				0x646e,
				0x6920,
				0x206e,
				0x5f66,
				0x656d6974,
				0x0d20632e,
				0x2020230a,
				0x20202020,
				0x2020,
				0x2020,
			},
			{
				0x2020,
				0x2020,
				0x2020,
				0x3531,
				0x6572205d,
				0x46746573,
				0x73696e69,
				0x43646568,
				0x4d41,
				0x5245,
			},
			{
				0x3141,
				0x6620,
				0x756f,
				0x646e,
				0x206e6920,
				0x61635f68,
				0x6172656d,
				0x0d20632e,
				0x230a,
				0x2020,
			},
			{
				0x2020,
				0x2020,
				0x2020,
				0x2020,
				0x20202020,
				0x5d343120,
				0x73657220,
				0x49577465,
				0x204e,
				0x6f66,
			},
			{
				0x6e75,
				0x2064,
				0x6e69,
				0x7220,
				0x6c757365,
				0x20632e74,
				0x20230a0d,
				0x20202020,
				0x2020,
				0x2020,
			},
			{
				0x2020,
				0x2020,
				0x2020,
				0x3431,
				0x6572205d,
				0x4c746573,
				0x2065736f,
				0x6e756f66,
				0x2064,
				0x6e69,
			},
			{
				0x7220,
				0x7365,
				0x6c75,
				0x2e74,
				0x0a0d2063,
				0x20202023,
				0x20202020,
				0x20202020,
				0x2020,
				0x2020,
			},
			{
				0x3431,
				0x205d,
				0x656e,
				0x4377,
				0x504d4148,
				0x756f6620,
				0x6920646e,
				0x6572206e,
				0x7573,
				0x746c,
			},
			{
				0x632e,
				0x0d20,
				0x230a,
				0x2020,
				0x20202020,
				0x20202020,
				0x20202020,
				0x35312020,
				0x205d,
				0x5367,
			},
			{
				0x4154,
				0x4547,
				0x595f,
				0x2820,
				0x61636f6c,
				0x6420296c,
				0x6e696665,
				0x69206465,
				0x206e,
				0x6572,
			},
			{
				0x7573,
				0x746c,
				0x632e,
				0x0d20,
				0x2020230a,
				0x20202020,
				0x20202020,
				0x20202020,
				0x2020,
				0x3531,
			},
			{
				0x205d,
				0x5267,
				0x544f,
				0x5441,
				0x20595f45,
				0x636f6c28,
				0x20296c61,
				0x69666564,
				0x656e,
				0x2064,
			},
			{
				0x6e69,
				0x7220,
				0x7365,
				0x6c75,
				0x20632e74,
				0x20230a0d,
				0x20202020,
				0x20202020,
				0x2020,
				0x2020,
			},
			{
				0x2020,
				0x3120,
				0x5d35,
				0x4020,
				0x28203639,
				0x61636f6c,
				0x6420296c,
				0x6e696665,
				0x6465,
				0x6920,
			},
			{
				0x206e,
				0x6572,
				0x7573,
				0x746c,
				0x0d20632e,
				0x2020230a,
				0x20202020,
				0x20202020,
				0x2020,
				0x2020,
			},
			{
				0x2020,
				0x3531,
				0x205d,
				0x4367,
				0x45525f44,
				0x455f4441,
				0x2820444e,
				0x626f6c67,
				0x6c61,
				0x2029,
			},
			{
				0x6564,
				0x6966,
				0x656e,
				0x2064,
				0x73206e69,
				0x6d5f6474,
				0x2e6e6961,
				0x0a0d2063,
				0x2023,
				0x2020,
			},
			{
				0x2020,
				0x2020,
				0x2020,
				0x2020,
				0x20202020,
				0x5d353120,
				0x61686320,
				0x5465676e,
				0x444d,
				0x555f,
			},
			{
				0x2056,
				0x6f66,
				0x6e75,
				0x2064,
				0x72206e69,
				0x6c757365,
				0x20632e74,
				0x20230a0d,
				0x2020,
				0x2020,
			},
		},
	},
};

EfeBuffDisk BTL_D_80075C7C[1] = {
	{
		0x2020,
		0x2020,
		(MATRIX *)0x20202020,
		(Entity *)0x31202020,
		{ 0x5d35, 0x6720, 0x5453, 0x4741 },
		0x4d545f45,
		0x28207044,
		0x61636f6c,
		0x6420296c,
	},
};

EfeTrailEffect BTL_D_80075CA0[1] = {
	{
		0x6665,
		0x6e69,
		(MATRIX *)0x69206465,
		(Entity *)0x6572206e,
		{
			{
				0x746c7573,
				{
					{ 0x632e, 0x0d20, 0x230a, 0x2020 },
					{ 0x2020, 0x2020, 0x2020, 0x2020 },
					{ 0x2020, 0x2020, 0x2020, 0x3531 },
					{ 0x205d, 0x3940, 0x2037, 0x6c28 },
				},
			},
			{
				0x6c61636f,
				{
					{ 0x2029, 0x6564, 0x6966, 0x656e },
					{ 0x2064, 0x6e69, 0x7220, 0x7365 },
					{ 0x6c75, 0x2e74, 0x2063, 0x0a0d },
					{ 0x2023, 0x2020, 0x2020, 0x2020 },
				},
			},
			{
				0x20202020,
				{
					{ 0x2020, 0x2020, 0x3120, 0x5d35 },
					{ 0x4020, 0x3839, 0x2820, 0x6f6c },
					{ 0x6163, 0x296c, 0x6420, 0x6665 },
					{ 0x6e69, 0x6465, 0x6920, 0x206e },
				},
			},
			{
				0x75736572,
				{
					{ 0x746c, 0x632e, 0x0d20, 0x230a },
					{ 0x2020, 0x2020, 0x2020, 0x2020 },
					{ 0x2020, 0x2020, 0x2020, 0x3120 },
					{ 0x5d34, 0x7320, 0x7465, 0x7453 },
				},
			},
			{
				0x20656761,
				{
					{ 0x6f66, 0x6e75, 0x2064, 0x6e69 },
					{ 0x7220, 0x7365, 0x6c75, 0x2e74 },
					{ 0x2063, 0x0a0d, 0x2023, 0x2020 },
					{ 0x2020, 0x2020, 0x2020, 0x2020 },
				},
			},
			{
				0x20202020,
				{
					{ 0x3120, 0x5d35, 0x6420, 0x6172 },
					{ 0x5377, 0x6174, 0x6567, 0x6620 },
					{ 0x756f, 0x646e, 0x6920, 0x206e },
					{ 0x6572, 0x7573, 0x746c, 0x632e },
				},
			},
			{
				0x230a0d20,
				{
					{ 0x2020, 0x2020, 0x2020, 0x2020 },
					{ 0x2020, 0x2020, 0x2020, 0x3120 },
					{ 0x5d34, 0x6920, 0x696e, 0x4374 },
					{ 0x4148, 0x504d, 0x6620, 0x756f },
				},
			},
			{
				0x6920646e,
				{
					{ 0x206e, 0x6572, 0x7573, 0x746c },
					{ 0x632e, 0x0d20, 0x230a, 0x2020 },
					{ 0x2020, 0x2020, 0x2020, 0x2020 },
					{ 0x2020, 0x2020, 0x2020, 0x3531 },
				},
			},
		},
	},
};

int16_t BTL_D_80075DCC[8] = {
	0x205d, 0x4367, 0x4148, 0x504d, 0x535f, 0x4554, 0x2050, 0x6c28,
};

int16_t BTL_D_80075DDC[8] = {
	0x636f, 0x6c61, 0x2029, 0x6564, 0x6966, 0x656e, 0x2064, 0x6e69,
};

int16_t BTL_D_80075DEC[8] = {
	0x7220, 0x7365, 0x6c75, 0x2e74, 0x2063, 0x0a0d, 0x2023, 0x2020,
};

int16_t BTL_D_80075DFC[8] = {
	0x2020, 0x2020, 0x2020, 0x2020, 0x2020, 0x2020, 0x3120, 0x5d35,
};

EfeBuffRings BTL_D_80075E0C[1] = {
	{
		0x7320,
		0x7465,
		(MATRIX *)0x4d414843,
		{
			{ 0x5f50, 0x4544, 0x4f4d, 0x435f },
			{ 0x4d41, 0x5245, 0x2041, 0x6f66 },
			{ 0x6e75, 0x2064, 0x6e69, 0x6320 },
			{ 0x6d61, 0x7265, 0x2e61, 0x2063 },
			{ 0x0a0d, 0x2023, 0x2020, 0x2020 },
		},
		{
			0x2020, 0x2020, 0x2020, 0x2020,
			0x2020, 0x3431, 0x205d, 0x6573,
		},
		0x41484374,
		0x6620504d,
		{
			0x756f, 0x646e, 0x6920, 0x206e,
			0x6572, 0x7573, 0x746c, 0x632e,
			0x0d20, 0x230a, 0x2020, 0x2020,
			0x2020, 0x2020, 0x2020, 0x2020,
		},
		{ 0x20, 0x20, 0x20 },
		0x20,
	},
};

SVECTOR BTL_D_80075E78[32] = {
	{ 0x3531, 0x205d, 0x4367, 0x4148 },
	{ 0x504d, 0x455f, 0x444e, 0x2820 },
	{ 0x6c67, 0x626f, 0x6c61, 0x2029 },
	{ 0x6564, 0x6966, 0x656e, 0x2064 },
	{ 0x6e69, 0x7320, 0x6474, 0x6d5f },
	{ 0x6961, 0x2e6e, 0x2063, 0x0a0d },
	{ 0x2023, 0x2020, 0x2020, 0x2020 },
	{ 0x2020, 0x2020, 0x2020, 0x2020 },
	{ 0x3120, 0x5d35, 0x6d20, 0x766f },
	{ 0x4365, 0x4148, 0x504d, 0x6620 },
	{ 0x756f, 0x646e, 0x6920, 0x206e },
	{ 0x6572, 0x7573, 0x746c, 0x632e },
	{ 0x0d20, 0x230a, 0x2020, 0x2020 },
	{ 0x2020, 0x2020, 0x2020, 0x2020 },
	{ 0x2020, 0x2020, 0x3120, 0x5d36 },
	{ 0x6720, 0x4944, 0x5453, 0x4e41 },
	{ 0x4543, 0x2820, 0x6f6c, 0x6163 },
	{ 0x296c, 0x6420, 0x6665, 0x6e69 },
	{ 0x6465, 0x6920, 0x206e, 0x6572 },
	{ 0x7573, 0x746c, 0x632e, 0x0d20 },
	{ 0x230a, 0x2020, 0x2020, 0x2020 },
	{ 0x2020, 0x2020, 0x2020, 0x2020 },
	{ 0x2020, 0x3531, 0x205d, 0x7264 },
	{ 0x7761, 0x4843, 0x4d41, 0x2050 },
	{ 0x6f66, 0x6e75, 0x2064, 0x6e69 },
	{ 0x7220, 0x7365, 0x6c75, 0x2e74 },
	{ 0x2063, 0x0a0d, 0x2023, 0x2020 },
	{ 0x2020, 0x2020, 0x2020, 0x2020 },
	{ 0x2020, 0x2020, 0x3431, 0x205d },
	{ 0x6572, 0x6573, 0x5374, 0x6174 },
	{ 0x6567, 0x6620, 0x756f, 0x646e },
	{ 0x6920, 0x206e, 0x6572, 0x7573 },
};
#else
GsSPRITE BTL_D_80073E54 = {
	0x00000000,
	0x0000,
	0x0000,
	0x0000,
	0x0000,
	0x0000,
	0x00,
	0x00,
	0x0000,
	0x0000,
	0x41,
	0x10,
	0x00,
	0x0000,
	0x0001,
	0x2401,
	0x0015,
	0x00001041,
};

BtlDeathCountdownRaw BTL_D_80073E78 = {
	{
		0x00, 0x00, 0x27, 0x00, 0x40, 0x14, 0x00, 0x00,
		0x00, 0x00, 0x02, 0x00, 0x03, 0x86, 0x00, 0x00,
		0x02, 0x86, 0x00, 0x10, 0x11, 0x24, 0x22, 0x18,
		0x62, 0x00, 0x80, 0x10, 0x03, 0x00, 0x20, 0x18,
		0x43, 0x00, 0x80, 0x10, 0x03, 0x00, 0x20, 0x10,
	},
};

char BTL_END_BOX_TEXTBUFFER[1024] = {
	0x62, 0x00, 0x80, 0x18, 0x02, 0x00, 0x66, 0x66,
	0x02, 0x3c, 0x67, 0x66, 0x42, 0x34, 0x18, 0x00,
	0x43, 0x00, 0x21, 0x98, 0x00, 0x00, 0x10, 0x10,
	0x00, 0x00, 0xc2, 0x1f, 0x03, 0x00, 0xc3, 0x10,
	0x02, 0x00, 0x15, 0x00, 0x00, 0x10, 0x21, 0x90,
	0x43, 0x00, 0x00, 0x00, 0x02, 0x86, 0x21, 0x90,
	0x00, 0x00, 0x00, 0x10, 0x11, 0x24, 0x04, 0x00,
	0x41, 0x04, 0x01, 0x00, 0x53, 0x30, 0x02, 0x00,
	0x60, 0x12, 0x00, 0x00, 0x00, 0x00, 0xfe, 0xff,
	0x73, 0x26, 0x0c, 0x00, 0x00, 0x10, 0x08, 0x00,
	0x02, 0x8e, 0x00, 0x00, 0x02, 0x86, 0x21, 0x90,
	0x00, 0x00, 0x10, 0x00, 0xa2, 0xaf, 0x00, 0x10,
	0x04, 0x24, 0xcc, 0x00, 0x05, 0x24, 0x21, 0x30,
	0x00, 0x00, 0x00, 0x00, 0x00, 0x0c, 0x05, 0x00,
	0x07, 0x24, 0x21, 0x88, 0x40, 0x00, 0x21, 0x98,
	0x00, 0x00, 0x08, 0x00, 0x02, 0x8e, 0x34, 0x00,
	0xa4, 0x27, 0x04, 0x00, 0x42, 0x8c, 0x00, 0x00,
	0x00, 0x00, 0x78, 0x00, 0x42, 0x8c, 0x00, 0x00,
	0x00, 0x00, 0x34, 0x00, 0xa2, 0xa7, 0x08, 0x00,
	0x02, 0x8e, 0x00, 0x00, 0x00, 0x00, 0x00, 0x00,
	0x43, 0x8c, 0x00, 0x00, 0x00, 0x00, 0x40, 0x10,
	0x03, 0x00, 0x20, 0x10, 0x43, 0x00, 0x80, 0x10,
	0x02, 0x00, 0x20, 0x10, 0x43, 0x00, 0x80, 0x18,
	0x02, 0x00, 0x00, 0x00, 0x02, 0x3c, 0x1a, 0x00,
	0x42, 0x24, 0x21, 0x10, 0x43, 0x00, 0x00, 0x00,
	0x42, 0x84, 0x00, 0x00, 0x00, 0x00, 0x22, 0x18,
	0x02, 0x00, 0xc0, 0x10, 0x03, 0x00, 0x22, 0x10,
	0x43, 0x00, 0x00, 0x11, 0x02, 0x00, 0x20, 0x18,
	0x43, 0x00, 0xeb, 0x51, 0x02, 0x3c, 0x1f, 0x85,
	0x42, 0x34, 0x18, 0x00, 0x43, 0x00, 0x10, 0x10,
	0x00, 0x00, 0xc2, 0x1f, 0x03, 0x00, 0x43, 0x11,
	0x02, 0x00, 0x21, 0x10, 0x43, 0x00, 0x36, 0x00,
	0xa2, 0xa7, 0x08, 0x00, 0x02, 0x8e, 0x00, 0x00,
	0x00, 0x00, 0x04, 0x00, 0x42, 0x8c, 0x00, 0x00,
	0x00, 0x00, 0x80, 0x00, 0x42, 0x8c, 0x00, 0x00,
	0x00, 0x00, 0x38, 0x00, 0xa2, 0xa7, 0x00, 0x00,
	0x00, 0x0c, 0x3c, 0x00, 0xa5, 0x27, 0x00, 0x00,
	0x04, 0x3c, 0x3c, 0x00, 0xa2, 0x87, 0x00, 0x00,
	0x01, 0x3c, 0x04, 0x00, 0x22, 0xa4, 0x3e, 0x00,
	0xa2, 0x87, 0x00, 0x00, 0x01, 0x3c, 0x06, 0x00,
	0x22, 0xa4, 0x00, 0x00, 0x01, 0x3c, 0x1c, 0x00,
	0x31, 0xa4, 0x00, 0x00, 0x01, 0x3c, 0x1e, 0x00,
	0x31, 0xa4, 0x0e, 0x00, 0x02, 0x24, 0x00, 0x00,
	0x01, 0x3c, 0x18, 0x00, 0x22, 0xa4, 0x62, 0x10,
	0x02, 0x3c, 0xd3, 0x4d, 0x42, 0x34, 0x18, 0x00,
	0x52, 0x00, 0xc2, 0x1f, 0x12, 0x00, 0x10, 0x10,
	0x00, 0x00, 0x83, 0x11, 0x02, 0x00, 0x21, 0x18,
	0x43, 0x00, 0x0a, 0x00, 0x02, 0x24, 0x1a, 0x00,
	0x62, 0x00, 0x00, 0x00, 0x01, 0x3c, 0x10, 0x10,
	0x00, 0x00, 0xc0, 0x10, 0x02, 0x00, 0x00, 0x00,
	0x85, 0x8f, 0x0e, 0x00, 0x22, 0xa0, 0x00, 0x00,
	0x84, 0x24, 0x00, 0x00, 0x00, 0x0c, 0x22, 0x00,
	0x06, 0x24, 0x00, 0x00, 0x04, 0x3c, 0x07, 0x00,
	0x02, 0x24, 0x00, 0x00, 0x01, 0x3c, 0x18, 0x00,
	0x22, 0xa4, 0xeb, 0x51, 0x02, 0x3c, 0x1f, 0x85,
	0x42, 0x34, 0x18, 0x00, 0x52, 0x00, 0xc2, 0x1f,
	0x12, 0x00, 0x10, 0x10, 0x00, 0x00, 0x43, 0x11,
	0x02, 0x00, 0x21, 0x18, 0x43, 0x00, 0x0a, 0x00,
	0x02, 0x24, 0x1a, 0x00, 0x62, 0x00, 0x00, 0x00,
	0x01, 0x3c, 0x10, 0x10, 0x00, 0x00, 0xc0, 0x10,
	0x02, 0x00, 0x00, 0x00, 0x85, 0x8f, 0x0e, 0x00,
	0x22, 0xa0, 0x00, 0x00, 0x84, 0x24, 0x00, 0x00,
	0x00, 0x0c, 0x22, 0x00, 0x06, 0x24, 0x00, 0x00,
	0x04, 0x3c, 0x3c, 0x00, 0xa2, 0x87, 0x00, 0x00,
	0x01, 0x3c, 0x04, 0x00, 0x22, 0xa4, 0x3e, 0x00,
	0xa2, 0x87, 0x00, 0x00, 0x01, 0x3c, 0x06, 0x00,
	0x22, 0xa4, 0x00, 0x00, 0x01, 0x3c, 0x1c, 0x00,
	0x31, 0xa4, 0x00, 0x00, 0x01, 0x3c, 0x1e, 0x00,
	0x31, 0xa4, 0xfe, 0xff, 0x02, 0x24, 0x00, 0x00,
	0x01, 0x3c, 0x18, 0x00, 0x22, 0xa4, 0x66, 0x66,
	0x02, 0x3c, 0x67, 0x66, 0x42, 0x34, 0x18, 0x00,
	0x52, 0x00, 0xc2, 0x1f, 0x12, 0x00, 0x10, 0x10,
	0x00, 0x00, 0x83, 0x10, 0x02, 0x00, 0x21, 0x18,
	0x43, 0x00, 0x0a, 0x00, 0x02, 0x24, 0x1a, 0x00,
	0x62, 0x00, 0x00, 0x00, 0x01, 0x3c, 0x10, 0x10,
	0x00, 0x00, 0x80, 0x10, 0x02, 0x00, 0x00, 0x00,
	0x85, 0x8f, 0x0e, 0x00, 0x22, 0xa0, 0x00, 0x00,
	0x84, 0x24, 0x00, 0x00, 0x00, 0x0c, 0x22, 0x00,
	0x06, 0x24, 0x00, 0x00, 0x04, 0x3c, 0xf8, 0xff,
	0x02, 0x24, 0x00, 0x00, 0x01, 0x3c, 0x18, 0x00,
	0x22, 0xa4, 0x0a, 0x00, 0x02, 0x24, 0x1a, 0x00,
	0x42, 0x02, 0x00, 0x00, 0x01, 0x3c, 0x10, 0x10,
	0x00, 0x00, 0x80, 0x10, 0x02, 0x00, 0x00, 0x00,
	0x85, 0x8f, 0x0e, 0x00, 0x22, 0xa0, 0x00, 0x00,
	0x84, 0x24, 0x00, 0x00, 0x00, 0x0c, 0x22, 0x00,
	0x06, 0x24, 0x00, 0x00, 0x04, 0x3c, 0x3c, 0x00,
	0xa2, 0x87, 0x00, 0x00, 0x01, 0x3c, 0x04, 0x00,
	0x22, 0xa4, 0x3e, 0x00, 0xa2, 0x87, 0x00, 0x00,
	0x01, 0x3c, 0x06, 0x00, 0x22, 0xa4, 0xe0, 0x01,
	0x62, 0x22, 0x00, 0x00, 0x01, 0x3c, 0x12, 0x00,
	0x22, 0xa4, 0x00, 0x00, 0x01, 0x3c, 0x1c, 0x00,
	0x31, 0xa4, 0x00, 0x00, 0x01, 0x3c, 0x00, 0x00,
	0x85, 0x8f, 0x21, 0x80, 0x40, 0x00, 0x1e, 0x00,
	0x31, 0xa4, 0x00, 0x00, 0x84, 0x24, 0x00, 0x00,
	0x00, 0x0c, 0x22, 0x00, 0x06, 0x24, 0x00, 0x00,
	0x04, 0x3c, 0x3c, 0x00, 0xa2, 0x87, 0x00, 0x00,
	0x01, 0x3c, 0x04, 0x00, 0x22, 0xa4, 0x3e, 0x00,
	0xa2, 0x87, 0x00, 0x00, 0x01, 0x3c, 0x06, 0x00,
	0x22, 0xa4, 0x00, 0x00, 0x01, 0x3c, 0x12, 0x00,
	0x30, 0xa4, 0x00, 0x00, 0x01, 0x3c, 0x1c, 0x00,
	0x31, 0xa4, 0x00, 0x00, 0x01, 0x3c, 0x00, 0x00,
	0x85, 0x8f, 0x1e, 0x00, 0x31, 0xa4, 0x00, 0x00,
	0x84, 0x24, 0x00, 0x00, 0x00, 0x0c, 0x22, 0x00,
	0x06, 0x24, 0x28, 0x00, 0xbf, 0x8f, 0x24, 0x00,
	0xb3, 0x8f, 0x20, 0x00, 0xb2, 0x8f, 0x1c, 0x00,
	0xb1, 0x8f, 0x18, 0x00, 0xb0, 0x8f, 0x08, 0x00,
	0xe0, 0x03, 0x40, 0x00, 0xbd, 0x27, 0x21, 0x20,
	0x00, 0x00, 0x08, 0x00, 0x00, 0x10, 0x21, 0x28,
	0x00, 0x00, 0x00, 0x00, 0x02, 0x3c, 0x00, 0x00,
	0x42, 0x24, 0x21, 0x10, 0x45, 0x00, 0xff, 0xff,
	0x03, 0x24, 0x00, 0x00, 0x43, 0xa4, 0x01, 0x00,
	0x84, 0x20, 0x08, 0x00, 0xa5, 0x20, 0x19, 0x00,
	0x81, 0x28, 0xf7, 0xff, 0x20, 0x14, 0x00, 0x00,
	0x00, 0x00, 0x08, 0x00, 0xe0, 0x03, 0x00, 0x00,
	0x00, 0x00, 0xe8, 0xff, 0xbd, 0x27, 0x14, 0x00,
	0xbf, 0xaf, 0x10, 0x00, 0xb0, 0xaf, 0x21, 0x80,
	0x00, 0x00, 0x0a, 0x00, 0x00, 0x10, 0x21, 0x18,
	0x00, 0x00, 0x00, 0x00, 0x02, 0x3c, 0x00, 0x00,
	0x42, 0x24, 0x21, 0x10, 0x43, 0x00, 0x00, 0x00,
	0x42, 0x84, 0xff, 0xff, 0x01, 0x24, 0x06, 0x00,
	0x41, 0x10, 0x00, 0x00, 0x00, 0x00, 0x01, 0x00,
	0x10, 0x22, 0x08, 0x00, 0x63, 0x20, 0x19, 0x00,
	0x01, 0x2a, 0xf5, 0xff, 0x20, 0x14, 0x00, 0x00,
	0x00, 0x00, 0x19, 0x00, 0x01, 0x24, 0x03, 0x00,
	0x01, 0x16, 0x00, 0x00, 0x00, 0x00, 0x0f, 0x00,
	0x00, 0x10, 0xff, 0xff, 0x02, 0x24, 0x00, 0x00,
	0x02, 0x3c, 0x00, 0x00, 0x06, 0x3c, 0x00, 0x00,
	0x07, 0x3c, 0xc0, 0x18, 0x10, 0x00, 0x00, 0x00,
};

uint8_t BTL_D_800742A0[155][20] = {
	{
		0x42, 0x24, 0x21, 0x10, 0x43, 0x00, 0x00, 0x00,
		0x40, 0xa4, 0x04, 0x00, 0x44, 0xac, 0x10, 0x08,
		0x04, 0x24, 0x21, 0x28,
	},
	{
		0x00, 0x02, 0x00, 0x00, 0xc6, 0x24, 0x00, 0x00,
		0x00, 0x0c, 0x00, 0x00, 0xe7, 0x24, 0x21, 0x10,
		0x00, 0x02, 0x14, 0x00,
	},
	{
		0xbf, 0x8f, 0x10, 0x00, 0xb0, 0x8f, 0x08, 0x00,
		0xe0, 0x03, 0x18, 0x00, 0xbd, 0x27, 0xe0, 0xff,
		0xbd, 0x27, 0x18, 0x00,
	},
	{
		0xbf, 0xaf, 0x14, 0x00, 0xb1, 0xaf, 0x10, 0x00,
		0xb0, 0xaf, 0x21, 0x80, 0x00, 0x00, 0x0b, 0x00,
		0x00, 0x10, 0x21, 0x88,
	},
	{
		0x00, 0x00, 0x00, 0x00, 0x02, 0x3c, 0x00, 0x00,
		0x42, 0x24, 0xff, 0xff, 0x03, 0x24, 0x21, 0x10,
		0x51, 0x00, 0x00, 0x00,
	},
	{
		0x43, 0xa4, 0x10, 0x08, 0x04, 0x24, 0x00, 0x00,
		0x00, 0x0c, 0x21, 0x28, 0x00, 0x02, 0x01, 0x00,
		0x10, 0x22, 0x08, 0x00,
	},
	{
		0x31, 0x22, 0x19, 0x00, 0x01, 0x2a, 0xf4, 0xff,
		0x20, 0x14, 0x00, 0x00, 0x00, 0x00, 0x18, 0x00,
		0xbf, 0x8f, 0x14, 0x00,
	},
	{
		0xb1, 0x8f, 0x10, 0x00, 0xb0, 0x8f, 0x08, 0x00,
		0xe0, 0x03, 0x20, 0x00, 0xbd, 0x27, 0x21, 0x28,
		0x80, 0x00, 0x00, 0x00,
	},
	{
		0x02, 0x3c, 0xe8, 0xff, 0xbd, 0x27, 0xc0, 0x18,
		0x05, 0x00, 0x00, 0x00, 0x42, 0x24, 0x10, 0x00,
		0xbf, 0xaf, 0x21, 0x18,
	},
	{
		0x43, 0x00, 0x00, 0x00, 0x62, 0x84, 0x00, 0x00,
		0x00, 0x00, 0x01, 0x00, 0x42, 0x20, 0x00, 0x00,
		0x62, 0xa4, 0x00, 0x00,
	},
	{
		0x62, 0x84, 0x00, 0x00, 0x00, 0x00, 0x10, 0x00,
		0x41, 0x28, 0x05, 0x00, 0x20, 0x14, 0x00, 0x00,
		0x00, 0x00, 0xff, 0xff,
	},
	{
		0x02, 0x24, 0x00, 0x00, 0x62, 0xa4, 0x00, 0x00,
		0x00, 0x0c, 0x10, 0x08, 0x04, 0x24, 0x10, 0x00,
		0xbf, 0x8f, 0x00, 0x00,
	},
	{
		0x00, 0x00, 0x08, 0x00, 0xe0, 0x03, 0x18, 0x00,
		0xbd, 0x27, 0x50, 0xff, 0xbd, 0x27, 0x30, 0x00,
		0xbf, 0xaf, 0x2c, 0x00,
	},
	{
		0xb3, 0xaf, 0x28, 0x00, 0xb2, 0xaf, 0x24, 0x00,
		0xb1, 0xaf, 0x00, 0x00, 0x02, 0x3c, 0x20, 0x00,
		0xb0, 0xaf, 0xc0, 0x18,
	},
	{
		0x04, 0x00, 0x00, 0x00, 0x42, 0x24, 0x21, 0x80,
		0x43, 0x00, 0x04, 0x00, 0x04, 0x8e, 0x21, 0x30,
		0x00, 0x00, 0x04, 0x00,
	},
	{
		0x82, 0x8c, 0x0f, 0x00, 0x07, 0x24, 0x78, 0x00,
		0x43, 0x8c, 0x00, 0x00, 0x00, 0x00, 0x00, 0x9c,
		0x03, 0x00, 0x00, 0x00,
	},
	{
		0x03, 0x86, 0x03, 0x9c, 0x13, 0x00, 0x10, 0x00,
		0xa3, 0xaf, 0x00, 0x00, 0x84, 0x8c, 0x7c, 0x00,
		0x45, 0x8c, 0x40, 0x18,
	},
	{
		0x04, 0x00, 0x20, 0x18, 0x64, 0x00, 0x80, 0x18,
		0x03, 0x00, 0x20, 0x18, 0x64, 0x00, 0x80, 0x20,
		0x03, 0x00, 0x00, 0x00,
	},
	{
		0x03, 0x3c, 0x00, 0x00, 0x63, 0x24, 0x21, 0x18,
		0x64, 0x00, 0x1a, 0x00, 0x63, 0x84, 0x00, 0x00,
		0x00, 0x00, 0x22, 0x20,
	},
	{
		0x03, 0x00, 0xc0, 0x18, 0x04, 0x00, 0x22, 0x18,
		0x64, 0x00, 0x00, 0x19, 0x03, 0x00, 0x20, 0x20,
		0x64, 0x00, 0xeb, 0x51,
	},
	{
		0x03, 0x3c, 0x1f, 0x85, 0x63, 0x34, 0x18, 0x00,
		0x64, 0x00, 0x10, 0x18, 0x00, 0x00, 0xc2, 0x27,
		0x04, 0x00, 0x43, 0x19,
	},
	{
		0x03, 0x00, 0x00, 0x00, 0x00, 0x0c, 0x21, 0x20,
		0x64, 0x00, 0x00, 0x94, 0x02, 0x00, 0x04, 0x00,
		0x03, 0x8e, 0x03, 0x94,
	},
	{
		0x12, 0x00, 0x04, 0x00, 0x62, 0x8c, 0x00, 0x00,
		0x00, 0x00, 0x80, 0x00, 0x42, 0x8c, 0x00, 0x00,
		0x63, 0x8c, 0x00, 0x8c,
	},
	{
		0x02, 0x00, 0x40, 0x10, 0x03, 0x00, 0x20, 0x10,
		0x43, 0x00, 0x80, 0x10, 0x02, 0x00, 0x20, 0x10,
		0x43, 0x00, 0x80, 0x18,
	},
	{
		0x02, 0x00, 0x00, 0x00, 0x02, 0x3c, 0x18, 0x00,
		0x42, 0x24, 0x21, 0x10, 0x43, 0x00, 0x00, 0x00,
		0x42, 0x84, 0x03, 0x8c,
	},
	{
		0x11, 0x00, 0x80, 0x1b, 0x02, 0x00, 0x9f, 0x5d,
		0x02, 0x3c, 0x91, 0x73, 0x42, 0x34, 0x18, 0x00,
		0x43, 0x00, 0x10, 0x10,
	},
	{
		0x00, 0x00, 0xc2, 0x1f, 0x03, 0x00, 0xc3, 0x11,
		0x02, 0x00, 0x21, 0x28, 0x43, 0x00, 0x00, 0x00,
		0x02, 0x86, 0x00, 0x00,
	},
	{
		0x00, 0x00, 0x04, 0x00, 0x41, 0x28, 0x10, 0x00,
		0x20, 0x10, 0x21, 0x18, 0x40, 0x00, 0x80, 0x10,
		0x05, 0x00, 0x10, 0x00,
	},
	{
		0xa3, 0xaf, 0x20, 0x10, 0x45, 0x00, 0x40, 0x18,
		0x02, 0x00, 0xeb, 0x51, 0x02, 0x3c, 0x1f, 0x85,
		0x42, 0x34, 0x18, 0x00,
	},
	{
		0x43, 0x00, 0x21, 0x30, 0x00, 0x00, 0x10, 0x10,
		0x00, 0x00, 0xc2, 0x1f, 0x03, 0x00, 0x43, 0x11,
		0x02, 0x00, 0x21, 0x20,
	},
	{
		0x43, 0x00, 0x00, 0x00, 0x00, 0x0c, 0x04, 0x00,
		0x07, 0x24, 0x21, 0x28, 0x40, 0x00, 0x00, 0x00,
		0x82, 0x27, 0x00, 0x00,
	},
	{
		0x46, 0x84, 0x02, 0x00, 0x44, 0x84, 0x04, 0x00,
		0x43, 0x84, 0x00, 0x00, 0x01, 0x3c, 0x06, 0x00,
		0x42, 0x84, 0x21, 0x38,
	},
	{
		0x00, 0x00, 0x98, 0x00, 0xa6, 0xa7, 0x00, 0x00,
		0x26, 0x8c, 0x9a, 0x00, 0xa4, 0xa7, 0x00, 0x00,
		0x01, 0x3c, 0x04, 0x00,
	},
	{
		0x24, 0x8c, 0xa0, 0x00, 0xa6, 0xaf, 0x9c, 0x00,
		0xa3, 0xa7, 0x00, 0x00, 0x01, 0x3c, 0x08, 0x00,
		0x23, 0x8c, 0xa4, 0x00,
	},
	{
		0xa4, 0xaf, 0x88, 0x00, 0xb3, 0xaf, 0x8c, 0x00,
		0xb2, 0xaf, 0x9e, 0x00, 0xa2, 0xa7, 0x00, 0x00,
		0x01, 0x3c, 0x0c, 0x00,
	},
	{
		0x22, 0x8c, 0xa8, 0x00, 0xa3, 0xaf, 0xac, 0x00,
		0xa2, 0xaf, 0xa8, 0x00, 0xa5, 0xaf, 0xa0, 0x00,
		0xa5, 0xaf, 0x90, 0x00,
	},
	{
		0xb1, 0xaf, 0x88, 0x00, 0xa2, 0x27, 0x10, 0x00,
		0xa2, 0xaf, 0x98, 0x00, 0xa2, 0x27, 0x14, 0x00,
		0xa2, 0xaf, 0xa0, 0x00,
	},
	{
		0xa2, 0x27, 0x18, 0x00, 0xa2, 0xaf, 0x00, 0x00,
		0x84, 0x8f, 0x21, 0x28, 0x00, 0x00, 0x00, 0x00,
		0x00, 0x0c, 0x38, 0x00,
	},
	{
		0xa6, 0x27, 0x30, 0x00, 0xbf, 0x8f, 0x2c, 0x00,
		0xb3, 0x8f, 0x28, 0x00, 0xb2, 0x8f, 0x24, 0x00,
		0xb1, 0x8f, 0x20, 0x00,
	},
	{
		0xb0, 0x8f, 0x08, 0x00, 0xe0, 0x03, 0xb0, 0x00,
		0xbd, 0x27, 0x00, 0x00, 0x00, 0x00, 0x00, 0x00,
		0x00, 0x00, 0x6b, 0x00,
	},
	{
		0x00, 0x00, 0x11, 0x00, 0x12, 0x00, 0x00, 0x1f,
		0x00, 0x00, 0x58, 0x02, 0x4d, 0x57, 0x20, 0x57,
		0x49, 0x4e, 0x33, 0x32,
	},
	{
		0x20, 0x4d, 0x49, 0x50, 0x53, 0x20, 0x43, 0x2d,
		0x43, 0x6f, 0x6d, 0x70, 0x69, 0x6c, 0x65, 0x72,
		0x00, 0x38, 0x00, 0x43,
	},
	{
		0x3a, 0x5c, 0x4b, 0x69, 0x72, 0x6b, 0x5c, 0x52,
		0x65, 0x76, 0x69, 0x73, 0x65, 0x64, 0x5c, 0x48,
		0x49, 0x47, 0x55, 0x43,
	},
	{
		0x48, 0x49, 0x5c, 0x4f, 0x56, 0x4c, 0x30, 0x5f,
		0x5f, 0x41, 0x46, 0x5f, 0x70, 0x61, 0x72, 0x61,
		0x6c, 0x32, 0x2e, 0x63,
	},
	{
		0x00, 0x36, 0x01, 0x02, 0x00, 0x00, 0x00, 0x11,
		0x01, 0x00, 0x00, 0x00, 0x00, 0x21, 0x01, 0x00,
		0x00, 0x00, 0x00, 0x06,
	},
	{
		0x01, 0x00, 0x00, 0x00, 0x00, 0x2c, 0x00, 0x00,
		0x00, 0x0c, 0x00, 0x12, 0x00, 0x97, 0x00, 0x00,
		0x00, 0x38, 0x00, 0x74,
	},
	{
		0x6d, 0x64, 0x70, 0x5f, 0x41, 0x46, 0x70, 0x61,
		0x72, 0x61, 0x6c, 0x32, 0x00, 0x23, 0x00, 0x05,
		0x00, 0x03, 0x00, 0x00,
	},
	{
		0x00, 0x00, 0x63, 0x00, 0x03, 0x00, 0x01, 0x0c,
		0x00, 0x20, 0x00, 0x00, 0x00, 0x01, 0x00, 0x12,
		0x00, 0xb7, 0x00, 0x00,
	},
	{
		0x00, 0xa3, 0x00, 0x10, 0x00, 0x00, 0x0a, 0x00,
		0x00, 0x00, 0x00, 0x00, 0x02, 0x00, 0x00, 0x00,
		0x08, 0x55, 0x00, 0x04,
	},
	{
		0x00, 0x22, 0x00, 0x00, 0x00, 0x01, 0x00, 0x12,
		0x00, 0xd9, 0x00, 0x00, 0x00, 0xa3, 0x00, 0x12,
		0x00, 0x00, 0x0a, 0x00,
	},
	{
		0x00, 0x00, 0x00, 0x00, 0x02, 0x00, 0x00, 0x00,
		0x08, 0x72, 0x00, 0x97, 0x00, 0x00, 0x00, 0x20,
		0x00, 0x00, 0x00, 0x01,
	},
	{
		0x00, 0x12, 0x00, 0xf9, 0x00, 0x00, 0x00, 0xa3,
		0x00, 0x10, 0x00, 0x00, 0x0a, 0x00, 0x00, 0x00,
		0x00, 0x00, 0x02, 0x00,
	},
	{
		0x00, 0x00, 0x08, 0x55, 0x00, 0x0a, 0x00, 0x12,
		0x00, 0x00, 0x00, 0x13, 0x00, 0x12, 0x00, 0x4f,
		0x01, 0x00, 0x00, 0xb6,
	},
	{
		0x00, 0x20, 0x00, 0x00, 0x00, 0x20, 0x00, 0x00,
		0x00, 0x0d, 0x00, 0x12, 0x00, 0x2b, 0x01, 0x00,
		0x00, 0x38, 0x00, 0x6d,
	},
	{
		0x00, 0x72, 0x00, 0xb7, 0x00, 0x00, 0x00, 0x23,
		0x00, 0x06, 0x00, 0x04, 0x00, 0x00, 0x00, 0x00,
		0x07, 0x20, 0x00, 0x00,
	},
	{
		0x00, 0x0d, 0x00, 0x12, 0x00, 0x4b, 0x01, 0x00,
		0x00, 0x38, 0x00, 0x74, 0x00, 0x72, 0x00, 0xd9,
		0x00, 0x00, 0x00, 0x23,
	},
	{
		0x00, 0x06, 0x00, 0x04, 0x14, 0x00, 0x00, 0x00,
		0x07, 0x04, 0x00, 0x00, 0x00, 0x12, 0x00, 0x00,
		0x00, 0x13, 0x00, 0x12,
	},
	{
		0x00, 0xe2, 0x01, 0x00, 0x00, 0xb6, 0x00, 0x10,
		0x00, 0x00, 0x00, 0x1f, 0x00, 0x00, 0x00, 0x0d,
		0x00, 0x12, 0x00, 0x80,
	},
	{
		0x01, 0x00, 0x00, 0x38, 0x00, 0x76, 0x78, 0x00,
		0x55, 0x00, 0x0a, 0x00, 0x23, 0x00, 0x06, 0x00,
		0x04, 0x00, 0x00, 0x00,
	},
	{
		0x00, 0x07, 0x1f, 0x00, 0x00, 0x00, 0x0d, 0x00,
		0x12, 0x00, 0x9f, 0x01, 0x00, 0x00, 0x38, 0x00,
		0x76, 0x79, 0x00, 0x55,
	},
	{
		0x00, 0x0a, 0x00, 0x23, 0x00, 0x06, 0x00, 0x04,
		0x04, 0x00, 0x00, 0x00, 0x07, 0x1f, 0x00, 0x00,
		0x00, 0x0d, 0x00, 0x12,
	},
	{
		0x00, 0xbe, 0x01, 0x00, 0x00, 0x38, 0x00, 0x76,
		0x7a, 0x00, 0x55, 0x00, 0x0a, 0x00, 0x23, 0x00,
		0x06, 0x00, 0x04, 0x08,
	},
	{
		0x00, 0x00, 0x00, 0x07, 0x20, 0x00, 0x00, 0x00,
		0x0d, 0x00, 0x12, 0x00, 0xde, 0x01, 0x00, 0x00,
		0x38, 0x00, 0x70, 0x61,
	},
	{
		0x64, 0x00, 0x55, 0x00, 0x0a, 0x00, 0x23, 0x00,
		0x06, 0x00, 0x04, 0x0c, 0x00, 0x00, 0x00, 0x07,
		0x04, 0x00, 0x00, 0x00,
	},
	{
		0x12, 0x00, 0x00, 0x00, 0x13, 0x00, 0x12, 0x00,
		0x75, 0x02, 0x00, 0x00, 0xb6, 0x00, 0x08, 0x00,
		0x00, 0x00, 0x1f, 0x00,
	},
	{
		0x00, 0x00, 0x0d, 0x00, 0x12, 0x00, 0x13, 0x02,
		0x00, 0x00, 0x38, 0x00, 0x76, 0x78, 0x00, 0x55,
		0x00, 0x04, 0x00, 0x23,
	},
	{
		0x00, 0x06, 0x00, 0x04, 0x00, 0x00, 0x00, 0x00,
		0x07, 0x1f, 0x00, 0x00, 0x00, 0x0d, 0x00, 0x12,
		0x00, 0x32, 0x02, 0x00,
	},
	{
		0x00, 0x38, 0x00, 0x76, 0x79, 0x00, 0x55, 0x00,
		0x04, 0x00, 0x23, 0x00, 0x06, 0x00, 0x04, 0x02,
		0x00, 0x00, 0x00, 0x07,
	},
	{
		0x1f, 0x00, 0x00, 0x00, 0x0d, 0x00, 0x12, 0x00,
		0x51, 0x02, 0x00, 0x00, 0x38, 0x00, 0x76, 0x7a,
		0x00, 0x55, 0x00, 0x04,
	},
	{
		0x00, 0x23, 0x00, 0x06, 0x00, 0x04, 0x04, 0x00,
		0x00, 0x00, 0x07, 0x20, 0x00, 0x00, 0x00, 0x0d,
		0x00, 0x12, 0x00, 0x71,
	},
	{
		0x02, 0x00, 0x00, 0x38, 0x00, 0x70, 0x61, 0x64,
		0x00, 0x55, 0x00, 0x04, 0x00, 0x23, 0x00, 0x06,
		0x00, 0x04, 0x06, 0x00,
	},
	{
		0x00, 0x00, 0x07, 0x04, 0x00, 0x00, 0x00, 0x12,
		0x00, 0x00, 0x00, 0x13, 0x00, 0x12, 0x00, 0xf8,
		0x02, 0x00, 0x00, 0xb6,
	},
	{
		0x00, 0x28, 0x00, 0x00, 0x00, 0x24, 0x00, 0x00,
		0x00, 0x0d, 0x00, 0x12, 0x00, 0xab, 0x02, 0x00,
		0x00, 0x38, 0x00, 0x73,
	},
	{
		0x63, 0x61, 0x6c, 0x65, 0x00, 0x72, 0x00, 0x4f,
		0x01, 0x00, 0x00, 0x23, 0x00, 0x06, 0x00, 0x04,
		0x00, 0x00, 0x00, 0x00,
	},
	{
		0x07, 0x25, 0x00, 0x00, 0x00, 0x0d, 0x00, 0x12,
		0x00, 0xd0, 0x02, 0x00, 0x00, 0x38, 0x00, 0x72,
		0x6f, 0x74, 0x61, 0x74,
	},
	{
		0x65, 0x00, 0x72, 0x00, 0xe2, 0x01, 0x00, 0x00,
		0x23, 0x00, 0x06, 0x00, 0x04, 0x10, 0x00, 0x00,
		0x00, 0x07, 0x24, 0x00,
	},
	{
		0x00, 0x00, 0x0d, 0x00, 0x12, 0x00, 0xf4, 0x02,
		0x00, 0x00, 0x38, 0x00, 0x74, 0x72, 0x61, 0x6e,
		0x73, 0x00, 0x72, 0x00,
	},
	{
		0x4f, 0x01, 0x00, 0x00, 0x23, 0x00, 0x06, 0x00,
		0x04, 0x18, 0x00, 0x00, 0x00, 0x07, 0x04, 0x00,
		0x00, 0x00, 0x23, 0x00,
	},
	{
		0x00, 0x00, 0x13, 0x00, 0x12, 0x00, 0xfa, 0x03,
		0x00, 0x00, 0x38, 0x00, 0x5f, 0x47, 0x73, 0x43,
		0x4f, 0x4f, 0x52, 0x44,
	},
	{
		0x49, 0x4e, 0x41, 0x54, 0x45, 0x32, 0x00, 0xb6,
		0x00, 0x50, 0x00, 0x00, 0x00, 0x20, 0x00, 0x00,
		0x00, 0x0d, 0x00, 0x12,
	},
	{
		0x00, 0x3b, 0x03, 0x00, 0x00, 0x38, 0x00, 0x66,
		0x6c, 0x67, 0x00, 0x55, 0x00, 0x0c, 0x00, 0x23,
		0x00, 0x06, 0x00, 0x04,
	},
	{
		0x00, 0x00, 0x00, 0x00, 0x07, 0x24, 0x00, 0x00,
		0x00, 0x0d, 0x00, 0x12, 0x00, 0x5f, 0x03, 0x00,
		0x00, 0x38, 0x00, 0x63,
	},
	{
		0x6f, 0x6f, 0x72, 0x64, 0x00, 0x72, 0x00, 0xf9,
		0x00, 0x00, 0x00, 0x23, 0x00, 0x06, 0x00, 0x04,
		0x04, 0x00, 0x00, 0x00,
	},
	{
		0x07, 0x24, 0x00, 0x00, 0x00, 0x0d, 0x00, 0x12,
		0x00, 0x83, 0x03, 0x00, 0x00, 0x38, 0x00, 0x77,
		0x6f, 0x72, 0x6b, 0x6d,
	},
	{
		0x00, 0x72, 0x00, 0xf9, 0x00, 0x00, 0x00, 0x23,
		0x00, 0x06, 0x00, 0x04, 0x24, 0x00, 0x00, 0x00,
		0x07, 0x27, 0x00, 0x00,
	},
	{
		0x00, 0x0d, 0x00, 0x12, 0x00, 0xaa, 0x03, 0x00,
		0x00, 0x38, 0x00, 0x70, 0x61, 0x72, 0x61, 0x6d,
		0x00, 0x83, 0x00, 0x05,
	},
	{
		0x00, 0x01, 0x75, 0x02, 0x00, 0x00, 0x23, 0x00,
		0x06, 0x00, 0x04, 0x44, 0x00, 0x00, 0x00, 0x07,
		0x27, 0x00, 0x00, 0x00,
	},
	{
		0x0d, 0x00, 0x12, 0x00, 0xd1, 0x03, 0x00, 0x00,
		0x38, 0x00, 0x73, 0x75, 0x70, 0x65, 0x72, 0x00,
		0x83, 0x00, 0x05, 0x00,
	},
	{
		0x01, 0xf8, 0x02, 0x00, 0x00, 0x23, 0x00, 0x06,
		0x00, 0x04, 0x48, 0x00, 0x00, 0x00, 0x07, 0x25,
		0x00, 0x00, 0x00, 0x0d,
	},
	{
		0x00, 0x12, 0x00, 0xf6, 0x03, 0x00, 0x00, 0x38,
		0x00, 0x73, 0x75, 0x62, 0x00, 0x83, 0x00, 0x05,
		0x00, 0x01, 0xf8, 0x02,
	},
	{
		0x00, 0x00, 0x23, 0x00, 0x06, 0x00, 0x04, 0x4c,
		0x00, 0x00, 0x00, 0x07, 0x04, 0x00, 0x00, 0x00,
		0x12, 0x00, 0x00, 0x00,
	},
	{
		0x13, 0x00, 0x12, 0x00, 0xa0, 0x04, 0x00, 0x00,
		0xb6, 0x00, 0x10, 0x00, 0x00, 0x00, 0x26, 0x00,
		0x00, 0x00, 0x0d, 0x00,
	},
	{
		0x12, 0x00, 0x32, 0x04, 0x00, 0x00, 0x38, 0x00,
		0x61, 0x74, 0x74, 0x72, 0x69, 0x62, 0x75, 0x74,
		0x65, 0x00, 0x55, 0x00,
	},
	{
		0x0c, 0x00, 0x23, 0x00, 0x06, 0x00, 0x04, 0x00,
		0x00, 0x00, 0x00, 0x07, 0x28, 0x00, 0x00, 0x00,
		0x0d, 0x00, 0x12, 0x00,
	},
	{
		0x5a, 0x04, 0x00, 0x00, 0x38, 0x00, 0x63, 0x6f,
		0x6f, 0x72, 0x64, 0x32, 0x00, 0x83, 0x00, 0x05,
		0x00, 0x01, 0xf8, 0x02,
	},
	{
		0x00, 0x00, 0x23, 0x00, 0x06, 0x00, 0x04, 0x04,
		0x00, 0x00, 0x00, 0x07, 0x23, 0x00, 0x00, 0x00,
		0x0d, 0x00, 0x12, 0x00,
	},
	{
		0x7d, 0x04, 0x00, 0x00, 0x38, 0x00, 0x74, 0x6d,
		0x64, 0x00, 0x63, 0x00, 0x03, 0x00, 0x01, 0x0c,
		0x00, 0x23, 0x00, 0x06,
	},
	{
		0x00, 0x04, 0x08, 0x00, 0x00, 0x00, 0x07, 0x1f,
		0x00, 0x00, 0x00, 0x0d, 0x00, 0x12, 0x00, 0x9c,
		0x04, 0x00, 0x00, 0x38,
	},
	{
		0x00, 0x69, 0x64, 0x00, 0x55, 0x00, 0x0c, 0x00,
		0x23, 0x00, 0x06, 0x00, 0x04, 0x0c, 0x00, 0x00,
		0x00, 0x07, 0x04, 0x00,
	},
	{
		0x00, 0x00, 0x12, 0x00, 0x00, 0x00, 0x13, 0x00,
		0x12, 0x00, 0x6b, 0x05, 0x00, 0x00, 0xb6, 0x00,
		0x88, 0x00, 0x00, 0x00,
	},
	{
		0x25, 0x00, 0x00, 0x00, 0x0d, 0x00, 0x12, 0x00,
		0xd7, 0x04, 0x00, 0x00, 0x38, 0x00, 0x6f, 0x62,
		0x6a, 0x65, 0x63, 0x74,
	},
	{
		0x00, 0x72, 0x00, 0xfa, 0x03, 0x00, 0x00, 0x23,
		0x00, 0x06, 0x00, 0x04, 0x00, 0x00, 0x00, 0x00,
		0x07, 0x24, 0x00, 0x00,
	},
	{
		0x00, 0x0d, 0x00, 0x12, 0x00, 0xfb, 0x04, 0x00,
		0x00, 0x38, 0x00, 0x63, 0x6f, 0x6f, 0x72, 0x64,
		0x00, 0x72, 0x00, 0xf8,
	},
	{
		0x02, 0x00, 0x00, 0x23, 0x00, 0x06, 0x00, 0x04,
		0x10, 0x00, 0x00, 0x00, 0x07, 0x24, 0x00, 0x00,
		0x00, 0x0d, 0x00, 0x12,
	},
	{
		0x00, 0x1f, 0x05, 0x00, 0x00, 0x38, 0x00, 0x73,
		0x63, 0x61, 0x6c, 0x65, 0x00, 0x72, 0x00, 0x4f,
		0x01, 0x00, 0x00, 0x23,
	},
	{
		0x00, 0x06, 0x00, 0x04, 0x60, 0x00, 0x00, 0x00,
		0x07, 0x24, 0x00, 0x00, 0x00, 0x0d, 0x00, 0x12,
		0x00, 0x43, 0x05, 0x00,
	},
	{
		0x00, 0x38, 0x00, 0x61, 0x6e, 0x67, 0x6c, 0x65,
		0x00, 0x72, 0x00, 0xe2, 0x01, 0x00, 0x00, 0x23,
		0x00, 0x06, 0x00, 0x04,
	},
	{
		0x70, 0x00, 0x00, 0x00, 0x07, 0x24, 0x00, 0x00,
		0x00, 0x0d, 0x00, 0x12, 0x00, 0x67, 0x05, 0x00,
		0x00, 0x38, 0x00, 0x74,
	},
	{
		0x72, 0x61, 0x6e, 0x73, 0x00, 0x72, 0x00, 0x4f,
		0x01, 0x00, 0x00, 0x23, 0x00, 0x06, 0x00, 0x04,
		0x78, 0x00, 0x00, 0x00,
	},
	{
		0x07, 0x04, 0x00, 0x00, 0x00, 0x12, 0x00, 0x00,
		0x00, 0x13, 0x00, 0x12, 0x00, 0xdb, 0x05, 0x00,
		0x00, 0xb6, 0x00, 0x06,
	},
	{
		0x00, 0x00, 0x00, 0x1e, 0x00, 0x00, 0x00, 0x0d,
		0x00, 0x12, 0x00, 0x9b, 0x05, 0x00, 0x00, 0x38,
		0x00, 0x78, 0x00, 0x55,
	},
	{
		0x00, 0x04, 0x00, 0x23, 0x00, 0x06, 0x00, 0x04,
		0x00, 0x00, 0x00, 0x00, 0x07, 0x1e, 0x00, 0x00,
		0x00, 0x0d, 0x00, 0x12,
	},
	{
		0x00, 0xb9, 0x05, 0x00, 0x00, 0x38, 0x00, 0x79,
		0x00, 0x55, 0x00, 0x04, 0x00, 0x23, 0x00, 0x06,
		0x00, 0x04, 0x02, 0x00,
	},
	{
		0x00, 0x00, 0x07, 0x1e, 0x00, 0x00, 0x00, 0x0d,
		0x00, 0x12, 0x00, 0xd7, 0x05, 0x00, 0x00, 0x38,
		0x00, 0x7a, 0x00, 0x55,
	},
	{
		0x00, 0x04, 0x00, 0x23, 0x00, 0x06, 0x00, 0x04,
		0x04, 0x00, 0x00, 0x00, 0x07, 0x04, 0x00, 0x00,
		0x00, 0x12, 0x00, 0x00,
	},
	{
		0x00, 0x13, 0x00, 0x12, 0x00, 0x4b, 0x06, 0x00,
		0x00, 0xb6, 0x00, 0x03, 0x00, 0x00, 0x00, 0x1e,
		0x00, 0x00, 0x00, 0x0d,
	},
	{
		0x00, 0x12, 0x00, 0x0b, 0x06, 0x00, 0x00, 0x38,
		0x00, 0x78, 0x00, 0x55, 0x00, 0x02, 0x00, 0x23,
		0x00, 0x06, 0x00, 0x04,
	},
	{
		0x00, 0x00, 0x00, 0x00, 0x07, 0x1e, 0x00, 0x00,
		0x00, 0x0d, 0x00, 0x12, 0x00, 0x29, 0x06, 0x00,
		0x00, 0x38, 0x00, 0x79,
	},
	{
		0x00, 0x55, 0x00, 0x02, 0x00, 0x23, 0x00, 0x06,
		0x00, 0x04, 0x01, 0x00, 0x00, 0x00, 0x07, 0x1e,
		0x00, 0x00, 0x00, 0x0d,
	},
	{
		0x00, 0x12, 0x00, 0x47, 0x06, 0x00, 0x00, 0x38,
		0x00, 0x7a, 0x00, 0x55, 0x00, 0x02, 0x00, 0x23,
		0x00, 0x06, 0x00, 0x04,
	},
	{
		0x02, 0x00, 0x00, 0x00, 0x07, 0x04, 0x00, 0x00,
		0x00, 0x12, 0x00, 0x00, 0x00, 0x13, 0x00, 0x12,
		0x00, 0x99, 0x08, 0x00,
	},
	{
		0x00, 0xb6, 0x00, 0x52, 0x00, 0x00, 0x00, 0x28,
		0x00, 0x00, 0x00, 0x0d, 0x00, 0x12, 0x00, 0x85,
		0x06, 0x00, 0x00, 0x38,
	},
	{
		0x00, 0x73, 0x63, 0x61, 0x6c, 0x65, 0x44, 0x65,
		0x6e, 0x6f, 0x00, 0x72, 0x00, 0x6b, 0x05, 0x00,
		0x00, 0x23, 0x00, 0x06,
	},
	{
		0x00, 0x04, 0x00, 0x00, 0x00, 0x00, 0x07, 0x26,
		0x00, 0x00, 0x00, 0x0d, 0x00, 0x12, 0x00, 0xab,
		0x06, 0x00, 0x00, 0x38,
	},
	{
		0x00, 0x61, 0x6e, 0x67, 0x44, 0x65, 0x6e, 0x6f,
		0x00, 0x72, 0x00, 0x6b, 0x05, 0x00, 0x00, 0x23,
		0x00, 0x06, 0x00, 0x04,
	},
	{
		0x06, 0x00, 0x00, 0x00, 0x07, 0x26, 0x00, 0x00,
		0x00, 0x0d, 0x00, 0x12, 0x00, 0xd1, 0x06, 0x00,
		0x00, 0x38, 0x00, 0x70,
	},
	{
		0x6f, 0x73, 0x44, 0x65, 0x6e, 0x6f, 0x00, 0x72,
		0x00, 0x6b, 0x05, 0x00, 0x00, 0x23, 0x00, 0x06,
		0x00, 0x04, 0x0c, 0x00,
	},
	{
		0x00, 0x00, 0x07, 0x28, 0x00, 0x00, 0x00, 0x0d,
		0x00, 0x12, 0x00, 0xf9, 0x06, 0x00, 0x00, 0x38,
		0x00, 0x73, 0x63, 0x61,
	},
	{
		0x6c, 0x65, 0x4e, 0x75, 0x6d, 0x65, 0x00, 0x72,
		0x00, 0x6b, 0x05, 0x00, 0x00, 0x23, 0x00, 0x06,
		0x00, 0x04, 0x12, 0x00,
	},
	{
		0x00, 0x00, 0x07, 0x26, 0x00, 0x00, 0x00, 0x0d,
		0x00, 0x12, 0x00, 0x1f, 0x07, 0x00, 0x00, 0x38,
		0x00, 0x61, 0x6e, 0x67,
	},
	{
		0x4e, 0x75, 0x6d, 0x65, 0x00, 0x72, 0x00, 0x6b,
		0x05, 0x00, 0x00, 0x23, 0x00, 0x06, 0x00, 0x04,
		0x18, 0x00, 0x00, 0x00,
	},
	{
		0x07, 0x26, 0x00, 0x00, 0x00, 0x0d, 0x00, 0x12,
		0x00, 0x45, 0x07, 0x00, 0x00, 0x38, 0x00, 0x70,
		0x6f, 0x73, 0x4e, 0x75,
	},
	{
		0x6d, 0x65, 0x00, 0x72, 0x00, 0x6b, 0x05, 0x00,
		0x00, 0x23, 0x00, 0x06, 0x00, 0x04, 0x1e, 0x00,
		0x00, 0x00, 0x07, 0x27,
	},
	{
		0x00, 0x00, 0x00, 0x0d, 0x00, 0x12, 0x00, 0x6c,
		0x07, 0x00, 0x00, 0x38, 0x00, 0x73, 0x63, 0x61,
		0x6c, 0x65, 0x49, 0x6e,
	},
	{
		0x74, 0x00, 0x72, 0x00, 0x6b, 0x05, 0x00, 0x00,
		0x23, 0x00, 0x06, 0x00, 0x04, 0x24, 0x00, 0x00,
		0x00, 0x07, 0x25, 0x00,
	},
	{
		0x00, 0x00, 0x0d, 0x00, 0x12, 0x00, 0x91, 0x07,
		0x00, 0x00, 0x38, 0x00, 0x61, 0x6e, 0x67, 0x49,
		0x6e, 0x74, 0x00, 0x72,
	},
	{
		0x00, 0x6b, 0x05, 0x00, 0x00, 0x23, 0x00, 0x06,
		0x00, 0x04, 0x2a, 0x00, 0x00, 0x00, 0x07, 0x25,
		0x00, 0x00, 0x00, 0x0d,
	},
	{
		0x00, 0x12, 0x00, 0xb6, 0x07, 0x00, 0x00, 0x38,
		0x00, 0x70, 0x6f, 0x73, 0x49, 0x6e, 0x74, 0x00,
		0x72, 0x00, 0x6b, 0x05,
	},
	{
		0x00, 0x00, 0x23, 0x00, 0x06, 0x00, 0x04, 0x30,
		0x00, 0x00, 0x00, 0x07, 0x28, 0x00, 0x00, 0x00,
		0x0d, 0x00, 0x12, 0x00,
	},
	{
		0xde, 0x07, 0x00, 0x00, 0x38, 0x00, 0x73, 0x63,
		0x61, 0x6c, 0x65, 0x57, 0x6f, 0x72, 0x6b, 0x00,
		0x72, 0x00, 0x6b, 0x05,
	},
	{
		0x00, 0x00, 0x23, 0x00, 0x06, 0x00, 0x04, 0x36,
		0x00, 0x00, 0x00, 0x07, 0x26, 0x00, 0x00, 0x00,
		0x0d, 0x00, 0x12, 0x00,
	},
	{
		0x04, 0x08, 0x00, 0x00, 0x38, 0x00, 0x61, 0x6e,
		0x67, 0x57, 0x6f, 0x72, 0x6b, 0x00, 0x72, 0x00,
		0x6b, 0x05, 0x00, 0x00,
	},
	{
		0x23, 0x00, 0x06, 0x00, 0x04, 0x3c, 0x00, 0x00,
		0x00, 0x07, 0x26, 0x00, 0x00, 0x00, 0x0d, 0x00,
		0x12, 0x00, 0x2a, 0x08,
	},
	{
		0x00, 0x00, 0x38, 0x00, 0x70, 0x6f, 0x73, 0x57,
		0x6f, 0x72, 0x6b, 0x00, 0x72, 0x00, 0x6b, 0x05,
		0x00, 0x00, 0x23, 0x00,
	},
	{
		0x06, 0x00, 0x04, 0x42, 0x00, 0x00, 0x00, 0x07,
		0x25, 0x00, 0x00, 0x00, 0x0d, 0x00, 0x12, 0x00,
		0x4f, 0x08, 0x00, 0x00,
	},
	{
		0x38, 0x00, 0x73, 0x63, 0x61, 0x6c, 0x65, 0x44,
		0x00, 0x72, 0x00, 0xdb, 0x05, 0x00, 0x00, 0x23,
		0x00, 0x06, 0x00, 0x04,
	},
	{
		0x48, 0x00, 0x00, 0x00, 0x07, 0x23, 0x00, 0x00,
		0x00, 0x0d, 0x00, 0x12, 0x00, 0x72, 0x08, 0x00,
		0x00, 0x38, 0x00, 0x61,
	},
	{
		0x6e, 0x67, 0x44, 0x00, 0x72, 0x00, 0xdb, 0x05,
		0x00, 0x00, 0x23, 0x00, 0x06, 0x00, 0x04, 0x4b,
		0x00, 0x00, 0x00, 0x07,
	},
	{
		0x23, 0x00, 0x00, 0x00, 0x0d, 0x00, 0x12, 0x00,
		0x95, 0x08, 0x00, 0x00, 0x38, 0x00, 0x70, 0x6f,
		0x73, 0x44, 0x00, 0x72,
	},
	{
		0x00, 0xdb, 0x05, 0x00, 0x00, 0x23, 0x00, 0x06,
		0x00, 0x04, 0x4e, 0x00, 0x00, 0x00, 0x07, 0x04,
		0x00, 0x00, 0x00, 0x12,
	},
	{
		0x00, 0x00, 0x00, 0x13, 0x00, 0x12, 0x00, 0xac,
		0x0a, 0x00, 0x00, 0xb6, 0x00, 0x28, 0x00, 0x00,
		0x00, 0x2a, 0x00, 0x00,
	},
	{
		0x00, 0x0d, 0x00, 0x12, 0x00, 0xd5, 0x08, 0x00,
		0x00, 0x38, 0x00, 0x6b, 0x65, 0x79, 0x46, 0x72,
		0x61, 0x6d, 0x65, 0x00,
	},
	{
		0x83, 0x00, 0x05, 0x00, 0x01, 0x4b, 0x06, 0x00,
		0x00, 0x23, 0x00, 0x06, 0x00, 0x04, 0x00, 0x00,
		0x00, 0x00, 0x07, 0x26,
	},
	{
		0x00, 0x00, 0x00, 0x0d, 0x00, 0x12, 0x00, 0xfb,
		0x08, 0x00, 0x00, 0x38, 0x00, 0x72, 0x6f, 0x6f,
		0x74, 0x57, 0x6f, 0x72,
	},
	{
		0x6b, 0x58, 0x00, 0x55, 0x00, 0x0a, 0x00, 0x23,
		0x00, 0x06, 0x00, 0x04, 0x04, 0x00, 0x00, 0x00,
		0x07, 0x26, 0x00, 0x00,
	},
};

void (*BTL_D_80074EBC[97])(void) = {
	(void (*)(void))0x12000d00, (void (*)(void))0x00092100,
	(void (*)(void))0x72003800, (void (*)(void))0x57746f6f,
	(void (*)(void))0x596b726f, (void (*)(void))0x0a005500,
	(void (*)(void))0x06002300, (void (*)(void))0x00080400,
	(void (*)(void))0x26070000, (void (*)(void))0x0d000000,
	(void (*)(void))0x47001200, (void (*)(void))0x38000009,
	(void (*)(void))0x6f6f7200, (void (*)(void))0x726f5774,
	(void (*)(void))0x55005a6b, (void (*)(void))0x23000a00,
	(void (*)(void))0x04000600, (void (*)(void))0x0000000c,
	(void (*)(void))0x00002507, (void (*)(void))0x12000d00,
	(void (*)(void))0x00096c00, (void (*)(void))0x66003800,
	(void (*)(void))0x656d6172, (void (*)(void))0x00746e43,
	(void (*)(void))0x00040055, (void (*)(void))0x00060023,
	(void (*)(void))0x00001004, (void (*)(void))0x00230700,
	(void (*)(void))0x000d0000, (void (*)(void))0x098f0012,
	(void (*)(void))0x00380000, (void (*)(void))0x6172466e,
	(void (*)(void))0x5500656d, (void (*)(void))0x23000400,
	(void (*)(void))0x04000600, (void (*)(void))0x00000012,
	(void (*)(void))0x00002407, (void (*)(void))0x12000d00,
	(void (*)(void))0x0009b300, (void (*)(void))0x64003800,
	(void (*)(void))0x00617461, (void (*)(void))0x00030063,
	(void (*)(void))0x23000401, (void (*)(void))0x04000600,
	(void (*)(void))0x00000014, (void (*)(void))0x00002607,
	(void (*)(void))0x12000d00, (void (*)(void))0x0009d900,
	(void (*)(void))0x73003800, (void (*)(void))0x6f6f4c74,
	(void (*)(void))0x00630070, (void (*)(void))0x04010003,
	(void (*)(void))0x06002300, (void (*)(void))0x00180400,
	(void (*)(void))0x28070000, (void (*)(void))0x0d000000,
	(void (*)(void))0x01001200, (void (*)(void))0x3800000a,
	(void (*)(void))0x78656e00, (void (*)(void))0x72666b74,
	(void (*)(void))0x4e656d61, (void (*)(void))0x04005500,
	(void (*)(void))0x06002300, (void (*)(void))0x001c0400,
	(void (*)(void))0x1f070000, (void (*)(void))0x0d000000,
	(void (*)(void))0x20001200, (void (*)(void))0x3800000a,
	(void (*)(void))0x00787000, (void (*)(void))0x00040055,
	(void (*)(void))0x00060023, (void (*)(void))0x00001e04,
	(void (*)(void))0x001f0700, (void (*)(void))0x000d0000,
	(void (*)(void))0x0a3f0012, (void (*)(void))0x00380000,
	(void (*)(void))0x55007970, (void (*)(void))0x23000400,
	(void (*)(void))0x04000600, (void (*)(void))0x00000020,
	(void (*)(void))0x00002407, (void (*)(void))0x12000d00,
	(void (*)(void))0x000a6300, (void (*)(void))0x6d003800,
	(void (*)(void))0x6f69746f, (void (*)(void))0x55004e6e,
	(void (*)(void))0x23000300, (void (*)(void))0x04000600,
	(void (*)(void))0x00000022, (void (*)(void))0x00002407,
	(void (*)(void))0x12000d00, (void (*)(void))0x000a8700,
	(void (*)(void))0x6c003800, (void (*)(void))0x43706f6f,
	(void (*)(void))0x5500746e, (void (*)(void))0x23000300,
	(void (*)(void))0x04000600,
};

int16_t BTL_D_80075040[12][6] = {
	{ 0x0023, 0x0000, 0x2107, 0x0000, 0x0d00, 0x1200 },
	{ 0xa800, 0x000a, 0x3800, 0x6600, 0x616c, 0x0067 },
	{ 0x0055, 0x0003, 0x0023, 0x0006, 0x2404, 0x0000 },
	{ 0x0700, 0x0004, 0x0000, 0x0012, 0x0000, 0x0013 },
	{ 0x0012, 0x0be1, 0x0000, 0x00b6, 0x0038, 0x0000 },
	{ 0x001f, 0x0000, 0x000d, 0x0012, 0x0add, 0x0000 },
	{ 0x0038, 0x6469, 0x5500, 0x0a00, 0x2300, 0x0600 },
	{ 0x0400, 0x0000, 0x0000, 0x2707, 0x0000, 0x0d00 },
	{ 0x1200, 0x0400, 0x000b, 0x3800, 0x7000, 0x7261 },
	{ 0x7074, 0x8300, 0x0500, 0x0100, 0x04a0, 0x0000 },
	{ 0x0023, 0x0006, 0x0404, 0x0000, 0x0700, 0x0024 },
	{ 0x0000, 0x000d, 0x0012, 0x0b28, 0x0000, 0x0038 },
};

int16_t BTL_D_800750D0[4][4] = {
	{ 0x746d, 0x706e, 0x6300, 0x0300 },
	{ 0x0100, 0x000c, 0x0023, 0x0006 },
	{ 0x0804, 0x0000, 0x0700, 0x0025 },
	{ 0x0000, 0x000d, 0x0012, 0x0b4d },
};

int16_t BTL_D_800750F0[4][8] = {
	{ 0x0000, 0x0038, 0x6f6d, 0x6974, 0x6e6f, 0x7200, 0x9900, 0x0008 },
	{ 0x2300, 0x0600, 0x0400, 0x000c, 0x0000, 0x2407, 0x0000, 0x0d00 },
	{ 0x1200, 0x7100, 0x000b, 0x3800, 0x7600, 0x7369, 0x6269, 0x656c },
	{ 0x5500, 0x0100, 0x2300, 0x0600, 0x0400, 0x0034, 0x0000, 0x2607 },
};

int16_t BTL_D_80075130[5][6] = {
	{ 0x0000, 0x0d00, 0x1200, 0x9700, 0x000b, 0x3800 },
	{ 0x6f00, 0x5f6e, 0x6373, 0x6572, 0x6e65, 0x5500 },
	{ 0x0100, 0x2300, 0x0600, 0x0400, 0x0035, 0x0000 },
	{ 0x2307, 0x0000, 0x0d00, 0x1200, 0xba00, 0x000b },
	{ 0x3800, 0x6c00, 0x5f63, 0x7470, 0x006e, 0x0055 },
};

int16_t BTL_D_8007516C[25][4] = {
	{ 0x0002, 0x0023, 0x0006, 0x3604 },
	{ 0x0000, 0x0700, 0x0023, 0x0000 },
	{ 0x000d, 0x0012, 0x0bdd, 0x0000 },
	{ 0x0038, 0x636c, 0x635f, 0x746e },
	{ 0x5500, 0x0200, 0x2300, 0x0600 },
	{ 0x0400, 0x0037, 0x0000, 0x0407 },
	{ 0x0000, 0x1200, 0x0000, 0x1300 },
	{ 0x1200, 0x8a00, 0x000c, 0xb600 },
	{ 0x0c00, 0x0000, 0x2200, 0x0000 },
	{ 0x0d00, 0x1200, 0x1500, 0x000c },
	{ 0x3800, 0x6300, 0x756f, 0x746e },
	{ 0x5500, 0x0400, 0x2300, 0x0600 },
	{ 0x0400, 0x0000, 0x0000, 0x2607 },
	{ 0x0000, 0x0d00, 0x1200, 0x3b00 },
	{ 0x000c, 0x3800, 0x6300, 0x756f },
	{ 0x746e, 0x6d5f, 0x7861, 0x5500 },
	{ 0x0400, 0x2300, 0x0600, 0x0400 },
	{ 0x0002, 0x0000, 0x2307, 0x0000 },
	{ 0x0d00, 0x1200, 0x5e00, 0x000c },
	{ 0x3800, 0x7300, 0x6174, 0x7574 },
	{ 0x0073, 0x0055, 0x0004, 0x0023 },
	{ 0x0006, 0x0404, 0x0000, 0x0700 },
	{ 0x0028, 0x0000, 0x000d, 0x0012 },
	{ 0x0c86, 0x0000, 0x0038, 0x6f6d },
	{ 0x6564, 0x706c, 0x8300, 0x0500 },
};

int16_t BTL_D_80075234[2][4] = {
	{ 0x0100, 0x0aac, 0x0000, 0x0023 },
	{ 0x0006, 0x0804, 0x0000, 0x0700 },
};

SVECTOR BTL_D_80075244[20] = {
	{ 0x0004, 0x0000, 0x0022, 0x0000 },
	{ 0x0001, 0x0012, 0x0cac, 0x0000 },
	{ 0x00a3, 0x0012, 0x0a00, 0x0000 },
	{ 0x0000, 0x0400, 0x0000, 0x0800 },
	{ 0x0072, 0x0be1, 0x0000, 0x002e },
	{ 0x0000, 0x000c, 0x0012, 0x0cda },
	{ 0x0000, 0x0038, 0x6e69, 0x6f66 },
	{ 0x4641, 0x6170, 0x6172, 0x796c },
	{ 0x6973, 0x3273, 0x2300, 0x0500 },
	{ 0x0300, 0x0000, 0x0000, 0x0072 },
	{ 0x0c8a, 0x0000, 0x006c, 0x0000 },
	{ 0x0014, 0x0012, 0x0d92, 0x0000 },
	{ 0x0038, 0x656e, 0x5f77, 0x4641 },
	{ 0x6170, 0x6172, 0x796c, 0x6973 },
	{ 0x3273, 0x1100, 0x0001, 0x0000 },
	{ 0x2100, 0x6801, 0x0000, 0x0600 },
	{ 0x0001, 0x0000, 0x4300, 0x0c20 },
	{ 0x0200, 0x001d, 0x0000, 0x1004 },
	{ 0x0000, 0x0700, 0xa306, 0x0c02 },
	{ 0x0200, 0x001d, 0x0000, 0x1404 },
};

BtlParticleVelocity BTL_D_800752E4[20] = {
	{ 0x0000, 0x0700, 0x1306 },
	{ 0x0b20, 0x0100, 0x001d },
	{ 0x0000, 0x1804, 0x0000 },
	{ 0x0700, 0x2022, 0x006b },
	{ 0x0000, 0x2022, 0x0cac },
	{ 0x0000, 0x0027, 0x0000 },
	{ 0x0005, 0x0012, 0x0d6d },
	{ 0x0000, 0x0038, 0x6461 },
	{ 0x7264, 0x745f, 0x646d },
	{ 0x2300, 0x0500, 0x0100 },
	{ 0x0010, 0x0000, 0x0063 },
	{ 0x0003, 0x0c01, 0x2100 },
	{ 0x0000, 0x0c00, 0x1200 },
	{ 0x8e00, 0x000d, 0x3800 },
	{ 0x6900, 0x646e, 0x7865 },
	{ 0x2300, 0x0500, 0x0100 },
	{ 0x0004, 0x0000, 0x0055 },
	{ 0x000a, 0x0004, 0x0000 },
	{ 0x002d, 0x0000, 0x000c },
	{ 0x0012, 0x0dbf, 0x0000 },
};

BtlParticleDrag BTL_D_8007535C[20] = {
	{ 0x0038, 0x7264 },
	{ 0x7761, 0x415f },
	{ 0x7046, 0x7261 },
	{ 0x6c61, 0x7379 },
	{ 0x7369, 0x0032 },
	{ 0x0023, 0x0005 },
	{ 0x0003, 0x0000 },
	{ 0x5500, 0x1400 },
	{ 0x2d00, 0x0000 },
	{ 0x0c00, 0x1200 },
	{ 0xec00, 0x000d },
	{ 0x3800, 0x6d00 },
	{ 0x766f, 0x5f65 },
	{ 0x4641, 0x6170 },
	{ 0x6172, 0x796c },
	{ 0x6973, 0x3273 },
	{ 0x2300, 0x0500 },
	{ 0x0300, 0x0000 },
	{ 0x0000, 0x0055 },
	{ 0x0014, 0x0072 },
};

BtlItemParticleEffect BTL_D_800753AC[4] = {
	{
		0x0000,
		0x0014,
		{
			{
				0x0012,
				0x0ef5,
				0x0000,
				0x0038,
				0x5f746573,
				0x61704641,
				0x796c6172,
				0x32736973,
				0x1100,
				0x0001,
			},
			{
				0x0000,
				0x2100,
				0xb401,
				0x0000,
				0x58010600,
				0x43000000,
				0x02000c20,
				0x0000001d,
				0x1004,
				0x0000,
			},
			{
				0x0700,
				0xa306,
				0x0c02,
				0x0200,
				0x0000001d,
				0x00001404,
				0x13060700,
				0x01000b20,
				0x001d,
				0x0000,
			},
			{
				0x1804,
				0x0000,
				0x0700,
				0x2022,
				0x00000d92,
				0x0dbf2022,
				0x20220000,
				0x00000cac,
				0x0027,
				0x0000,
			},
			{
				0x0005,
				0x0012,
				0x0e85,
				0x0000,
				0x6f6d0038,
				0x706c6564,
				0x05002300,
				0x00040100,
				0x0000,
				0x0083,
			},
			{
				0x0005,
				0xac01,
				0x000a,
				0x2500,
				0x05000000,
				0xaa001200,
				0x3800000e,
				0x756f6300,
				0x746e,
				0x6d5f,
			},
			{
				0x7861,
				0x2300,
				0x0500,
				0x0100,
				0x00000005,
				0x00040055,
				0x00000026,
				0x0012000c,
				0x0ed0,
				0x0000,
			},
			{
				0x0038,
				0x4970,
				0x666e,
				0x006f,
				0x00050023,
				0x00000201,
				0x05008300,
				0x0be10100,
				0x0000,
				0x0021,
			},
			{
				0x0000,
				0x000c,
				0x0012,
				0x0ef1,
				0x00380000,
				0x65646e69,
				0x00230078,
				0x10010005,
				0x0000,
				0x5500,
			},
			{
				0x0a00,
				0x0400,
				0x0000,
				0x5800,
				0x14000000,
				0xbf001200,
				0x3800000f,
				0x73657200,
				0x7465,
				0x415f,
			},
			{
				0x7046,
				0x7261,
				0x6c61,
				0x7379,
				0x00327369,
				0x00000111,
				0x01210000,
				0x00000068,
				0x0106,
				0x00e2,
			},
			{
				0x0000,
				0x02a3,
				0x000c,
				0x1d02,
				0x04000000,
				0x00000010,
				0x20130607,
				0x1d01000b,
				0x0000,
				0x0400,
			},
			{
				0x0018,
				0x0000,
				0x2207,
				0xac20,
				0x2100000c,
				0x05000000,
				0x6e001200,
				0x3800000f,
				0x6900,
				0x646e,
			},
			{
				0x7865,
				0x2300,
				0x0500,
				0x0100,
				0x00000006,
				0x000a0055,
				0x00000027,
				0x00120005,
				0x0f95,
				0x0000,
			},
			{
				0x0038,
				0x6f6d,
				0x6564,
				0x706c,
				0x05002300,
				0x00050100,
				0x00830000,
				0xac010005,
				0x000a,
				0x2600,
			},
			{
				0x0000,
				0x0c00,
				0x1200,
				0xbb00,
				0x3800000f,
				0x6e497000,
				0x23006f66,
				0x01000500,
				0x0003,
				0x0000,
			},
			{
				0x0083,
				0x0005,
				0xe101,
				0x000b,
				0x00000400,
				0x00007b00,
				0x12001400,
				0x00105f00,
				0x3800,
				0x7200,
			},
			{
				0x7365,
				0x7465,
				0x4c41,
				0x5f4c,
				0x61704641,
				0x796c6172,
				0x32736973,
				0x00011100,
				0x0000,
				0x2100,
			},
			{
				0x6c01,
				0x0000,
				0x0600,
				0x5801,
				0x43000001,
				0x02000c20,
				0x0000001d,
				0x00001004,
				0x0700,
				0x5306,
			},
			{
				0x0c20,
				0x0200,
				0x001d,
				0x0000,
				0x00001404,
				0xa3060700,
				0x02000c02,
				0x0000001d,
				0x1804,
				0x0000,
			},
		},
	},
	{
		0x0700,
		0x1306,
		{
			{
				0x0b20,
				0x0100,
				0x001d,
				0x0000,
				0x00002004,
				0x20220700,
				0x00000cac,
				0x00000021,
				0x000c,
				0x0012,
			},
			{
				0x105b,
				0x0000,
				0x0038,
				0x6e69,
				0x00786564,
				0x00050023,
				0x00001001,
				0x0a005500,
				0x0400,
				0x0000,
			},
			{
				0x6700,
				0x0000,
				0x1400,
				0x1200,
				0x00111100,
				0x6d003800,
				0x5f65766f,
				0x61704641,
				0x6172,
				0x796c,
			},
			{
				0x6973,
				0x3273,
				0x1100,
				0x0001,
				0x21000000,
				0x00010001,
				0xb0010600,
				0x43000001,
				0x0c20,
				0x0200,
			},
			{
				0x001d,
				0x0000,
				0x1004,
				0x0000,
				0xa3060700,
				0x02000c02,
				0x0000001d,
				0x00001404,
				0x0700,
				0x1306,
			},
			{
				0x0b20,
				0x0100,
				0x001d,
				0x0000,
				0x00001804,
				0x20220700,
				0x00000cac,
				0x00000021,
				0x0005,
				0x0012,
			},
			{
				0x10e7,
				0x0000,
				0x0038,
				0x6e69,
				0x00786564,
				0x00050023,
				0x00000301,
				0x0a005500,
				0x2600,
				0x0000,
			},
			{
				0x0c00,
				0x1200,
				0x0d00,
				0x0011,
				0x70003800,
				0x6f666e49,
				0x05002300,
				0x00100100,
				0x0000,
				0x0083,
			},
			{
				0x0005,
				0xe101,
				0x000b,
				0x0400,
				0x12000000,
				0x13000000,
				0x62001200,
				0xb6000013,
				0x2400,
				0x0000,
			},
			{
				0x2600,
				0x0000,
				0x0d00,
				0x1200,
				0x00114900,
				0x61003800,
				0x69727474,
				0x65747562,
				0x5500,
				0x0c00,
			},
			{
				0x2300,
				0x0600,
				0x0400,
				0x0000,
				0x1e070000,
				0x0d000000,
				0x67001200,
				0x38000011,
				0x7800,
				0x5500,
			},
			{
				0x0400,
				0x2300,
				0x0600,
				0x0400,
				0x00000004,
				0x00001e07,
				0x12000d00,
				0x00118500,
				0x3800,
				0x7900,
			},
			{
				0x5500,
				0x0400,
				0x2300,
				0x0600,
				0x00060400,
				0x1e070000,
				0x0d000000,
				0xa3001200,
				0x0011,
				0x3800,
			},
			{
				0x7700,
				0x5500,
				0x0600,
				0x2300,
				0x04000600,
				0x00000008,
				0x00001e07,
				0x12000d00,
				0xc100,
				0x0011,
			},
			{
				0x3800,
				0x6800,
				0x5500,
				0x0600,
				0x06002300,
				0x000a0400,
				0x22070000,
				0x0d000000,
				0x1200,
				0xe300,
			},
			{
				0x0011,
				0x3800,
				0x7400,
				0x6170,
				0x55006567,
				0x23000600,
				0x04000600,
				0x0000000c,
				0x1e07,
				0x0000,
			},
			{
				0x0d00,
				0x1200,
				0x0100,
				0x0012,
				0x75003800,
				0x03005500,
				0x06002300,
				0x000e0400,
				0x0000,
				0x1e07,
			},
			{
				0x0000,
				0x0d00,
				0x1200,
				0x1f00,
				0x38000012,
				0x55007600,
				0x23000300,
				0x04000600,
				0x000f,
				0x0000,
			},
			{
				0x1f07,
				0x0000,
				0x0d00,
				0x1200,
				0x00123e00,
				0x63003800,
				0x00550078,
				0x00230004,
				0x0006,
				0x1004,
			},
			{
				0x0000,
				0x0700,
				0x001f,
				0x0000,
				0x0012000d,
				0x0000125d,
				0x79630038,
				0x04005500,
				0x2300,
				0x0600,
			},
		},
	},
	{
		0x0400,
		0x0012,
		{
			{
				0x0000,
				0x1e07,
				0x0000,
				0x0d00,
				0x7b001200,
				0x38000012,
				0x55007200,
				0x23000300,
				0x0600,
				0x0400,
			},
			{
				0x0014,
				0x0000,
				0x1e07,
				0x0000,
				0x12000d00,
				0x00129900,
				0x67003800,
				0x03005500,
				0x2300,
				0x0600,
			},
			{
				0x0400,
				0x0015,
				0x0000,
				0x1e07,
				0x0d000000,
				0xb7001200,
				0x38000012,
				0x55006200,
				0x0300,
				0x2300,
			},
			{
				0x0600,
				0x0400,
				0x0016,
				0x0000,
				0x00001f07,
				0x12000d00,
				0x0012d600,
				0x6d003800,
				0x0078,
				0x0055,
			},
			{
				0x0004,
				0x0023,
				0x0006,
				0x1804,
				0x07000000,
				0x0000001f,
				0x0012000d,
				0x000012f5,
				0x0038,
				0x796d,
			},
			{
				0x5500,
				0x0400,
				0x2300,
				0x0600,
				0x001a0400,
				0x23070000,
				0x0d000000,
				0x18001200,
				0x0013,
				0x3800,
			},
			{
				0x7300,
				0x6163,
				0x656c,
				0x0078,
				0x00040055,
				0x00060023,
				0x00001c04,
				0x00230700,
				0x0000,
				0x000d,
			},
			{
				0x0012,
				0x133b,
				0x0000,
				0x0038,
				0x6c616373,
				0x55007965,
				0x23000400,
				0x04000600,
				0x001e,
				0x0000,
			},
			{
				0x2307,
				0x0000,
				0x0d00,
				0x1200,
				0x00135e00,
				0x72003800,
				0x7461746f,
				0x00550065,
				0x000a,
				0x0023,
			},
			{
				0x0006,
				0x2004,
				0x0000,
				0x0700,
				0x00000004,
				0x00000034,
				0x0012000c,
				0x00001396,
				0x0038,
				0x4767,
			},
			{
				0x5053,
				0x415f,
				0x7046,
				0x7261,
				0x5f326c61,
				0x6d617266,
				0x504f5465,
				0x05002300,
				0x0300,
				0x0000,
			},
			{
				0x0000,
				0x0072,
				0x1111,
				0x0000,
				0x00000036,
				0x0012000c,
				0x000013cc,
				0x47670038,
				0x5053,
				0x415f,
			},
			{
				0x7046,
				0x7261,
				0x6c61,
				0x5f32,
				0x6d617266,
				0x444e5565,
				0x23005245,
				0x03000500,
				0x0000,
				0x0000,
			},
			{
				0x0072,
				0x1111,
				0x0000,
				0x0036,
				0x000c0000,
				0x14020012,
				0x00380000,
				0x50534767,
				0x415f,
				0x7046,
			},
			{
				0x7261,
				0x6c61,
				0x5f32,
				0x756e,
				0x7265626d,
				0x504f544c,
				0x05002300,
				0x00000300,
				0x0000,
				0x0072,
			},
			{
				0x1111,
				0x0000,
				0x0036,
				0x0000,
				0x0012000c,
				0x00001438,
				0x47670038,
				0x415f5053,
				0x7046,
				0x7261,
			},
			{
				0x6c61,
				0x5f32,
				0x756e,
				0x626d,
				0x54537265,
				0x2300504f,
				0x03000500,
				0x00000000,
				0x0072,
				0x1111,
			},
			{
				0x0000,
				0x0012,
				0x0000,
				0x0013,
				0x14a00012,
				0x00b60000,
				0x00000004,
				0x00000028,
				0x000d,
				0x0012,
			},
			{
				0x1472,
				0x0000,
				0x0038,
				0x0070,
				0x00090055,
				0x000000c5,
				0x001800d6,
				0x00230000,
				0x0006,
				0x0004,
			},
			{
				0x0000,
				0x0700,
				0x002a,
				0x0000,
				0x0012000d,
				0x0000149c,
				0x756e0038,
				0x0055006d,
				0x0003,
				0x00c5,
			},
		},
	},
	{
		0x0000,
		0x00d6,
		{
			{
				0x0008,
				0x0000,
				0x0023,
				0x0006,
				0x00000304,
				0x00040700,
				0x00120000,
				0x00130000,
				0x0012,
				0x1568,
			},
			{
				0x0000,
				0x00b6,
				0x0014,
				0x0000,
				0x00000023,
				0x0012000d,
				0x000014d5,
				0x656c0038,
				0x676e,
				0x6874,
			},
			{
				0x5500,
				0x0c00,
				0x2300,
				0x0600,
				0x00000400,
				0x25070000,
				0x0d000000,
				0xfa001200,
				0x0014,
				0x3800,
			},
			{
				0x6f00,
				0x6772,
				0x8300,
				0x0500,
				0x14380100,
				0x00230000,
				0x04040006,
				0x07000000,
				0x0023,
				0x0000,
			},
			{
				0x000d,
				0x0012,
				0x151d,
				0x0000,
				0x666f0038,
				0x74657366,
				0x0c005500,
				0x06002300,
				0x0400,
				0x0008,
			},
			{
				0x0000,
				0x2207,
				0x0000,
				0x0d00,
				0x3f001200,
				0x38000015,
				0x696f7000,
				0x5500746e,
				0x0c00,
				0x2300,
			},
			{
				0x0600,
				0x0400,
				0x000c,
				0x0000,
				0x00002507,
				0x12000d00,
				0x00156400,
				0x74003800,
				0x6761,
				0x8300,
			},
			{
				0x0500,
				0x0100,
				0x1438,
				0x0000,
				0x00060023,
				0x00001004,
				0x00040700,
				0x00290000,
				0x0000,
				0x0007,
			},
			{
				0x0012,
				0x1591,
				0x0000,
				0x0038,
				0x5f544f67,
				0x70544341,
				0x05002300,
				0x00000300,
				0x0000,
				0x0083,
			},
			{
				0x0005,
				0xa001,
				0x0014,
				0x2000,
				0x01000000,
				0xb1001200,
				0xa3000015,
				0x00001000,
				0x000a,
				0x0000,
			},
			{
				0x0000,
				0x0013,
				0x0000,
				0x5508,
				0x20000100,
				0x01000000,
				0xd1001200,
				0xa3000015,
				0x1000,
				0x0000,
			},
			{
				0x000a,
				0x0000,
				0x0000,
				0x0002,
				0x55080000,
				0x20000300,
				0x01000000,
				0xf1001200,
				0x0015,
				0xa300,
			},
			{
				0x1000,
				0x0000,
				0x000a,
				0x0000,
				0x000f0000,
				0x55080000,
				0x12000300,
				0x13000000,
				0x1200,
				0x7100,
			},
			{
				0x0017,
				0xb600,
				0x3400,
				0x0000,
				0x00002300,
				0x12000d00,
				0x00162600,
				0x6e003800,
				0x6d61,
				0x0065,
			},
			{
				0x0072,
				0x1591,
				0x0000,
				0x0023,
				0x00040006,
				0x07000000,
				0x00000022,
				0x0012000d,
				0x1648,
				0x0000,
			},
			{
				0x0038,
				0x706e,
				0x7261,
				0x0074,
				0x000a0055,
				0x00060023,
				0x00001404,
				0x001f0700,
				0x0000,
				0x000d,
			},
			{
				0x0012,
				0x1667,
				0x0000,
				0x0038,
				0x55007863,
				0x23000400,
				0x04000600,
				0x00000018,
				0x1f07,
				0x0000,
			},
			{
				0x0d00,
				0x1200,
				0x8600,
				0x0016,
				0x63003800,
				0x00550079,
				0x00230004,
				0x1a040006,
				0x0000,
				0x0700,
			},
			{
				0x0026,
				0x0000,
				0x000d,
				0x0012,
				0x000016ac,
				0x74610038,
				0x62697274,
				0x00657475,
				0x0055,
				0x0003,
			},
			{
				0x0023,
				0x0006,
				0x1c04,
				0x0000,
				0x00270700,
				0x000d0000,
				0x16d30012,
				0x00380000,
				0x6567,
				0x656e,
			},
		},
	},
};

EfeBuffDisk BTL_D_80075C7C[1] = {
	{
		0x6172,
		0x6974,
		(MATRIX *)0x55006e6f,
		(Entity *)0x23000300,
		{ 0x0600, 0x0400, 0x001d, 0x0000 },
		0x00002507,
		0x12000d00,
		0x0016f800,
		0x6e003800,
	},
};

EfeTrailEffect BTL_D_80075CA0[1] = {
	{
		0x7461,
		0x7275,
		(MATRIX *)0x00720065,
		(Entity *)0x000015b1,
		{
			{
				0x00060023,
				{
					{ 0x1e04, 0x0000, 0x0700, 0x0023 },
					{ 0x0000, 0x000d, 0x0012, 0x171b },
					{ 0x0000, 0x0038, 0x7469, 0x6d65 },
					{ 0x6f4e, 0x5500, 0x0300, 0x2300 },
				},
			},
			{
				0x04000600,
				{
					{ 0x0021, 0x0000, 0x2807, 0x0000 },
					{ 0x0d00, 0x1200, 0x4300, 0x0017 },
					{ 0x3800, 0x7000, 0x6f72, 0x6162 },
					{ 0x6962, 0x696c, 0x7974, 0x5500 },
				},
			},
			{
				0x23000300,
				{
					{ 0x0600, 0x0400, 0x0022, 0x0000 },
					{ 0x2a07, 0x0000, 0x0d00, 0x1200 },
					{ 0x6d00, 0x0017, 0x3800, 0x7500 },
					{ 0x6573, 0x6157, 0x617a, 0x694c },
				},
			},
			{
				0x72007473,
				{
					{ 0xd100, 0x0015, 0x2300, 0x0600 },
					{ 0x0400, 0x0023, 0x0000, 0x0407 },
					{ 0x0000, 0x2200, 0x0000, 0x0100 },
					{ 0x1200, 0x9300, 0x0017, 0xa300 },
				},
			},
			{
				0x00001200,
				{
					{ 0x000a, 0x0000, 0x0000, 0x00b3 },
					{ 0x0000, 0x7208, 0xf100, 0x0015 },
					{ 0x2600, 0x0000, 0x0700, 0x1200 },
					{ 0xb900, 0x0017, 0x3800, 0x6700 },
				},
			},
			{
				0x495f4843,
				{
					{ 0x666e, 0x006f, 0x0023, 0x0005 },
					{ 0x0003, 0x0000, 0x7200, 0x7100 },
					{ 0x0017, 0xbb00, 0x0000, 0x1400 },
					{ 0x1200, 0x9100, 0x0019, 0x3800 },
				},
			},
			{
				0x61726400,
				{
					{ 0x5f77, 0x4641, 0x6170, 0x6172 },
					{ 0x796c, 0x6973, 0x3273, 0x1100 },
					{ 0x0001, 0x0000, 0x2100, 0xc801 },
					{ 0x0003, 0x0600, 0xc601, 0x0002 },
				},
			},
			{
				0x0c204300,
				{
					{ 0x0200, 0x001d, 0x0000, 0x1804 },
					{ 0x0000, 0x0700, 0x5306, 0x0c20 },
					{ 0x0200, 0x001d, 0x0000, 0x1c04 },
					{ 0x0000, 0x0700, 0x6306, 0x0c20 },
				},
			},
		},
	},
};

int16_t BTL_D_80075DCC[8] = {
	0x0200, 0x001d, 0x0000, 0x2004, 0x0000, 0x0700, 0x7306, 0x0c20,
};

int16_t BTL_D_80075DDC[8] = {
	0x0200, 0x001d, 0x0000, 0x2404, 0x0000, 0x0700, 0xa306, 0x0c02,
};

int16_t BTL_D_80075DEC[8] = {
	0x0200, 0x001d, 0x0000, 0x2804, 0x0000, 0x0700, 0x1306, 0x0b20,
};

int16_t BTL_D_80075DFC[8] = {
	0x0100, 0x001d, 0x0000, 0x4004, 0x0000, 0x0700, 0x2022, 0x1568,
};

EfeBuffRings BTL_D_80075E0C[1] = {
	{
		0x0000,
		0x2022,
		(MATRIX *)0x00001396,
		{
			{ 0x2022, 0x1362, 0x0000, 0x2022 },
			{ 0x1402, 0x0000, 0x2022, 0x13cc },
			{ 0x0000, 0x2022, 0x1793, 0x0000 },
			{ 0x2022, 0x0cac, 0x0000, 0x0021 },
			{ 0x0000, 0x0005, 0x0012, 0x1895 },
		},
		{
			0x0000, 0x0038, 0x6e69, 0x6564,
			0x0078, 0x0023, 0x0005, 0x0401,
		},
		0x55000000,
		0x21000a00,
		{
			0x0000, 0x0c00, 0x1200, 0xb600,
			0x0018, 0x3800, 0x6300, 0x756f,
			0x746e, 0x2300, 0x0500, 0x0100,
			0x0012, 0x0000, 0x0055, 0x000a,
		},
		{ 0x23, 0x00, 0x00 },
		0x00,
	},
};

SVECTOR BTL_D_80075E78[32] = {
	{ 0x000c, 0x0012, 0x18d9, 0x0000 },
	{ 0x0038, 0x6373, 0x6c61, 0x5865 },
	{ 0x0059, 0x0023, 0x0005, 0x1101 },
	{ 0x0000, 0x5500, 0x0a00, 0x1f00 },
	{ 0x0000, 0x0c00, 0x1200, 0xf800 },
	{ 0x0018, 0x3800, 0x6400, 0x7963 },
	{ 0x2300, 0x0500, 0x0100, 0x0013 },
	{ 0x0000, 0x0055, 0x000a, 0x0020 },
	{ 0x0000, 0x0001, 0x0012, 0x1918 },
	{ 0x0000, 0x00a3, 0x0010, 0x0a00 },
	{ 0x0000, 0x0000, 0x0100, 0x0000 },
	{ 0x0800, 0x0055, 0x0004, 0x0026 },
	{ 0x0000, 0x000c, 0x0012, 0x193e },
	{ 0x0000, 0x0038, 0x7073, 0x2300 },
	{ 0x0b00, 0x0200, 0x001d, 0x0000 },
	{ 0x3c04, 0x0000, 0x0700, 0x0072 },
	{ 0x18f8, 0x0000, 0x0029, 0x0000 },
	{ 0x000c, 0x0012, 0x1967, 0x0000 },
	{ 0x0038, 0x7274, 0x6e61, 0x0073 },
	{ 0x0023, 0x000b, 0x1d02, 0x0000 },
	{ 0x0400, 0x0034, 0x0000, 0x7207 },
	{ 0xe200, 0x0001, 0x2600, 0x0000 },
	{ 0x0c00, 0x1200, 0x8d00, 0x0019 },
	{ 0x3800, 0x7000, 0x6e49, 0x6f66 },
	{ 0x2300, 0x0500, 0x0100, 0x0010 },
	{ 0x0000, 0x0083, 0x0005, 0xe101 },
	{ 0x000b, 0x0400, 0x0000, 0x1200 },
	{ 0x0000, 0x1300, 0x1200, 0xf100 },
	{ 0x0019, 0xb600, 0x0800, 0x0000 },
	{ 0x2200, 0x0000, 0x0d00, 0x1200 },
	{ 0xc500, 0x0019, 0x3800, 0x6300 },
	{ 0x756f, 0x746e, 0x5500, 0x0400 },
};
#endif
// clang-format on
