#include <libgs.h>

#include <dw/kar.h>
#include <dw/types.h>

// clang-format off
KarStoneRowRaw KAR_D_8005B5A0[3] = {
	{
		{
			0x00, 0x00, 0x00, 0x00, 0x00, 0x00, 0x00, 0x00,
			0x00, 0x00, 0x00, 0x00, 0x00, 0x00, 0x00, 0x00,
			0x00, 0x00, 0x00, 0x00, 0x00, 0x00, 0x00, 0x00,
			0x00, 0x00, 0x00, 0x00, 0x00, 0x00, 0x00, 0x00,
			0x00, 0x00, 0x00, 0x00, 0x00, 0x00, 0x00, 0x00,
			0x00, 0x00, 0x00, 0x00, 0x00, 0x00, 0x00, 0x00,
			0x00, 0x00, 0x00, 0x00, 0x00, 0x00, 0x00, 0x00,
			0x00, 0x00, 0x00, 0x00, 0x00, 0x00, 0x00, 0x00,
			0x00, 0x00, 0x00, 0x00, 0x00, 0x00, 0x00, 0x00,
			0x00, 0x00, 0x00, 0x00, 0x00, 0x00, 0x00, 0x00,
			0x00, 0x00, 0x00, 0x00, 0x00, 0x00, 0x00, 0x00,
			0x00, 0x00, 0x00, 0x00, 0x00, 0x00, 0x00, 0x00,
			0x00, 0x00, 0x00, 0x00, 0x00, 0x00, 0x00, 0x00,
			0x00, 0x00, 0x00, 0x00, 0x00, 0x00, 0x00, 0x00,
			0x00, 0x00, 0x00, 0x00, 0x00, 0x00, 0x00, 0x00,
			0x00, 0x00, 0x00, 0x00, 0x00, 0x00, 0x00, 0x00,
			0x00, 0x00, 0x00, 0x00, 0x00, 0x00, 0x00, 0x00,
			0x00, 0x00, 0x00, 0x00, 0x00, 0x00, 0x00, 0x00,
			0x00, 0x00, 0x00, 0x00, 0x00, 0x00, 0x00, 0x00,
			0x00, 0x00, 0x00, 0x00, 0x00, 0x00, 0x00, 0x00,
			0x00, 0x00, 0x00, 0x00, 0x00, 0x00, 0x00, 0x00,
			0x00, 0x00, 0x00, 0x00, 0x00, 0x00, 0x00, 0x00,
			0x00, 0x00, 0x00, 0x00, 0x00, 0x00, 0x00, 0x00,
			0x00, 0x00, 0x00, 0x00, 0x00, 0x00, 0x00, 0x00,
			0x00, 0x00, 0x00, 0x00, 0x00, 0x00, 0x00, 0x00,
			0x00, 0x00, 0x00, 0x00, 0x00, 0x00, 0x00, 0x00,
			0x00, 0x00, 0x00, 0x00, 0x00, 0x00, 0x00, 0x00,
			0x00, 0x00, 0x00, 0x00, 0x00, 0x00, 0x00, 0x00,
			0x00, 0x00, 0x00, 0x00, 0x00, 0x00, 0x00, 0x00,
			0x00, 0x00, 0x00, 0x00, 0x00, 0x00, 0x00, 0x00,
			0x00, 0x00, 0x00, 0x00, 0x00, 0x00, 0x00, 0x00,
			0x00, 0x00, 0x00, 0x00, 0x00, 0x00, 0x00, 0x00,
			0x00, 0x00, 0x00, 0x00, 0x00, 0x00, 0x00, 0x00,
			0x00, 0x00, 0x00, 0x00, 0x00, 0x00, 0x00, 0x00,
			0x00, 0x00, 0x00, 0x00, 0x00, 0x00, 0x00, 0x00,
			0x00, 0x00, 0x00, 0x00, 0x00, 0x00, 0x00, 0x00,
			0x00, 0x00, 0x00, 0x00, 0x00, 0x00, 0x00, 0x00,
			0x00, 0x00, 0x00, 0x00, 0x00, 0x00, 0x00, 0x00,
			0x00, 0x00, 0x00, 0x00, 0x00, 0x00, 0x00, 0x00,
			0x00, 0x00, 0x00, 0x00, 0x00, 0x00, 0x00, 0x00,
			0x00, 0x00, 0x00, 0x00, 0x00, 0x00, 0x00, 0x00,
			0x00, 0x00, 0x00, 0x00, 0x00, 0x00, 0x00, 0x00,
			0x00, 0x00, 0x00, 0x00, 0x00, 0x00, 0x00, 0x00,
			0x00, 0x00, 0x00, 0x00, 0x00, 0x00, 0x00, 0x00,
			0x00, 0x00, 0x00, 0x00, 0x00, 0x00, 0x00, 0x00,
			0x00, 0x00, 0x00, 0x00, 0x00, 0x00, 0x00, 0x00,
			0x00, 0x00, 0x00, 0x00, 0x00, 0x00, 0x00, 0x00,
			0x00, 0x00, 0x00, 0x00, 0x00, 0x00, 0x00, 0x00,
			0x00, 0x00, 0x00, 0x00, 0x00, 0x00, 0x00, 0x00,
			0x00, 0x00, 0x00, 0x00, 0x00, 0x00, 0x00, 0x00,
			0x00, 0x00, 0x00, 0x00, 0x00, 0x00, 0x00, 0x00,
			0x00, 0x00, 0x00, 0x00, 0x00, 0x00, 0x00, 0x00,
			0x30, 0x30, 0x30, 0x30, 0x31, 0x43, 0x20, 0x44,
			0x70, 0x71, 0x43, 0x6f, 0x6c, 0x6f, 0x72, 0x20,
			0x4c, 0x49, 0x42, 0x47, 0x54, 0x45, 0x2e, 0x41,
			0x2e, 0x6c, 0x69, 0x62, 0x20, 0x73, 0x6d, 0x70,
			0x2e, 0x6f, 0x20, 0x20, 0x20, 0x20, 0x20, 0x20,
			0x20, 0x20, 0x20, 0x20, 0x0d, 0x0a, 0x23, 0x20,
			0x55, 0x4e, 0x55, 0x53, 0x45, 0x44, 0x20, 0x20,
			0x20, 0x30, 0x30, 0x30, 0x30, 0x31, 0x43, 0x20,
			0x4e, 0x6f, 0x72, 0x6d, 0x61, 0x6c, 0x43, 0x6f,
			0x6c, 0x6f, 0x72, 0x20, 0x4c, 0x49, 0x42, 0x47,
			0x54, 0x45, 0x2e, 0x41, 0x2e, 0x6c, 0x69, 0x62,
			0x20, 0x73, 0x6d, 0x70, 0x2e, 0x6f, 0x20, 0x20,
			0x20, 0x20, 0x20, 0x20, 0x20, 0x20, 0x20, 0x20,
			0x0d, 0x0a, 0x23, 0x20, 0x55, 0x4e, 0x55, 0x53,
			0x45, 0x44, 0x20, 0x20, 0x20, 0x30, 0x30, 0x30,
			0x30, 0x33, 0x43, 0x20, 0x4e, 0x6f, 0x72, 0x6d,
			0x61, 0x6c, 0x43, 0x6f, 0x6c, 0x6f, 0x72, 0x33,
			0x20, 0x4c, 0x49, 0x42, 0x47, 0x54, 0x45, 0x2e,
			0x41, 0x2e, 0x6c, 0x69, 0x62, 0x20, 0x73, 0x6d,
			0x70, 0x2e, 0x6f, 0x20, 0x20, 0x20, 0x20, 0x20,
			0x20, 0x20, 0x20, 0x20, 0x20, 0x0d, 0x0a, 0x23,
			0x20, 0x55, 0x4e, 0x55, 0x53, 0x45, 0x44, 0x20,
			0x20, 0x20, 0x30, 0x30, 0x30, 0x30, 0x32, 0x34,
			0x20, 0x4e, 0x6f, 0x72, 0x6d, 0x61, 0x6c, 0x43,
			0x6f, 0x6c, 0x6f, 0x72, 0x44, 0x70, 0x71, 0x20,
			0x4c, 0x49, 0x42, 0x47, 0x54, 0x45, 0x2e, 0x41,
			0x2e, 0x6c, 0x69, 0x62, 0x20, 0x73, 0x6d, 0x70,
			0x2e, 0x6f, 0x20, 0x20, 0x20, 0x20, 0x20, 0x20,
			0x20, 0x20, 0x20, 0x20, 0x0d, 0x0a, 0x23, 0x20,
			0x55, 0x4e, 0x55, 0x53, 0x45, 0x44, 0x20, 0x20,
			0x20, 0x30, 0x30, 0x30, 0x30, 0x34, 0x38, 0x20,
			0x4e, 0x6f, 0x72, 0x6d, 0x61, 0x6c, 0x43, 0x6f,
			0x6c, 0x6f, 0x72, 0x44, 0x70, 0x71, 0x33, 0x20,
			0x4c, 0x49, 0x42, 0x47, 0x54, 0x45, 0x2e, 0x41,
			0x2e, 0x6c, 0x69, 0x62, 0x20, 0x73, 0x6d, 0x70,
			0x2e, 0x6f, 0x20, 0x20, 0x20, 0x20, 0x20, 0x20,
			0x20, 0x20, 0x20, 0x20, 0x0d, 0x0a, 0x20, 0x20,
			0x38, 0x30, 0x30, 0x39, 0x42, 0x36, 0x33, 0x38,
			0x20, 0x30, 0x30, 0x30, 0x30, 0x30, 0x30, 0x32,
			0x30, 0x20, 0x2e, 0x74, 0x65, 0x78, 0x74, 0x20,
			0x20, 0x20, 0x4e, 0x6f, 0x72, 0x6d, 0x61, 0x6c,
			0x43, 0x6f, 0x6c, 0x6f, 0x72, 0x43, 0x6f, 0x6c,
			0x09, 0x28, 0x4c, 0x49, 0x42, 0x47, 0x54, 0x45,
			0x2e, 0x41, 0x2e, 0x6c, 0x69, 0x62, 0x29, 0x0d,
			0x0a, 0x20, 0x20, 0x38, 0x30, 0x30, 0x39, 0x42,
			0x36, 0x35, 0x38, 0x20, 0x30, 0x30, 0x30, 0x30,
			0x30, 0x30, 0x34, 0x34, 0x20, 0x2e, 0x74, 0x65,
			0x78, 0x74, 0x20, 0x20, 0x20, 0x4e, 0x6f, 0x72,
			0x6d, 0x61, 0x6c, 0x43, 0x6f, 0x6c, 0x6f, 0x72,
			0x43, 0x6f, 0x6c, 0x33, 0x09, 0x28, 0x4c, 0x49,
			0x42, 0x47, 0x54, 0x45, 0x2e, 0x41, 0x2e, 0x6c,
			0x69, 0x62, 0x29, 0x0d, 0x0a, 0x23, 0x20, 0x55,
			0x4e, 0x55, 0x53, 0x45, 0x44, 0x20, 0x20, 0x20,
			0x30, 0x30, 0x30, 0x30, 0x32, 0x38, 0x20, 0x43,
			0x6f, 0x6c, 0x6f, 0x72, 0x44, 0x70, 0x71, 0x20,
			0x4c, 0x49, 0x42, 0x47, 0x54, 0x45, 0x2e, 0x41,
			0x2e, 0x6c, 0x69, 0x62,
		},
	},
	{
		{
			0x20, 0x73, 0x6d, 0x70, 0x2e, 0x6f, 0x20, 0x20,
			0x20, 0x20, 0x20, 0x20, 0x20, 0x20, 0x20, 0x20,
			0x0d, 0x0a, 0x23, 0x20, 0x55, 0x4e, 0x55, 0x53,
			0x45, 0x44, 0x20, 0x20, 0x20, 0x30, 0x30, 0x30,
			0x30, 0x32, 0x34, 0x20, 0x43, 0x6f, 0x6c, 0x6f,
			0x72, 0x43, 0x6f, 0x6c, 0x20, 0x4c, 0x49, 0x42,
			0x47, 0x54, 0x45, 0x2e, 0x41, 0x2e, 0x6c, 0x69,
			0x62, 0x20, 0x73, 0x6d, 0x70, 0x2e, 0x6f, 0x20,
			0x20, 0x20, 0x20, 0x20, 0x20, 0x20, 0x20, 0x20,
			0x20, 0x0d, 0x0a, 0x23, 0x20, 0x55, 0x4e, 0x55,
			0x53, 0x45, 0x44, 0x20, 0x20, 0x20, 0x30, 0x30,
			0x30, 0x30, 0x31, 0x30, 0x20, 0x41, 0x76, 0x65,
			0x72, 0x61, 0x67, 0x65, 0x53, 0x5a, 0x33, 0x20,
			0x4c, 0x49, 0x42, 0x47, 0x54, 0x45, 0x2e, 0x41,
			0x2e, 0x6c, 0x69, 0x62, 0x20, 0x73, 0x6d, 0x70,
			0x2e, 0x6f, 0x20, 0x20, 0x20, 0x20, 0x20, 0x20,
			0x20, 0x20, 0x20, 0x20, 0x0d, 0x0a, 0x23, 0x20,
			0x55, 0x4e, 0x55, 0x53, 0x45, 0x44, 0x20, 0x20,
			0x20, 0x30, 0x30, 0x30, 0x30, 0x31, 0x43, 0x20,
			0x41, 0x76, 0x65, 0x72, 0x61, 0x67, 0x65, 0x53,
			0x5a, 0x34, 0x20, 0x4c, 0x49, 0x42, 0x47, 0x54,
			0x45, 0x2e, 0x41, 0x2e, 0x6c, 0x69, 0x62, 0x20,
			0x73, 0x6d, 0x70, 0x2e, 0x6f, 0x20, 0x20, 0x20,
			0x20, 0x20, 0x20, 0x20, 0x20, 0x20, 0x20, 0x0d,
			0x0a, 0x20, 0x20, 0x38, 0x30, 0x30, 0x39, 0x42,
			0x36, 0x39, 0x43, 0x20, 0x30, 0x30, 0x30, 0x30,
			0x30, 0x30, 0x33, 0x30, 0x20, 0x2e, 0x74, 0x65,
			0x78, 0x74, 0x20, 0x20, 0x20, 0x52, 0x6f, 0x74,
			0x54, 0x72, 0x61, 0x6e, 0x73, 0x50, 0x65, 0x72,
			0x73, 0x09, 0x28, 0x4c, 0x49, 0x42, 0x47, 0x54,
			0x45, 0x2e, 0x41, 0x2e, 0x6c, 0x69, 0x62, 0x29,
			0x0d, 0x0a, 0x20, 0x20, 0x38, 0x30, 0x30, 0x39,
			0x42, 0x36, 0x43, 0x43, 0x20, 0x30, 0x30, 0x30,
			0x30, 0x30, 0x30, 0x36, 0x30, 0x20, 0x2e, 0x74,
			0x65, 0x78, 0x74, 0x20, 0x20, 0x20, 0x52, 0x6f,
			0x74, 0x54, 0x72, 0x61, 0x6e, 0x73, 0x50, 0x65,
			0x72, 0x73, 0x33, 0x09, 0x28, 0x4c, 0x49, 0x42,
			0x47, 0x54, 0x45, 0x2e, 0x41, 0x2e, 0x6c, 0x69,
			0x62, 0x29, 0x0d, 0x0a, 0x20, 0x20, 0x38, 0x30,
			0x30, 0x39, 0x42, 0x37, 0x32, 0x43, 0x20, 0x30,
			0x30, 0x30, 0x30, 0x30, 0x30, 0x38, 0x30, 0x20,
			0x2e, 0x74, 0x65, 0x78, 0x74, 0x20, 0x20, 0x20,
			0x52, 0x6f, 0x74, 0x54, 0x72, 0x61, 0x6e, 0x73,
			0x50, 0x65, 0x72, 0x73, 0x34, 0x09, 0x28, 0x4c,
			0x49, 0x42, 0x47, 0x54, 0x45, 0x2e, 0x41, 0x2e,
			0x6c, 0x69, 0x62, 0x29, 0x0d, 0x0a, 0x20, 0x20,
			0x38, 0x30, 0x30, 0x39, 0x42, 0x37, 0x41, 0x43,
			0x20, 0x30, 0x30, 0x30, 0x30, 0x30, 0x30, 0x36,
			0x30, 0x20, 0x2e, 0x74, 0x65, 0x78, 0x74, 0x20,
			0x20, 0x20, 0x52, 0x6f, 0x74, 0x41, 0x76, 0x65,
			0x72, 0x61, 0x67, 0x65, 0x33, 0x09, 0x28, 0x4c,
			0x49, 0x42, 0x47, 0x54, 0x45, 0x2e, 0x41, 0x2e,
			0x6c, 0x69, 0x62, 0x29, 0x0d, 0x0a, 0x20, 0x20,
			0x38, 0x30, 0x30, 0x39, 0x42, 0x38, 0x30, 0x43,
			0x20, 0x30, 0x30, 0x30, 0x30, 0x30, 0x30, 0x39,
			0x30, 0x20, 0x2e, 0x74, 0x65, 0x78, 0x74, 0x20,
			0x20, 0x20, 0x52, 0x6f, 0x74, 0x4e, 0x63, 0x6c,
			0x69, 0x70, 0x33, 0x09, 0x28, 0x4c, 0x49, 0x42,
			0x47, 0x54, 0x45, 0x2e, 0x41, 0x2e, 0x6c, 0x69,
			0x62, 0x29, 0x0d, 0x0a, 0x23, 0x20, 0x55, 0x4e,
			0x55, 0x53, 0x45, 0x44, 0x20, 0x20, 0x20, 0x30,
			0x30, 0x30, 0x30, 0x30, 0x30, 0x20, 0x43, 0x4e,
			0x54, 0x52, 0x4e, 0x33, 0x30, 0x20, 0x4c, 0x49,
			0x42, 0x47, 0x54, 0x45, 0x2e, 0x41, 0x2e, 0x6c,
			0x69, 0x62, 0x20, 0x63, 0x6d, 0x62, 0x5f, 0x30,
			0x34, 0x2e, 0x6f, 0x20, 0x20, 0x20, 0x20, 0x20,
			0x20, 0x20, 0x0d, 0x0a, 0x23, 0x20, 0x55, 0x4e,
			0x55, 0x53, 0x45, 0x44, 0x20, 0x20, 0x20, 0x30,
			0x30, 0x30, 0x30, 0x30, 0x30, 0x20, 0x52, 0x54,
			0x4e, 0x52, 0x4e, 0x33, 0x30, 0x20, 0x4c, 0x49,
			0x42, 0x47, 0x54, 0x45, 0x2e, 0x41, 0x2e, 0x6c,
			0x69, 0x62, 0x20, 0x63, 0x6d, 0x62, 0x5f, 0x30,
			0x34, 0x2e, 0x6f, 0x20, 0x20, 0x20, 0x20, 0x20,
			0x20, 0x20, 0x0d, 0x0a, 0x20, 0x20, 0x38, 0x30,
			0x30, 0x39, 0x42, 0x38, 0x39, 0x43, 0x20, 0x30,
			0x30, 0x30, 0x30, 0x30, 0x30, 0x42, 0x30, 0x20,
			0x2e, 0x74, 0x65, 0x78, 0x74, 0x20, 0x20, 0x20,
			0x52, 0x6f, 0x74, 0x4e, 0x63, 0x6c, 0x69, 0x70,
			0x34, 0x09, 0x28, 0x4c, 0x49, 0x42, 0x47, 0x54,
			0x45, 0x2e, 0x41, 0x2e, 0x6c, 0x69, 0x62, 0x29,
			0x0d, 0x0a, 0x23, 0x20, 0x55, 0x4e, 0x55, 0x53,
			0x45, 0x44, 0x20, 0x20, 0x20, 0x30, 0x30, 0x30,
			0x30, 0x30, 0x30, 0x20, 0x43, 0x4e, 0x54, 0x52,
			0x4e, 0x34, 0x30, 0x20, 0x4c, 0x49, 0x42, 0x47,
			0x54, 0x45, 0x2e, 0x41, 0x2e, 0x6c, 0x69, 0x62,
			0x20, 0x63, 0x6d, 0x62, 0x5f, 0x30, 0x35, 0x2e,
			0x6f, 0x20, 0x20, 0x20, 0x20, 0x20, 0x20, 0x20,
			0x0d, 0x0a, 0x23, 0x20, 0x55, 0x4e, 0x55, 0x53,
			0x45, 0x44, 0x20, 0x20, 0x20, 0x30, 0x30, 0x30,
			0x30, 0x30, 0x30, 0x20, 0x52, 0x54, 0x4e, 0x52,
			0x4e, 0x34, 0x30, 0x20, 0x4c, 0x49, 0x42, 0x47,
			0x54, 0x45, 0x2e, 0x41, 0x2e, 0x6c, 0x69, 0x62,
			0x20, 0x63, 0x6d, 0x62, 0x5f, 0x30, 0x35, 0x2e,
			0x6f, 0x20, 0x20, 0x20, 0x20, 0x20, 0x20, 0x20,
			0x0d, 0x0a, 0x20, 0x20, 0x38, 0x30, 0x30, 0x39,
			0x42, 0x39, 0x34, 0x43, 0x20, 0x30, 0x30, 0x30,
			0x30, 0x30, 0x30, 0x39, 0x30, 0x20, 0x2e, 0x74,
			0x65, 0x78, 0x74, 0x20, 0x20, 0x20, 0x52, 0x6f,
			0x74, 0x41, 0x76, 0x65, 0x72, 0x61, 0x67, 0x65,
			0x4e, 0x63, 0x6c, 0x69, 0x70, 0x33, 0x09, 0x28,
			0x4c, 0x49, 0x42, 0x47, 0x54, 0x45, 0x2e, 0x41,
			0x2e, 0x6c, 0x69, 0x62, 0x29, 0x0d, 0x0a, 0x23,
			0x20, 0x55, 0x4e, 0x55, 0x53, 0x45, 0x44, 0x20,
			0x20, 0x20, 0x30, 0x30, 0x30, 0x30, 0x30, 0x30,
			0x20, 0x43, 0x4e, 0x54, 0x37, 0x33, 0x30, 0x20,
			0x4c, 0x49, 0x42, 0x47, 0x54, 0x45, 0x2e, 0x41,
			0x2e, 0x6c, 0x69, 0x62, 0x20, 0x63, 0x6d, 0x62,
			0x5f, 0x30, 0x36, 0x2e, 0x6f, 0x20, 0x20, 0x20,
			0x20, 0x20, 0x20, 0x20,
		},
	},
	{
		{
			0x0d, 0x0a, 0x23, 0x20, 0x55, 0x4e, 0x55, 0x53,
			0x45, 0x44, 0x20, 0x20, 0x20, 0x30, 0x30, 0x30,
			0x30, 0x30, 0x30, 0x20, 0x52, 0x54, 0x4e, 0x37,
			0x33, 0x30, 0x20, 0x4c, 0x49, 0x42, 0x47, 0x54,
			0x45, 0x2e, 0x41, 0x2e, 0x6c, 0x69, 0x62, 0x20,
			0x63, 0x6d, 0x62, 0x5f, 0x30, 0x36, 0x2e, 0x6f,
			0x20, 0x20, 0x20, 0x20, 0x20, 0x20, 0x20, 0x0d,
			0x0a, 0x20, 0x20, 0x38, 0x30, 0x30, 0x39, 0x42,
			0x39, 0x44, 0x43, 0x20, 0x30, 0x30, 0x30, 0x30,
			0x30, 0x30, 0x42, 0x30, 0x20, 0x2e, 0x74, 0x65,
			0x78, 0x74, 0x20, 0x20, 0x20, 0x52, 0x6f, 0x74,
			0x41, 0x76, 0x65, 0x72, 0x61, 0x67, 0x65, 0x4e,
			0x63, 0x6c, 0x69, 0x70, 0x34, 0x09, 0x28, 0x4c,
			0x49, 0x42, 0x47, 0x54, 0x45, 0x2e, 0x41, 0x2e,
			0x6c, 0x69, 0x62, 0x29, 0x0d, 0x0a, 0x23, 0x20,
			0x55, 0x4e, 0x55, 0x53, 0x45, 0x44, 0x20, 0x20,
			0x20, 0x30, 0x30, 0x30, 0x30, 0x30, 0x30, 0x20,
			0x43, 0x4e, 0x54, 0x37, 0x34, 0x30, 0x20, 0x4c,
			0x49, 0x42, 0x47, 0x54, 0x45, 0x2e, 0x41, 0x2e,
			0x6c, 0x69, 0x62, 0x20, 0x63, 0x6d, 0x62, 0x5f,
			0x30, 0x37, 0x2e, 0x6f, 0x20, 0x20, 0x20, 0x20,
			0x20, 0x20, 0x20, 0x0d, 0x0a, 0x23, 0x20, 0x55,
			0x4e, 0x55, 0x53, 0x45, 0x44, 0x20, 0x20, 0x20,
			0x30, 0x30, 0x30, 0x30, 0x30, 0x30, 0x20, 0x52,
			0x54, 0x4e, 0x37, 0x34, 0x30, 0x20, 0x4c, 0x49,
			0x42, 0x47, 0x54, 0x45, 0x2e, 0x41, 0x2e, 0x6c,
			0x69, 0x62, 0x20, 0x63, 0x6d, 0x62, 0x5f, 0x30,
			0x37, 0x2e, 0x6f, 0x20, 0x20, 0x20, 0x20, 0x20,
			0x20, 0x20, 0x0d, 0x0a, 0x23, 0x20, 0x55, 0x4e,
			0x55, 0x53, 0x45, 0x44, 0x20, 0x20, 0x20, 0x30,
			0x30, 0x30, 0x30, 0x30, 0x30, 0x20, 0x67, 0x63,
			0x63, 0x32, 0x5f, 0x63, 0x6f, 0x6d, 0x70, 0x69,
			0x6c, 0x65, 0x64, 0x2e, 0x20, 0x4c, 0x49, 0x42,
			0x47, 0x54, 0x45, 0x2e, 0x41, 0x2e, 0x6c, 0x69,
			0x62, 0x20, 0x63, 0x73, 0x74, 0x62, 0x6c, 0x2e,
			0x6f, 0x20, 0x20, 0x20, 0x20, 0x20, 0x20, 0x20,
			0x20, 0x0d, 0x0a, 0x23, 0x20, 0x55, 0x4e, 0x55,
			0x53, 0x45, 0x44, 0x20, 0x20, 0x20, 0x30, 0x30,
			0x30, 0x30, 0x30, 0x30, 0x20, 0x5f, 0x5f, 0x67,
			0x6e, 0x75, 0x5f, 0x63, 0x6f, 0x6d, 0x70, 0x69,
			0x6c, 0x65, 0x64, 0x5f, 0x63, 0x20, 0x4c, 0x49,
			0x42, 0x47, 0x54, 0x45, 0x2e, 0x41, 0x2e, 0x6c,
			0x69, 0x62, 0x20, 0x63, 0x73, 0x74, 0x62, 0x6c,
			0x2e, 0x6f, 0x20, 0x20, 0x20, 0x20, 0x20, 0x20,
			0x20, 0x20, 0x0d, 0x0a, 0x20, 0x20, 0x38, 0x30,
			0x30, 0x39, 0x42, 0x41, 0x38, 0x43, 0x20, 0x30,
			0x30, 0x30, 0x30, 0x30, 0x30, 0x34, 0x30, 0x20,
			0x2e, 0x74, 0x65, 0x78, 0x74, 0x20, 0x20, 0x20,
			0x54, 0x72, 0x61, 0x6e, 0x73, 0x70, 0x6f, 0x73,
			0x65, 0x4d, 0x61, 0x74, 0x72, 0x69, 0x78, 0x09,
			0x28, 0x4c, 0x49, 0x42, 0x47, 0x54, 0x45, 0x2e,
			0x41, 0x2e, 0x6c, 0x69, 0x62, 0x29, 0x0d, 0x0a,
			0x20, 0x20, 0x38, 0x30, 0x30, 0x39, 0x42, 0x41,
			0x43, 0x43, 0x20, 0x30, 0x30, 0x30, 0x30, 0x30,
			0x32, 0x39, 0x30, 0x20, 0x2e, 0x74, 0x65, 0x78,
			0x74, 0x20, 0x20, 0x20, 0x52, 0x6f, 0x74, 0x4d,
			0x61, 0x74, 0x72, 0x69, 0x78, 0x09, 0x28, 0x4c,
			0x49, 0x42, 0x47, 0x54, 0x45, 0x2e, 0x41, 0x2e,
			0x6c, 0x69, 0x62, 0x29, 0x0d, 0x0a, 0x23, 0x20,
			0x55, 0x4e, 0x55, 0x53, 0x45, 0x44, 0x20, 0x20,
			0x20, 0x30, 0x30, 0x30, 0x30, 0x30, 0x30, 0x20,
			0x72, 0x6d, 0x74, 0x78, 0x5f, 0x31, 0x20, 0x4c,
			0x49, 0x42, 0x47, 0x54, 0x45, 0x2e, 0x41, 0x2e,
			0x6c, 0x69, 0x62, 0x20, 0x66, 0x67, 0x6f, 0x5f,
			0x30, 0x31, 0x2e, 0x6f, 0x20, 0x20, 0x20, 0x20,
			0x20, 0x20, 0x20, 0x0d, 0x0a, 0x23, 0x20, 0x55,
			0x4e, 0x55, 0x53, 0x45, 0x44, 0x20, 0x20, 0x20,
			0x30, 0x30, 0x30, 0x30, 0x30, 0x30, 0x20, 0x72,
			0x6d, 0x74, 0x78, 0x5f, 0x70, 0x20, 0x4c, 0x49,
			0x42, 0x47, 0x54, 0x45, 0x2e, 0x41, 0x2e, 0x6c,
			0x69, 0x62, 0x20, 0x66, 0x67, 0x6f, 0x5f, 0x30,
			0x31, 0x2e, 0x6f, 0x20, 0x20, 0x20, 0x20, 0x20,
			0x20, 0x20, 0x0d, 0x0a, 0x23, 0x20, 0x55, 0x4e,
			0x55, 0x53, 0x45, 0x44, 0x20, 0x20, 0x20, 0x30,
			0x30, 0x30, 0x30, 0x30, 0x30, 0x20, 0x72, 0x6d,
			0x74, 0x78, 0x32, 0x20, 0x4c, 0x49, 0x42, 0x47,
			0x54, 0x45, 0x2e, 0x41, 0x2e, 0x6c, 0x69, 0x62,
			0x20, 0x66, 0x67, 0x6f, 0x5f, 0x30, 0x31, 0x2e,
			0x6f, 0x20, 0x20, 0x20, 0x20, 0x20, 0x20, 0x20,
			0x0d, 0x0a, 0x23, 0x20, 0x55, 0x4e, 0x55, 0x53,
			0x45, 0x44, 0x20, 0x20, 0x20, 0x30, 0x30, 0x30,
			0x30, 0x30, 0x30, 0x20, 0x72, 0x6d, 0x74, 0x78,
			0x5f, 0x32, 0x20, 0x4c, 0x49, 0x42, 0x47, 0x54,
			0x45, 0x2e, 0x41, 0x2e, 0x6c, 0x69, 0x62, 0x20,
			0x66, 0x67, 0x6f, 0x5f, 0x30, 0x31, 0x2e, 0x6f,
			0x20, 0x20, 0x20, 0x20, 0x20, 0x20, 0x20, 0x0d,
			0x0a, 0x23, 0x20, 0x55, 0x4e, 0x55, 0x53, 0x45,
			0x44, 0x20, 0x20, 0x20, 0x30, 0x30, 0x30, 0x30,
			0x30, 0x30, 0x20, 0x6d, 0x74, 0x78, 0x32, 0x5f,
			0x70, 0x20, 0x4c, 0x49, 0x42, 0x47, 0x54, 0x45,
			0x2e, 0x41, 0x2e, 0x6c, 0x69, 0x62, 0x20, 0x66,
			0x67, 0x6f, 0x5f, 0x30, 0x31, 0x2e, 0x6f, 0x20,
			0x20, 0x20, 0x20, 0x20, 0x20, 0x20, 0x0d, 0x0a,
			0x23, 0x20, 0x55, 0x4e, 0x55, 0x53, 0x45, 0x44,
			0x20, 0x20, 0x20, 0x30, 0x30, 0x30, 0x30, 0x30,
			0x30, 0x20, 0x72, 0x6d, 0x74, 0x78, 0x33, 0x20,
			0x4c, 0x49, 0x42, 0x47, 0x54, 0x45, 0x2e, 0x41,
			0x2e, 0x6c, 0x69, 0x62, 0x20, 0x66, 0x67, 0x6f,
			0x5f, 0x30, 0x31, 0x2e, 0x6f, 0x20, 0x20, 0x20,
			0x20, 0x20, 0x20, 0x20, 0x0d, 0x0a, 0x23, 0x20,
			0x55, 0x4e, 0x55, 0x53, 0x45, 0x44, 0x20, 0x20,
			0x20, 0x30, 0x30, 0x30, 0x30, 0x30, 0x30, 0x20,
			0x72, 0x6d, 0x74, 0x78, 0x5f, 0x33, 0x20, 0x4c,
			0x49, 0x42, 0x47, 0x54, 0x45, 0x2e, 0x41, 0x2e,
			0x6c, 0x69, 0x62, 0x20, 0x66, 0x67, 0x6f, 0x5f,
			0x30, 0x31, 0x2e, 0x6f, 0x20, 0x20, 0x20, 0x20,
			0x20, 0x20, 0x20, 0x0d, 0x0a, 0x23, 0x20, 0x55,
			0x4e, 0x55, 0x53, 0x45, 0x44, 0x20, 0x20, 0x20,
			0x30, 0x30, 0x30, 0x30,
		},
	},
};

u_long KAR_D_8005BFCC[7680] = {
	0x6d203030, 0x5f337874, 0x494c2070, 0x45544742,
	0x6c2e412e, 0x66206269, 0x305f6f67, 0x206f2e31,
	0x20202020, 0x0a0d2020, 0x4e552023, 0x44455355,
	0x30202020, 0x30303030, 0x6d722030, 0x20347874,
	0x4742494c, 0x412e4554, 0x62696c2e, 0x6f676620,
	0x2e31305f, 0x2020206f, 0x20202020, 0x20200a0d,
	0x39303038, 0x43354442, 0x30303020, 0x39323030,
	0x742e2030, 0x20747865, 0x6f522020, 0x74614d74,
	0x59786972, 0x28095a58, 0x4742494c, 0x412e4554,
	0x62696c2e, 0x230a0d29, 0x554e5520, 0x20444553,
	0x30302020, 0x30303030, 0x746d7220, 0x315f7878,
	0x42494c20, 0x2e455447, 0x696c2e41, 0x67662062,
	0x32305f6f, 0x20206f2e, 0x20202020, 0x230a0d20,
	0x554e5520, 0x20444553, 0x30302020, 0x30303030,
	0x746d7220, 0x705f7878, 0x42494c20, 0x2e455447,
	0x696c2e41, 0x67662062, 0x32305f6f, 0x20206f2e,
	0x20202020, 0x230a0d20, 0x554e5520, 0x20444553,
	0x30302020, 0x30303030, 0x746d7220, 0x20327878,
	0x4742494c, 0x412e4554, 0x62696c2e, 0x6f676620,
	0x2e32305f, 0x2020206f, 0x20202020, 0x20230a0d,
	0x53554e55, 0x20204445, 0x30303020, 0x20303030,
	0x78746d72, 0x20325f78, 0x4742494c, 0x412e4554,
	0x62696c2e, 0x6f676620, 0x2e32305f, 0x2020206f,
	0x20202020, 0x20230a0d, 0x53554e55, 0x20204445,
	0x30303020, 0x20303030, 0x7878746d, 0x20705f32,
	0x4742494c, 0x412e4554, 0x62696c2e, 0x6f676620,
	0x2e32305f, 0x2020206f, 0x20202020, 0x20230a0d,
	0x53554e55, 0x20204445, 0x30303020, 0x20303030,
	0x78746d72, 0x4c203378, 0x54474249, 0x2e412e45,
	0x2062696c, 0x5f6f6766, 0x6f2e3230, 0x20202020,
	0x0d202020, 0x5520230a, 0x4553554e, 0x20202044,
	0x30303030, 0x72203030, 0x7878746d, 0x4c20335f,
	0x54474249, 0x2e412e45, 0x2062696c, 0x5f6f6766,
	0x6f2e3230, 0x20202020, 0x0d202020, 0x5520230a,
	0x4553554e, 0x20202044, 0x30303030, 0x6d203030,
	0x33787874, 0x4c20705f, 0x54474249, 0x2e412e45,
	0x2062696c, 0x5f6f6766, 0x6f2e3230, 0x20202020,
	0x0d202020, 0x5520230a, 0x4553554e, 0x20202044,
	0x30303030, 0x72203030, 0x7878746d, 0x494c2034,
	0x45544742, 0x6c2e412e, 0x66206269, 0x305f6f67,
	0x206f2e32, 0x20202020, 0x0a0d2020, 0x30382020,
	0x46423930, 0x30204345, 0x30303030, 0x20303932,
	0x7865742e, 0x20202074, 0x4d746f52, 0x69727461,
	0x58595a78, 0x494c2809, 0x45544742, 0x6c2e412e,
	0x0d296269, 0x5520230a, 0x4553554e, 0x20202044,
	0x30303030, 0x72203030, 0x7a78746d, 0x4c20315f,
	0x54474249, 0x2e412e45, 0x2062696c, 0x5f6f6766,
	0x6f2e3330, 0x20202020, 0x0d202020, 0x5520230a,
	0x4553554e, 0x20202044, 0x30303030, 0x72203030,
	0x7a78746d, 0x4c20705f, 0x54474249, 0x2e412e45,
	0x2062696c, 0x5f6f6766, 0x6f2e3330, 0x20202020,
	0x0d202020, 0x5520230a, 0x4553554e, 0x20202044,
	0x30303030, 0x72203030, 0x7a78746d, 0x494c2032,
	0x45544742, 0x6c2e412e, 0x66206269, 0x305f6f67,
	0x206f2e33, 0x20202020, 0x0a0d2020, 0x4e552023,
	0x44455355, 0x30202020, 0x30303030, 0x6d722030,
	0x5f7a7874, 0x494c2032, 0x45544742, 0x6c2e412e,
	0x66206269, 0x305f6f67, 0x206f2e33, 0x20202020,
	0x0a0d2020, 0x4e552023, 0x44455355, 0x30202020,
	0x30303030, 0x746d2030, 0x5f327a78, 0x494c2070,
	0x45544742, 0x6c2e412e, 0x66206269, 0x305f6f67,
	0x206f2e33, 0x20202020, 0x0a0d2020, 0x4e552023,
	0x44455355, 0x30202020, 0x30303030, 0x6d722030,
	0x337a7874, 0x42494c20, 0x2e455447, 0x696c2e41,
	0x67662062, 0x33305f6f, 0x20206f2e, 0x20202020,
	0x230a0d20, 0x554e5520, 0x20444553, 0x30302020,
	0x30303030, 0x746d7220, 0x335f7a78, 0x42494c20,
	0x2e455447, 0x696c2e41, 0x67662062, 0x33305f6f,
	0x20206f2e, 0x20202020, 0x230a0d20, 0x554e5520,
	0x20444553, 0x30302020, 0x30303030, 0x78746d20,
	0x705f337a, 0x42494c20, 0x2e455447, 0x696c2e41,
	0x67662062, 0x33305f6f, 0x20206f2e, 0x20202020,
	0x230a0d20, 0x554e5520, 0x20444553, 0x30302020,
	0x30303030, 0x746d7220, 0x20347a78, 0x4742494c,
	0x412e4554, 0x62696c2e, 0x6f676620, 0x2e33305f,
	0x2020206f, 0x20202020, 0x20230a0d, 0x53554e55,
	0x20204445, 0x30303020, 0x20433331, 0x4d547347,
	0x73616644, 0x33464e74, 0x42494c20, 0x2e455447,
	0x696c2e41, 0x33662062, 0x20206f2e, 0x20202020,
	0x20202020, 0x230a0d20, 0x554e5520, 0x20444553,
	0x30302020, 0x30303030, 0x33464e20, 0x4c20315f,
	0x54474249, 0x2e412e45, 0x2062696c, 0x6f2e3366,
	0x20202020, 0x20202020, 0x0d202020, 0x5520230a,
	0x4553554e, 0x20202044, 0x30303030, 0x4e203030,
	0x325f3346, 0x42494c20, 0x2e455447, 0x696c2e41,
	0x33662062, 0x20206f2e, 0x20202020, 0x20202020,
	0x230a0d20, 0x554e5520, 0x20444553, 0x30302020,
	0x30303030, 0x33464e20, 0x4c20335f, 0x54474249,
	0x2e412e45, 0x2062696c, 0x6f2e3366, 0x20202020,
	0x20202020, 0x0d202020, 0x5520230a, 0x4553554e,
	0x20202044, 0x31303030, 0x47203034, 0x444d5473,
	0x74736166, 0x4c4e3346, 0x42494c20, 0x2e455447,
	0x696c2e41, 0x33662062, 0x20206f2e, 0x20202020,
	0x20202020, 0x230a0d20, 0x554e5520, 0x20444553,
	0x30302020, 0x30303030, 0x4e334620, 0x20315f4c,
	0x4742494c, 0x412e4554, 0x62696c2e, 0x2e336620,
	0x2020206f, 0x20202020, 0x20202020, 0x20230a0d,
	0x53554e55, 0x20204445, 0x30303020, 0x20303030,
	0x4c4e3346, 0x4c20325f, 0x54474249, 0x2e412e45,
	0x2062696c, 0x6f2e3366, 0x20202020, 0x20202020,
	0x0d202020, 0x5520230a, 0x4553554e, 0x20202044,
	0x30303030, 0x46203030, 0x5f4c4e33, 0x494c2033,
	0x45544742, 0x6c2e412e, 0x66206269, 0x206f2e33,
	0x20202020, 0x20202020, 0x0a0d2020, 0x30382020,
	0x32433930, 0x30204337, 0x30303030, 0x20383431,
	0x7865742e, 0x20202074, 0x4d547347, 0x73616644,
	0x4c334674, 0x494c2809, 0x45544742, 0x6c2e412e,
	0x0d296269, 0x5520230a, 0x4553554e, 0x20202044,
	0x30303030, 0x46203030, 0x315f4c33, 0x42494c20,
	0x2e455447, 0x696c2e41, 0x33662062, 0x20206f2e,
	0x20202020, 0x20202020, 0x230a0d20, 0x554e5520,
	0x20444553, 0x30302020, 0x30303030, 0x4c334620,
	0x4c20325f, 0x54474249, 0x2e412e45, 0x2062696c,
	0x6f2e3366, 0x20202020, 0x20202020, 0x0d202020,
	0x5520230a, 0x4553554e, 0x20202044, 0x30303030,
	0x46203030, 0x335f4c33, 0x42494c20, 0x2e455447,
	0x696c2e41, 0x33662062, 0x20206f2e, 0x20202020,
	0x20202020, 0x230a0d20, 0x554e5520, 0x20444553,
	0x30302020, 0x43343130, 0x54734720, 0x6166444d,
	0x33467473, 0x2047464c, 0x4742494c, 0x412e4554,
	0x62696c2e, 0x2e336620, 0x2020206f, 0x20202020,
	0x20202020, 0x20230a0d, 0x53554e55, 0x20204445,
	0x30303020, 0x20303030, 0x464c3346, 0x20315f47,
	0x4742494c, 0x412e4554, 0x62696c2e, 0x2e336620,
	0x2020206f, 0x20202020, 0x20202020, 0x20230a0d,
	0x53554e55, 0x20204445, 0x30303020, 0x20303030,
	0x464c3346, 0x20325f47, 0x4742494c, 0x412e4554,
	0x62696c2e, 0x2e336620, 0x2020206f, 0x20202020,
	0x20202020, 0x20230a0d, 0x53554e55, 0x20204445,
	0x30303020, 0x20303030, 0x464c3346, 0x20335f47,
	0x4742494c, 0x412e4554, 0x62696c2e, 0x2e336620,
	0x2020206f, 0x20202020, 0x20202020, 0x20200a0d,
	0x39303038, 0x34433343, 0x30303020, 0x36313030,
	0x742e2038, 0x20747865, 0x73472020, 0x66444d54,
	0x4e747361, 0x28093446, 0x4742494c, 0x412e4554,
	0x62696c2e, 0x230a0d29, 0x554e5520, 0x20444553,
	0x30302020, 0x30303030, 0x34464e20, 0x4c20315f,
	0x54474249, 0x2e412e45, 0x2062696c, 0x6f2e3466,
	0x20202020, 0x20202020, 0x0d202020, 0x5520230a,
	0x4553554e, 0x20202044, 0x30303030, 0x4e203030,
	0x325f3446, 0x42494c20, 0x2e455447, 0x696c2e41,
	0x34662062, 0x20206f2e, 0x20202020, 0x20202020,
	0x230a0d20, 0x554e5520, 0x20444553, 0x30302020,
	0x30303030, 0x34464e20, 0x4c20335f, 0x54474249,
	0x2e412e45, 0x2062696c, 0x6f2e3466, 0x20202020,
	0x20202020, 0x0d202020, 0x3820200a, 0x43393030,
	0x20433235, 0x30303030, 0x43363130, 0x65742e20,
	0x20207478, 0x54734720, 0x6166444d, 0x34467473,
	0x28094c4e, 0x4742494c, 0x412e4554, 0x62696c2e,
	0x230a0d29, 0x554e5520, 0x20444553, 0x30302020,
	0x30303030, 0x4e344620, 0x20315f4c, 0x4742494c,
	0x412e4554, 0x62696c2e, 0x2e346620, 0x2020206f,
	0x20202020, 0x20202020, 0x20230a0d, 0x53554e55,
	0x20204445, 0x30303020, 0x20303030, 0x4c4e3446,
	0x4c20325f, 0x54474249, 0x2e412e45, 0x2062696c,
	0x6f2e3466, 0x20202020, 0x20202020, 0x0d202020,
	0x5520230a, 0x4553554e, 0x20202044, 0x30303030,
	0x46203030, 0x5f4c4e34, 0x494c2033, 0x45544742,
	0x6c2e412e, 0x66206269, 0x206f2e34, 0x20202020,
	0x20202020, 0x0a0d2020, 0x30382020, 0x36433930,
	0x30203839, 0x30303030, 0x20383731, 0x7865742e,
	0x20202074, 0x4d547347, 0x73616644, 0x4c344674,
	0x494c2809, 0x45544742, 0x6c2e412e, 0x0d296269,
	0x5520230a, 0x4553554e, 0x20202044, 0x30303030,
	0x46203030, 0x315f4c34, 0x42494c20, 0x2e455447,
	0x696c2e41, 0x34662062, 0x20206f2e, 0x20202020,
	0x20202020, 0x230a0d20, 0x554e5520, 0x20444553,
	0x30302020, 0x30303030, 0x4c344620, 0x4c20325f,
	0x54474249, 0x2e412e45, 0x2062696c, 0x6f2e3466,
	0x20202020, 0x20202020, 0x0d202020, 0x5520230a,
	0x4553554e, 0x20202044, 0x30303030, 0x46203030,
	0x335f4c34, 0x42494c20, 0x2e455447, 0x696c2e41,
	0x34662062, 0x20206f2e, 0x20202020, 0x20202020,
	0x230a0d20, 0x554e5520, 0x20444553, 0x30302020,
	0x34383130, 0x54734720, 0x6166444d, 0x34467473,
	0x2047464c, 0x4742494c, 0x412e4554, 0x62696c2e,
	0x2e346620, 0x2020206f, 0x20202020, 0x20202020,
	0x20230a0d, 0x53554e55, 0x20204445, 0x30303020,
	0x20303030, 0x464c3446, 0x20315f47, 0x4742494c,
	0x412e4554, 0x62696c2e, 0x2e346620, 0x2020206f,
	0x20202020, 0x20202020, 0x20230a0d, 0x53554e55,
	0x20204445, 0x30303020, 0x20303030, 0x464c3446,
	0x20325f47, 0x4742494c, 0x412e4554, 0x62696c2e,
	0x2e346620, 0x2020206f, 0x20202020, 0x20202020,
	0x20230a0d, 0x53554e55, 0x20204445, 0x30303020,
	0x20303030, 0x464c3446, 0x20335f47, 0x4742494c,
	0x412e4554, 0x62696c2e, 0x2e346620, 0x2020206f,
	0x20202020, 0x20202020, 0x20230a0d, 0x53554e55,
	0x20204445, 0x30303020, 0x20383431, 0x4d547347,
	0x73616644, 0x33474e74, 0x42494c20, 0x2e455447,
	0x696c2e41, 0x33672062, 0x20206f2e, 0x20202020,
	0x20202020, 0x230a0d20, 0x554e5520, 0x20444553,
	0x30302020, 0x30303030, 0x33474e20, 0x4c20315f,
	0x54474249, 0x2e412e45, 0x2062696c, 0x6f2e3367,
	0x20202020, 0x20202020, 0x0d202020, 0x5520230a,
	0x4553554e, 0x20202044, 0x30303030, 0x4e203030,
	0x325f3347, 0x42494c20, 0x2e455447, 0x696c2e41,
	0x33672062, 0x20206f2e, 0x20202020, 0x20202020,
	0x230a0d20, 0x554e5520, 0x20444553, 0x30302020,
	0x30303030, 0x33474e20, 0x4c20335f, 0x54474249,
	0x2e412e45, 0x2062696c, 0x6f2e3367, 0x20202020,
	0x20202020, 0x0d202020, 0x5520230a, 0x4553554e,
	0x20202044, 0x31303030, 0x47203034, 0x444d5473,
	0x74736166, 0x4c4e3347, 0x42494c20, 0x2e455447,
	0x696c2e41, 0x33672062, 0x20206f2e, 0x20202020,
	0x20202020, 0x230a0d20, 0x554e5520, 0x20444553,
	0x30302020, 0x30303030, 0x4e334720, 0x20315f4c,
	0x4742494c, 0x412e4554, 0x62696c2e, 0x2e336720,
	0x2020206f, 0x20202020, 0x20202020, 0x20230a0d,
	0x53554e55, 0x20204445, 0x30303020, 0x20303030,
	0x4c4e3347, 0x4c20325f, 0x54474249, 0x2e412e45,
	0x2062696c, 0x6f2e3367, 0x20202020, 0x20202020,
	0x0d202020, 0x5520230a, 0x4553554e, 0x20202044,
	0x30303030, 0x47203030, 0x5f4c4e33, 0x494c2033,
	0x45544742, 0x6c2e412e, 0x67206269, 0x206f2e33,
	0x20202020, 0x20202020, 0x0a0d2020, 0x30382020,
	0x38433930, 0x30203031, 0x30303030, 0x20303931,
	0x7865742e, 0x20202074, 0x4d547347, 0x73616644,
	0x4c334774, 0x494c2809, 0x45544742, 0x6c2e412e,
	0x0d296269, 0x5520230a, 0x4553554e, 0x20202044,
	0x30303030, 0x47203030, 0x315f4c33, 0x42494c20,
	0x2e455447, 0x696c2e41, 0x33672062, 0x20206f2e,
	0x20202020, 0x20202020, 0x230a0d20, 0x554e5520,
	0x20444553, 0x30302020, 0x30303030, 0x4c334720,
	0x204c315f, 0x4742494c, 0x412e4554, 0x62696c2e,
	0x2e336720, 0x2020206f, 0x20202020, 0x20202020,
	0x20230a0d, 0x53554e55, 0x20204445, 0x30303020,
	0x20303030, 0x5f4c3347, 0x494c2032, 0x45544742,
	0x6c2e412e, 0x67206269, 0x206f2e33, 0x20202020,
	0x20202020, 0x0a0d2020, 0x4e552023, 0x44455355,
	0x30202020, 0x30303030, 0x33472030, 0x20335f4c,
	0x4742494c, 0x412e4554, 0x62696c2e, 0x2e336720,
	0x2020206f, 0x20202020, 0x20202020, 0x20230a0d,
	0x53554e55, 0x20204445, 0x30303020, 0x20383931,
	0x4d547347, 0x73616644, 0x4c334774, 0x4c204746,
	0x54474249, 0x2e412e45, 0x2062696c, 0x6f2e3367,
	0x20202020, 0x20202020, 0x0d202020, 0x5520230a,
	0x4553554e, 0x20202044, 0x30303030, 0x47203030,
	0x47464c33, 0x4c20315f, 0x54474249, 0x2e412e45,
	0x2062696c, 0x6f2e3367, 0x20202020, 0x20202020,
	0x0d202020, 0x5520230a, 0x4553554e, 0x20202044,
	0x30303030, 0x47203030, 0x47464c33, 0x204c315f,
	0x4742494c, 0x412e4554, 0x62696c2e, 0x2e336720,
	0x2020206f, 0x20202020, 0x20202020, 0x20230a0d,
	0x53554e55, 0x20204445, 0x30303020, 0x20303030,
	0x464c3347, 0x20325f47, 0x4742494c, 0x412e4554,
	0x62696c2e, 0x2e336720, 0x2020206f, 0x20202020,
	0x20202020, 0x20230a0d, 0x53554e55, 0x20204445,
	0x30303020, 0x20303030, 0x464c3347, 0x20335f47,
	0x4742494c, 0x412e4554, 0x62696c2e, 0x2e336720,
	0x2020206f, 0x20202020, 0x20202020, 0x20230a0d,
	0x53554e55, 0x20204445, 0x30303020, 0x20303831,
	0x4d547347, 0x73616644, 0x34474e74, 0x42494c20,
	0x2e455447, 0x696c2e41, 0x34672062, 0x20206f2e,
	0x20202020, 0x20202020, 0x230a0d20, 0x554e5520,
	0x20444553, 0x30302020, 0x30303030, 0x34474e20,
	0x4c20315f, 0x54474249, 0x2e412e45, 0x2062696c,
	0x6f2e3467, 0x20202020, 0x20202020, 0x0d202020,
	0x5520230a, 0x4553554e, 0x20202044, 0x30303030,
	0x4e203030, 0x325f3447, 0x42494c20, 0x2e455447,
	0x696c2e41, 0x34672062, 0x20206f2e, 0x20202020,
	0x20202020, 0x230a0d20, 0x554e5520, 0x20444553,
	0x30302020, 0x30303030, 0x34474e20, 0x4c20335f,
	0x54474249, 0x2e412e45, 0x2062696c, 0x6f2e3467,
	0x20202020, 0x20202020, 0x0d202020, 0x5520230a,
	0x4553554e, 0x20202044, 0x31303030, 0x47203437,
	0x444d5473, 0x74736166, 0x4c4e3447, 0x42494c20,
	0x2e455447, 0x696c2e41, 0x34672062, 0x20206f2e,
	0x20202020, 0x20202020, 0x230a0d20, 0x554e5520,
	0x20444553, 0x30302020, 0x30303030, 0x4e344720,
	0x20315f4c, 0x4742494c, 0x412e4554, 0x62696c2e,
	0x2e346720, 0x2020206f, 0x20202020, 0x20202020,
	0x20230a0d, 0x53554e55, 0x20204445, 0x30303020,
	0x20303030, 0x4c4e3447, 0x4c20325f, 0x54474249,
	0x2e412e45, 0x2062696c, 0x6f2e3467, 0x20202020,
	0x20202020, 0x0d202020, 0x5520230a, 0x4553554e,
	0x20202044, 0x30303030, 0x47203030, 0x5f4c4e34,
	0x494c2033, 0x45544742, 0x6c2e412e, 0x67206269,
	0x206f2e34, 0x20202020, 0x20202020, 0x0a0d2020,
	0x30382020, 0x39433930, 0x30203041, 0x30303030,
	0x20304531, 0x7865742e, 0x20202074, 0x4d547347,
	0x73616644, 0x4c344774, 0x494c2809, 0x45544742,
	0x6c2e412e, 0x0d296269, 0x5520230a, 0x4553554e,
	0x20202044, 0x30303030, 0x47203030, 0x315f4c34,
	0x42494c20, 0x2e455447, 0x696c2e41, 0x34672062,
	0x20206f2e, 0x20202020, 0x20202020, 0x230a0d20,
	0x554e5520, 0x20444553, 0x30302020, 0x30303030,
	0x4c344720, 0x204c315f, 0x4742494c, 0x412e4554,
	0x62696c2e, 0x2e346720, 0x2020206f, 0x20202020,
	0x20202020, 0x20230a0d, 0x53554e55, 0x20204445,
	0x30303020, 0x20303030, 0x5f4c3447, 0x4c204c32,
	0x54474249, 0x2e412e45, 0x2062696c, 0x6f2e3467,
	0x20202020, 0x20202020, 0x0d202020, 0x5520230a,
	0x4553554e, 0x20202044, 0x30303030, 0x47203030,
	0x325f4c34, 0x42494c20, 0x2e455447, 0x696c2e41,
	0x34672062, 0x20206f2e, 0x20202020, 0x20202020,
	0x230a0d20, 0x554e5520, 0x20444553, 0x30302020,
	0x30303030, 0x4c344720, 0x4c20335f, 0x54474249,
	0x2e412e45, 0x2062696c, 0x6f2e3467, 0x20202020,
	0x20202020, 0x0d202020, 0x5520230a, 0x4553554e,
	0x20202044, 0x31303030, 0x47204345, 0x444d5473,
	0x74736166, 0x464c3447, 0x494c2047, 0x45544742,
	0x6c2e412e, 0x67206269, 0x206f2e34, 0x20202020,
	0x20202020, 0x0a0d2020, 0x4e552023, 0x44455355,
	0x30202020, 0x30303030, 0x34472030, 0x5f47464c,
	0x494c2031, 0x45544742, 0x6c2e412e, 0x67206269,
	0x206f2e34, 0x20202020, 0x20202020, 0x0a0d2020,
	0x4e552023, 0x44455355, 0x30202020, 0x30303030,
	0x34472030, 0x5f47464c, 0x4c204c31, 0x54474249,
	0x2e412e45, 0x2062696c, 0x6f2e3467, 0x20202020,
	0x20202020, 0x0d202020, 0x5520230a, 0x4553554e,
	0x20202044, 0x30303030, 0x47203030, 0x47464c34,
	0x4c20325f, 0x54474249, 0x2e412e45, 0x2062696c,
	0x6f2e3467, 0x20202020, 0x20202020, 0x0d202020,
	0x5520230a, 0x4553554e, 0x20202044, 0x30303030,
	0x47203030, 0x47464c34, 0x4c20335f, 0x54474249,
	0x2e412e45, 0x2062696c, 0x6f2e3467, 0x20202020,
	0x20202020, 0x0d202020, 0x3820200a, 0x43393030,
	0x20303842, 0x30303030, 0x43363130, 0x65742e20,
	0x20207478, 0x54734720, 0x6166444d, 0x4e547473,
	0x28093346, 0x4742494c, 0x412e4554, 0x62696c2e,
	0x230a0d29, 0x554e5520, 0x20444553, 0x30302020,
	0x30303030, 0x464e5420, 0x20315f33, 0x4742494c,
	0x412e4554, 0x62696c2e, 0x33746620, 0x20206f2e,
	0x20202020, 0x20202020, 0x20230a0d, 0x53554e55,
	0x20204445, 0x30303020, 0x20303030, 0x33464e54,
	0x4c20325f, 0x54474249, 0x2e412e45, 0x2062696c,
	0x2e337466, 0x2020206f, 0x20202020, 0x0d202020,
	0x5520230a, 0x4553554e, 0x20202044, 0x30303030,
	0x54203030, 0x5f33464e, 0x494c2033, 0x45544742,
	0x6c2e412e, 0x66206269, 0x6f2e3374, 0x20202020,
	0x20202020, 0x0a0d2020, 0x30382020, 0x43433930,
	0x30204345, 0x30303030, 0x20343631, 0x7865742e,
	0x20202074, 0x4d547347, 0x73616644, 0x33465474,
	0x28094c4e, 0x4742494c, 0x412e4554, 0x62696c2e,
	0x230a0d29, 0x554e5520, 0x20444553, 0x30302020,
	0x30303030, 0x33465420, 0x315f4c4e, 0x42494c20,
	0x2e455447, 0x696c2e41, 0x74662062, 0x206f2e33,
	0x20202020, 0x20202020, 0x230a0d20, 0x554e5520,
	0x20444553, 0x30302020, 0x30303030, 0x33465420,
	0x325f4c4e, 0x42494c20, 0x2e455447, 0x696c2e41,
	0x74662062, 0x206f2e33, 0x20202020, 0x20202020,
	0x230a0d20, 0x554e5520, 0x20444553, 0x30302020,
	0x30303030, 0x33465420, 0x335f4c4e, 0x42494c20,
	0x2e455447, 0x696c2e41, 0x74662062, 0x206f2e33,
	0x20202020, 0x20202020, 0x200a0d20, 0x30303820,
	0x35454339, 0x30302030, 0x31303030, 0x2e203037,
	0x74786574, 0x47202020, 0x444d5473, 0x74736166,
	0x4c334654, 0x494c2809, 0x45544742, 0x6c2e412e,
	0x0d296269, 0x5520230a, 0x4553554e, 0x20202044,
	0x30303030, 0x54203030, 0x5f4c3346, 0x494c2031,
	0x45544742, 0x6c2e412e, 0x66206269, 0x6f2e3374,
	0x20202020, 0x20202020, 0x0a0d2020, 0x4e552023,
	0x44455355, 0x30202020, 0x30303030, 0x46542030,
	0x325f4c33, 0x42494c20, 0x2e455447, 0x696c2e41,
	0x74662062, 0x206f2e33, 0x20202020, 0x20202020,
	0x230a0d20, 0x554e5520, 0x20444553, 0x30302020,
	0x30303030, 0x33465420, 0x20335f4c, 0x4742494c,
	0x412e4554, 0x62696c2e, 0x33746620, 0x20206f2e,
	0x20202020, 0x20202020, 0x20230a0d, 0x53554e55,
	0x20204445, 0x30303020, 0x20303731, 0x4d547347,
	0x73616644, 0x33465474, 0x2047464c, 0x4742494c,
	0x412e4554, 0x62696c2e, 0x33746620, 0x20206f2e,
	0x20202020, 0x20202020, 0x20230a0d, 0x53554e55,
	0x20204445, 0x30303020, 0x20303030, 0x4c334654,
	0x315f4746, 0x42494c20, 0x2e455447, 0x696c2e41,
	0x74662062, 0x206f2e33, 0x20202020, 0x20202020,
	0x230a0d20, 0x554e5520, 0x20444553, 0x30302020,
	0x30303030, 0x33465420, 0x5f47464c, 0x494c2032,
	0x45544742, 0x6c2e412e, 0x66206269, 0x6f2e3374,
	0x20202020, 0x20202020, 0x0a0d2020, 0x4e552023,
	0x44455355, 0x30202020, 0x30303030, 0x46542030,
	0x47464c33, 0x4c20335f, 0x54474249, 0x2e412e45,
	0x2062696c, 0x2e337466, 0x2020206f, 0x20202020,
	0x0d202020, 0x3820200a, 0x43393030, 0x20304346,
	0x30303030, 0x30413130, 0x65742e20, 0x20207478,
	0x54734720, 0x6166444d, 0x4e547473, 0x28093446,
	0x4742494c, 0x412e4554, 0x62696c2e, 0x230a0d29,
	0x554e5520, 0x20444553, 0x30302020, 0x30303030,
	0x464e5420, 0x20315f34, 0x4742494c, 0x412e4554,
	0x62696c2e, 0x34746620, 0x20206f2e, 0x20202020,
	0x20202020, 0x20230a0d, 0x53554e55, 0x20204445,
	0x30303020, 0x20303030, 0x34464e54, 0x4c20325f,
	0x54474249, 0x2e412e45, 0x2062696c, 0x2e347466,
	0x2020206f, 0x20202020, 0x0d202020, 0x5520230a,
	0x4553554e, 0x20202044, 0x30303030, 0x54203030,
	0x5f34464e, 0x494c2033, 0x45544742, 0x6c2e412e,
	0x66206269, 0x6f2e3474, 0x20202020, 0x20202020,
	0x0a0d2020, 0x30382020, 0x31443930, 0x30203036,
	0x30303030, 0x20433931, 0x7865742e, 0x20202074,
	0x4d547347, 0x73616644, 0x34465474, 0x28094c4e,
	0x4742494c, 0x412e4554, 0x62696c2e, 0x230a0d29,
	0x554e5520, 0x20444553, 0x30302020, 0x30303030,
	0x34465420, 0x315f4c4e, 0x42494c20, 0x2e455447,
	0x696c2e41, 0x74662062, 0x206f2e34, 0x20202020,
	0x20202020, 0x230a0d20, 0x554e5520, 0x20444553,
	0x30302020, 0x30303030, 0x34465420, 0x325f4c4e,
	0x42494c20, 0x2e455447, 0x696c2e41, 0x74662062,
	0x206f2e34, 0x20202020, 0x20202020, 0x230a0d20,
	0x554e5520, 0x20444553, 0x30302020, 0x30303030,
	0x34465420, 0x335f4c4e, 0x42494c20, 0x2e455447,
	0x696c2e41, 0x74662062, 0x206f2e34, 0x20202020,
	0x20202020, 0x200a0d20, 0x30303820, 0x46324439,
	0x30302043, 0x31303030, 0x2e204341, 0x74786574,
	0x47202020, 0x444d5473, 0x74736166, 0x4c344654,
	0x494c2809, 0x45544742, 0x6c2e412e, 0x0d296269,
	0x5520230a, 0x4553554e, 0x20202044, 0x30303030,
	0x54203030, 0x5f4c3446, 0x494c2031, 0x45544742,
	0x6c2e412e, 0x66206269, 0x6f2e3474, 0x20202020,
	0x20202020, 0x0a0d2020, 0x4e552023, 0x44455355,
	0x30202020, 0x30303030, 0x46542030, 0x325f4c34,
	0x42494c20, 0x2e455447, 0x696c2e41, 0x74662062,
	0x206f2e34, 0x20202020, 0x20202020, 0x230a0d20,
	0x554e5520, 0x20444553, 0x30302020, 0x30303030,
	0x34465420, 0x20335f4c, 0x4742494c, 0x412e4554,
	0x62696c2e, 0x34746620, 0x20206f2e, 0x20202020,
	0x20202020, 0x20230a0d, 0x53554e55, 0x20204445,
	0x30303020, 0x20384231, 0x4d547347, 0x73616644,
	0x34465474, 0x2047464c, 0x4742494c, 0x412e4554,
	0x62696c2e, 0x34746620, 0x20206f2e, 0x20202020,
	0x20202020, 0x20230a0d, 0x53554e55, 0x20204445,
	0x30303020, 0x20303030, 0x4c344654, 0x315f4746,
	0x42494c20, 0x2e455447, 0x696c2e41, 0x74662062,
	0x206f2e34, 0x20202020, 0x20202020, 0x230a0d20,
	0x554e5520, 0x20444553, 0x30302020, 0x30303030,
	0x34465420, 0x5f47464c, 0x494c2032, 0x45544742,
	0x6c2e412e, 0x66206269, 0x6f2e3474, 0x20202020,
	0x20202020, 0x0a0d2020, 0x4e552023, 0x44455355,
	0x30202020, 0x30303030, 0x46542030, 0x47464c34,
	0x4c20335f, 0x54474249, 0x2e412e45, 0x2062696c,
	0x2e347466, 0x2020206f, 0x20202020, 0x0d202020,
	0x3820200a, 0x44393030, 0x20384134, 0x30303030,
	0x38373130, 0x65742e20, 0x20207478, 0x54734720,
	0x6166444d, 0x4e547473, 0x28093347, 0x4742494c,
	0x412e4554, 0x62696c2e, 0x230a0d29, 0x554e5520,
	0x20444553, 0x30302020, 0x30303030, 0x474e5420,
	0x20315f33, 0x4742494c, 0x412e4554, 0x62696c2e,
	0x33746720, 0x20206f2e, 0x20202020, 0x20202020,
	0x20230a0d, 0x53554e55, 0x20204445, 0x30303020,
	0x20303030, 0x33474e54, 0x4c20325f, 0x54474249,
	0x2e412e45, 0x2062696c, 0x2e337467, 0x2020206f,
	0x20202020, 0x0d202020, 0x5520230a, 0x4553554e,
	0x20202044, 0x30303030, 0x54203030, 0x5f33474e,
	0x494c2033, 0x45544742, 0x6c2e412e, 0x67206269,
	0x6f2e3374, 0x20202020, 0x20202020, 0x0a0d2020,
	0x30382020, 0x36443930, 0x30203032, 0x30303030,
	0x20433531, 0x7865742e, 0x20202074, 0x4d547347,
	0x73616644, 0x33475474, 0x28094c4e, 0x4742494c,
	0x412e4554, 0x62696c2e, 0x230a0d29, 0x554e5520,
	0x20444553, 0x30302020, 0x30303030, 0x33475420,
	0x315f4c4e, 0x42494c20, 0x2e455447, 0x696c2e41,
	0x74672062, 0x206f2e33, 0x20202020, 0x20202020,
	0x230a0d20, 0x554e5520, 0x20444553, 0x30302020,
	0x30303030, 0x33475420, 0x325f4c4e, 0x42494c20,
	0x2e455447, 0x696c2e41, 0x74672062, 0x206f2e33,
	0x20202020, 0x20202020, 0x230a0d20, 0x554e5520,
	0x20444553, 0x30302020, 0x30303030, 0x33475420,
	0x335f4c4e, 0x42494c20, 0x2e455447, 0x696c2e41,
	0x74672062, 0x206f2e33, 0x20202020, 0x20202020,
	0x200a0d20, 0x30303820, 0x37374439, 0x30302043,
	0x31303030, 0x2e203442, 0x74786574, 0x47202020,
	0x444d5473, 0x74736166, 0x4c334754, 0x494c2809,
	0x45544742, 0x6c2e412e, 0x0d296269, 0x5520230a,
	0x4553554e, 0x20202044, 0x30303030, 0x54203030,
	0x5f4c3347, 0x494c2031, 0x45544742, 0x6c2e412e,
	0x67206269, 0x6f2e3374, 0x20202020, 0x20202020,
	0x0a0d2020, 0x4e552023, 0x44455355, 0x30202020,
	0x30303030, 0x47542030, 0x315f4c33, 0x494c204c,
	0x45544742, 0x6c2e412e, 0x67206269, 0x6f2e3374,
	0x20202020, 0x20202020, 0x0a0d2020, 0x4e552023,
	0x44455355, 0x30202020, 0x30303030, 0x47542030,
	0x325f4c33, 0x42494c20, 0x2e455447, 0x696c2e41,
	0x74672062, 0x206f2e33, 0x20202020, 0x20202020,
	0x230a0d20, 0x554e5520, 0x20444553, 0x30302020,
	0x30303030, 0x33475420, 0x20335f4c, 0x4742494c,
	0x412e4554, 0x62696c2e, 0x33746720, 0x20206f2e,
	0x20202020, 0x20202020, 0x20230a0d, 0x53554e55,
	0x20204445, 0x30303020, 0x20384231, 0x4d547347,
	0x73616644, 0x33475474, 0x2047464c, 0x4742494c,
	0x412e4554, 0x62696c2e, 0x33746720, 0x20206f2e,
	0x20202020, 0x20202020, 0x20230a0d, 0x53554e55,
	0x20204445, 0x30303020, 0x20303030, 0x4c334754,
	0x315f4746, 0x42494c20, 0x2e455447, 0x696c2e41,
	0x74672062, 0x206f2e33, 0x20202020, 0x20202020,
	0x230a0d20, 0x554e5520, 0x20444553, 0x30302020,
	0x30303030, 0x33475420, 0x5f47464c, 0x4c204c31,
	0x54474249, 0x2e412e45, 0x2062696c, 0x2e337467,
	0x2020206f, 0x20202020, 0x0d202020, 0x5520230a,
	0x4553554e, 0x20202044, 0x30303030, 0x54203030,
	0x464c3347, 0x20325f47, 0x4742494c, 0x412e4554,
	0x62696c2e, 0x33746720, 0x20206f2e, 0x20202020,
	0x20202020, 0x20230a0d, 0x53554e55, 0x20204445,
	0x30303020, 0x20303030, 0x4c334754, 0x335f4746,
	0x42494c20, 0x2e455447, 0x696c2e41, 0x74672062,
	0x206f2e33, 0x20202020, 0x20202020, 0x200a0d20,
	0x30303820, 0x33394439, 0x30302030, 0x31303030,
	0x2e204342, 0x74786574, 0x47202020, 0x444d5473,
	0x74736166, 0x34474e54, 0x494c2809, 0x45544742,
	0x6c2e412e, 0x0d296269, 0x5520230a, 0x4553554e,
	0x20202044, 0x30303030, 0x54203030, 0x5f34474e,
	0x494c2031, 0x45544742, 0x6c2e412e, 0x67206269,
	0x6f2e3474, 0x20202020, 0x20202020, 0x0a0d2020,
	0x4e552023, 0x44455355, 0x30202020, 0x30303030,
	0x4e542030, 0x325f3447, 0x42494c20, 0x2e455447,
	0x696c2e41, 0x74672062, 0x206f2e34, 0x20202020,
	0x20202020, 0x230a0d20, 0x554e5520, 0x20444553,
	0x30302020, 0x30303030, 0x474e5420, 0x20335f34,
	0x4742494c, 0x412e4554, 0x62696c2e, 0x34746720,
	0x20206f2e, 0x20202020, 0x20202020, 0x20200a0d,
	0x39303038, 0x43454144, 0x30303020, 0x39313030,
	0x742e2038, 0x20747865, 0x73472020, 0x66444d54,
	0x54747361, 0x4c4e3447, 0x494c2809, 0x45544742,
	0x6c2e412e, 0x0d296269, 0x5520230a, 0x4553554e,
	0x20202044, 0x30303030, 0x54203030, 0x4c4e3447,
	0x4c20315f, 0x54474249, 0x2e412e45, 0x2062696c,
	0x2e347467, 0x2020206f, 0x20202020, 0x0d202020,
	0x5520230a, 0x4553554e, 0x20202044, 0x30303030,
	0x54203030, 0x4c4e3447, 0x4c20325f, 0x54474249,
	0x2e412e45, 0x2062696c, 0x2e347467, 0x2020206f,
	0x20202020, 0x0d202020, 0x5520230a, 0x4553554e,
	0x20202044, 0x30303030, 0x54203030, 0x4c4e3447,
	0x4c20335f, 0x54474249, 0x2e412e45, 0x2062696c,
	0x2e347467, 0x2020206f, 0x20202020, 0x0d202020,
	0x3820200a, 0x44393030, 0x20343843, 0x30303030,
	0x43303230, 0x65742e20, 0x20207478, 0x54734720,
	0x6166444d, 0x47547473, 0x28094c34, 0x4742494c,
	0x412e4554, 0x62696c2e, 0x230a0d29, 0x554e5520,
	0x20444553, 0x30302020, 0x30303030, 0x34475420,
	0x20315f4c, 0x4742494c, 0x412e4554, 0x62696c2e,
	0x34746720, 0x20206f2e, 0x20202020, 0x20202020,
	0x20230a0d, 0x53554e55, 0x20204445, 0x30303020,
	0x20303030, 0x4c344754, 0x204c315f, 0x4742494c,
	0x412e4554, 0x62696c2e, 0x34746720, 0x20206f2e,
	0x20202020, 0x20202020, 0x20230a0d, 0x53554e55,
	0x20204445, 0x30303020, 0x20303030, 0x4c344754,
	0x204c325f, 0x4742494c, 0x412e4554, 0x62696c2e,
	0x34746720, 0x20206f2e, 0x20202020, 0x20202020,
	0x20230a0d, 0x53554e55, 0x20204445, 0x30303020,
	0x20303030, 0x4c344754, 0x4c20325f, 0x54474249,
	0x2e412e45, 0x2062696c, 0x2e347467, 0x2020206f,
	0x20202020, 0x0d202020, 0x5520230a, 0x4553554e,
	0x20202044, 0x30303030, 0x54203030, 0x5f4c3447,
	0x494c2033, 0x45544742, 0x6c2e412e, 0x67206269,
	0x6f2e3474, 0x20202020, 0x20202020, 0x0a0d2020,
	0x4e552023, 0x44455355, 0x30202020, 0x31323030,
	0x73472030, 0x66444d54, 0x54747361, 0x464c3447,
	0x494c2047, 0x45544742, 0x6c2e412e, 0x67206269,
	0x6f2e3474, 0x20202020, 0x20202020, 0x0a0d2020,
	0x4e552023, 0x44455355, 0x30202020, 0x30303030,
	0x47542030, 0x47464c34, 0x4c20315f, 0x54474249,
	0x2e412e45, 0x2062696c, 0x2e347467, 0x2020206f,
	0x20202020, 0x0d202020, 0x5520230a, 0x4553554e,
	0x20202044, 0x30303030, 0x54203030, 0x464c3447,
	0x4c315f47, 0x42494c20, 0x2e455447, 0x696c2e41,
	0x74672062, 0x206f2e34, 0x20202020, 0x20202020,
	0x230a0d20, 0x554e5520, 0x20444553, 0x30302020,
	0x30303030, 0x34475420, 0x5f47464c, 0x494c2032,
	0x45544742, 0x6c2e412e, 0x67206269, 0x6f2e3474,
	0x20202020, 0x20202020, 0x0a0d2020, 0x4e552023,
	0x44455355, 0x30202020, 0x30303030, 0x47542030,
	0x47464c34, 0x4c20335f, 0x54474249, 0x2e412e45,
	0x2062696c, 0x2e347467, 0x2020206f, 0x20202020,
	0x0d202020, 0x3820200a, 0x44393030, 0x20303945,
	0x30303030, 0x30423230, 0x65742e20, 0x20207478,
	0x54734720, 0x6964444d, 0x33465476, 0x28094c4e,
	0x4742494c, 0x412e4554, 0x62696c2e, 0x230a0d29,
	0x554e5520, 0x20444553, 0x30302020, 0x30303030,
	0x63636720, 0x6f635f32, 0x6c69706d, 0x202e6465,
	0x4742494c, 0x412e4554, 0x62696c2e, 0x66766420,
	0x305f3374, 0x206f2e32, 0x20202020, 0x20230a0d,
	0x53554e55, 0x20204445, 0x30303020, 0x20303030,
	0x6e675f5f, 0x6f635f75, 0x6c69706d, 0x635f6465,
	0x42494c20, 0x2e455447, 0x696c2e41, 0x76642062,
	0x5f337466, 0x6f2e3230, 0x20202020, 0x200a0d20,
	0x30303820, 0x34314539, 0x30302030, 0x32303030,
	0x2e203042, 0x74786574, 0x47202020, 0x444d5473,
	0x54766964, 0x0933464e, 0x42494c28, 0x2e455447,
	0x696c2e41, 0x0a0d2962, 0x4e552023, 0x44455355,
	0x30202020, 0x30303030, 0x63672030, 0x635f3263,
	0x69706d6f, 0x2e64656c, 0x42494c20, 0x2e455447,
	0x696c2e41, 0x76642062, 0x5f337466, 0x6f2e3330,
	0x20202020, 0x230a0d20, 0x554e5520, 0x20444553,
	0x30302020, 0x30303030, 0x675f5f20, 0x635f756e,
	0x69706d6f, 0x5f64656c, 0x494c2063, 0x45544742,
	0x6c2e412e, 0x64206269, 0x33746676, 0x2e33305f,
	0x2020206f, 0x0a0d2020, 0x30382020, 0x33453930,
	0x30203046, 0x30303030, 0x20303332, 0x7865742e,
	0x20202074, 0x4d547347, 0x76696444, 0x4e334754,
	0x4c28094c, 0x54474249, 0x2e412e45, 0x2962696c,
	0x20230a0d, 0x53554e55, 0x20204445, 0x30303020,
	0x20303030, 0x32636367, 0x6d6f635f, 0x656c6970,
	0x4c202e64, 0x54474249, 0x2e412e45, 0x2062696c,
	0x74677664, 0x32305f33, 0x20206f2e, 0x0d202020,
	0x5520230a, 0x4553554e, 0x20202044, 0x30303030,
	0x5f203030, 0x756e675f, 0x6d6f635f, 0x656c6970,
	0x20635f64, 0x4742494c, 0x412e4554, 0x62696c2e,
	0x67766420, 0x305f3374, 0x206f2e32, 0x20202020,
	0x20200a0d, 0x39303038, 0x30323645, 0x30303020,
	0x34323030, 0x742e2030, 0x20747865, 0x73472020,
	0x64444d54, 0x4e547669, 0x28093347, 0x4742494c,
	0x412e4554, 0x62696c2e, 0x230a0d29, 0x554e5520,
	0x20444553, 0x30302020, 0x30303030, 0x63636720,
	0x6f635f32, 0x6c69706d, 0x202e6465, 0x4742494c,
	0x412e4554, 0x62696c2e, 0x67766420, 0x305f3374,
	0x206f2e33, 0x20202020, 0x20230a0d, 0x53554e55,
	0x20204445, 0x30303020, 0x20303030, 0x6e675f5f,
	0x6f635f75, 0x6c69706d, 0x635f6465, 0x42494c20,
	0x2e455447, 0x696c2e41, 0x76642062, 0x5f337467,
	0x6f2e3330, 0x20202020, 0x200a0d20, 0x30303820,
	0x36384539, 0x30302030, 0x32303030, 0x2e203041,
	0x74786574, 0x47202020, 0x444d5473, 0x54766964,
	0x094c3446, 0x42494c28, 0x2e455447, 0x696c2e41,
	0x0a0d2962, 0x4e552023, 0x44455355, 0x30202020,
	0x30303030, 0x63672030, 0x635f3263, 0x69706d6f,
	0x2e64656c, 0x42494c20, 0x2e455447, 0x696c2e41,
	0x76642062, 0x5f347466, 0x6f2e3030, 0x20202020,
	0x230a0d20, 0x554e5520, 0x20444553, 0x30302020,
	0x30303030, 0x675f5f20, 0x635f756e, 0x69706d6f,
	0x5f64656c, 0x494c2063, 0x45544742, 0x6c2e412e,
	0x64206269, 0x34746676, 0x2e30305f, 0x2020206f,
	0x0a0d2020, 0x30382020, 0x42453930, 0x30203030,
	0x30303030, 0x20303832, 0x7865742e, 0x20202074,
	0x4d547347, 0x76696444, 0x4e344654, 0x4c28094c,
	0x54474249, 0x2e412e45, 0x2962696c, 0x20230a0d,
	0x53554e55, 0x20204445, 0x30303020, 0x20303030,
	0x32636367, 0x6d6f635f, 0x656c6970, 0x4c202e64,
	0x54474249, 0x2e412e45, 0x2062696c, 0x74667664,
	0x32305f34, 0x20206f2e, 0x0d202020, 0x5520230a,
	0x4553554e, 0x20202044, 0x30303030, 0x5f203030,
	0x756e675f, 0x6d6f635f, 0x656c6970, 0x20635f64,
	0x4742494c, 0x412e4554, 0x62696c2e, 0x66766420,
	0x305f3474, 0x206f2e32, 0x20202020, 0x20200a0d,
	0x39303038, 0x30384445, 0x30303020, 0x38323030,
	0x742e2030, 0x20747865, 0x73472020, 0x64444d54,
	0x4e547669, 0x28093446, 0x4742494c, 0x412e4554,
	0x62696c2e, 0x230a0d29, 0x554e5520, 0x20444553,
	0x30302020, 0x30303030, 0x63636720, 0x6f635f32,
	0x6c69706d, 0x202e6465, 0x4742494c, 0x412e4554,
	0x62696c2e, 0x66766420, 0x305f3474, 0x206f2e33,
	0x20202020, 0x20230a0d, 0x53554e55, 0x20204445,
	0x30303020, 0x20303030, 0x6e675f5f, 0x6f635f75,
	0x6c69706d, 0x635f6465, 0x42494c20, 0x2e455447,
	0x696c2e41, 0x76642062, 0x5f347466, 0x6f2e3330,
	0x20202020, 0x200a0d20, 0x30303820, 0x30304639,
	0x30302030, 0x32303030, 0x2e203039, 0x74786574,
	0x47202020, 0x444d5473, 0x54766964, 0x4c4e3447,
	0x494c2809, 0x45544742, 0x6c2e412e, 0x0d296269,
	0x5520230a, 0x4553554e, 0x20202044, 0x30303030,
	0x67203030, 0x5f326363, 0x706d6f63, 0x64656c69,
	0x494c202e, 0x45544742, 0x6c2e412e, 0x64206269,
	0x34746776, 0x2e32305f, 0x2020206f, 0x0a0d2020,
	0x4e552023, 0x44455355, 0x30202020, 0x30303030,
	0x5f5f2030, 0x5f756e67, 0x706d6f63, 0x64656c69,
	0x4c20635f, 0x54474249, 0x2e412e45, 0x2062696c,
	0x74677664, 0x32305f34, 0x20206f2e, 0x0d202020,
	0x3820200a, 0x46393030, 0x20303932, 0x30303030,
	0x30423230, 0x65742e20, 0x20207478, 0x54734720,
	0x6964444d, 0x474e5476, 0x4c280934, 0x54474249,
	0x2e412e45, 0x2962696c, 0x20230a0d, 0x53554e55,
	0x20204445, 0x30303020, 0x20303030, 0x32636367,
	0x6d6f635f, 0x656c6970, 0x4c202e64, 0x54474249,
	0x2e412e45, 0x2062696c, 0x74677664, 0x33305f34,
	0x20206f2e, 0x0d202020, 0x5520230a, 0x4553554e,
	0x20202044, 0x30303030, 0x5f203030, 0x756e675f,
	0x6d6f635f, 0x656c6970, 0x20635f64, 0x4742494c,
	0x412e4554, 0x62696c2e, 0x67766420, 0x305f3474,
	0x206f2e33, 0x20202020, 0x20230a0d, 0x53554e55,
	0x20204445, 0x30303020, 0x20383030, 0x6f704352,
	0x5446796c, 0x494c2033, 0x45544742, 0x6c2e412e,
	0x64206269, 0x74667669, 0x6f2e6133, 0x20202020,
	0x0a0d2020, 0x30382020, 0x35463930, 0x30203034,
	0x30303030, 0x20384633, 0x7865742e, 0x20202074,
	0x6f704352, 0x5446796c, 0x28094133, 0x4742494c,
	0x412e4554, 0x62696c2e, 0x230a0d29, 0x554e5520,
	0x20444553, 0x30302020, 0x30303030, 0x46415320,
	0x5f5a5f45, 0x204e494d, 0x4742494c, 0x412e4554,
	0x62696c2e, 0x76696420, 0x61337466, 0x20206f2e,
	0x20202020, 0x20230a0d, 0x53554e55, 0x20204445,
	0x30303020, 0x20303030, 0x45464153, 0x4d5f585f,
	0x4c205841, 0x54474249, 0x2e412e45, 0x2062696c,
	0x66766964, 0x2e613374, 0x2020206f, 0x0d202020,
	0x5520230a, 0x4553554e, 0x20202044, 0x30303030,
	0x53203030, 0x5f454641, 0x494d5f58, 0x494c204e,
	0x45544742, 0x6c2e412e, 0x64206269, 0x74667669,
	0x6f2e6133, 0x20202020, 0x0a0d2020, 0x4e552023,
	0x44455355, 0x30202020, 0x30303030, 0x41532030,
	0x595f4546, 0x58414d5f, 0x42494c20, 0x2e455447,
	0x696c2e41, 0x69642062, 0x33746676, 0x206f2e61,
	0x20202020, 0x230a0d20, 0x554e5520, 0x20444553,
	0x30302020, 0x30303030, 0x46415320, 0x5f595f45,
	0x204e494d, 0x4742494c, 0x412e4554, 0x62696c2e,
	0x76696420, 0x61337466, 0x20206f2e, 0x20202020,
	0x20230a0d, 0x53554e55, 0x20204445, 0x30303020,
	0x20303030, 0x435f4352, 0x464c4c41, 0x4c203354,
	0x54474249, 0x2e412e45, 0x2062696c, 0x66766964,
	0x2e613374, 0x2020206f, 0x0d202020, 0x5520230a,
	0x4553554e, 0x20202044, 0x30303030, 0x52203030,
	0x525f4e54, 0x54465043, 0x494c2033, 0x45544742,
	0x6c2e412e, 0x64206269, 0x74667669, 0x6f2e6133,
	0x20202020, 0x0a0d2020, 0x4e552023, 0x44455355,
	0x30202020, 0x30303030, 0x64412030, 0x72505f64,
	0x465f6d69, 0x4c203354, 0x54474249, 0x2e412e45,
	0x2062696c, 0x66766964, 0x2e613374, 0x2020206f,
	0x0d202020, 0x5520230a, 0x4553554e, 0x20202044,
	0x30303030, 0x52203830, 0x6c6f7043, 0x33544779,
	0x42494c20, 0x2e455447, 0x696c2e41, 0x69642062,
	0x33746776, 0x206f2e61, 0x20202020, 0x200a0d20,
	0x30303820, 0x33394639, 0x30302038, 0x34303030,
	0x2e203839, 0x74786574, 0x52202020, 0x6c6f7043,
	0x33544779, 0x4c280941, 0x54474249, 0x2e412e45,
	0x2962696c, 0x20230a0d, 0x53554e55, 0x20204445,
	0x30303020, 0x20303030, 0x45464153, 0x4d5f5a5f,
	0x4c204e49, 0x54474249, 0x2e412e45, 0x2062696c,
	0x67766964, 0x2e613374, 0x2020206f, 0x0d202020,
	0x5520230a, 0x4553554e, 0x20202044, 0x30303030,
	0x53203030, 0x5f454641, 0x414d5f58, 0x494c2058,
	0x45544742, 0x6c2e412e, 0x64206269, 0x74677669,
	0x6f2e6133, 0x20202020, 0x0a0d2020, 0x4e552023,
	0x44455355, 0x30202020, 0x30303030, 0x41532030,
	0x585f4546, 0x4e494d5f, 0x42494c20, 0x2e455447,
	0x696c2e41, 0x69642062, 0x33746776, 0x206f2e61,
	0x20202020, 0x230a0d20, 0x554e5520, 0x20444553,
	0x30302020, 0x30303030, 0x46415320, 0x5f595f45,
	0x2058414d, 0x4742494c, 0x412e4554, 0x62696c2e,
	0x76696420, 0x61337467, 0x20206f2e, 0x20202020,
	0x20230a0d, 0x53554e55, 0x20204445, 0x30303020,
	0x20303030, 0x45464153, 0x4d5f595f, 0x4c204e49,
	0x54474249, 0x2e412e45, 0x2062696c, 0x67766964,
	0x2e613374, 0x2020206f, 0x0d202020, 0x5520230a,
	0x4553554e, 0x20202044, 0x30303030, 0x52203030,
	0x41435f43, 0x54474c4c, 0x494c2033, 0x45544742,
	0x6c2e412e, 0x64206269, 0x74677669, 0x6f2e6133,
	0x20202020, 0x0a0d2020, 0x4e552023, 0x44455355,
	0x30202020, 0x30303030, 0x54522030, 0x43525f4e,
	0x33544750, 0x42494c20, 0x2e455447, 0x696c2e41,
	0x69642062, 0x33746776, 0x206f2e61, 0x20202020,
	0x230a0d20, 0x554e5520, 0x20444553, 0x30302020,
	0x30303030, 0x64644120, 0x6972505f, 0x54475f6d,
	0x494c2033, 0x45544742, 0x6c2e412e, 0x64206269,
	0x74677669, 0x6f2e6133, 0x20202020, 0x0a0d2020,
	0x4e552023, 0x44455355, 0x30202020, 0x30303030,
	0x43522038, 0x796c6f70, 0x20345446, 0x4742494c,
	0x412e4554, 0x62696c2e, 0x76696420, 0x61347466,
	0x20206f2e, 0x20202020, 0x20200a0d, 0x39303038,
	0x30444446, 0x30303020, 0x31353030, 0x742e2038,
	0x20747865, 0x43522020, 0x796c6f70, 0x41345446,
	0x494c2809, 0x45544742, 0x6c2e412e, 0x0d296269,
	0x5520230a, 0x4553554e, 0x20202044, 0x30303030,
	0x53203030, 0x5f454641, 0x494d5f5a, 0x494c204e,
	0x45544742, 0x6c2e412e, 0x64206269, 0x74667669,
	0x6f2e6134, 0x20202020, 0x0a0d2020, 0x4e552023,
	0x44455355, 0x30202020, 0x30303030, 0x41532030,
	0x585f4546, 0x58414d5f, 0x42494c20, 0x2e455447,
	0x696c2e41, 0x69642062, 0x34746676, 0x206f2e61,
	0x20202020, 0x230a0d20, 0x554e5520, 0x20444553,
	0x30302020, 0x30303030, 0x46415320, 0x5f585f45,
	0x204e494d, 0x4742494c, 0x412e4554, 0x62696c2e,
	0x76696420, 0x61347466, 0x20206f2e, 0x20202020,
	0x20230a0d, 0x53554e55, 0x20204445, 0x30303020,
	0x20303030, 0x45464153, 0x4d5f595f, 0x4c205841,
	0x54474249, 0x2e412e45, 0x2062696c, 0x66766964,
	0x2e613474, 0x2020206f, 0x0d202020, 0x5520230a,
	0x4553554e, 0x20202044, 0x30303030, 0x53203030,
	0x5f454641, 0x494d5f59, 0x494c204e, 0x45544742,
	0x6c2e412e, 0x64206269, 0x74667669, 0x6f2e6134,
	0x20202020, 0x0a0d2020, 0x4e552023, 0x44455355,
	0x30202020, 0x30303030, 0x43522030, 0x4c41435f,
	0x3454464c, 0x42494c20, 0x2e455447, 0x696c2e41,
	0x69642062, 0x34746676, 0x206f2e61, 0x20202020,
	0x230a0d20, 0x554e5520, 0x20444553, 0x30302020,
	0x30303030, 0x4e545220, 0x5043525f, 0x20345446,
	0x4742494c, 0x412e4554, 0x62696c2e, 0x76696420,
	0x61347466, 0x20206f2e, 0x20202020, 0x20230a0d,
	0x53554e55, 0x20204445, 0x30303020, 0x20303030,
	0x5f646441, 0x6d697250, 0x3454465f, 0x42494c20,
	0x2e455447, 0x696c2e41, 0x69642062, 0x34746676,
	0x206f2e61, 0x20202020, 0x230a0d20, 0x554e5520,
	0x20444553, 0x30302020, 0x38303030, 0x70435220,
	0x47796c6f, 0x4c203454, 0x54474249, 0x2e412e45,
	0x2062696c, 0x67766964, 0x2e613474, 0x2020206f,
	0x0d202020, 0x3820200a, 0x30413030, 0x20384532,
	0x30303030, 0x38313630, 0x65742e20, 0x20207478,
	0x70435220, 0x47796c6f, 0x09413454, 0x42494c28,
	0x2e455447, 0x696c2e41, 0x0a0d2962, 0x4e552023,
	0x44455355, 0x30202020, 0x30303030, 0x41532030,
	0x5a5f4546, 0x4e494d5f, 0x42494c20, 0x2e455447,
	0x696c2e41, 0x69642062, 0x34746776, 0x206f2e61,
	0x20202020, 0x230a0d20, 0x554e5520, 0x20444553,
	0x30302020, 0x30303030, 0x46415320, 0x5f585f45,
	0x2058414d, 0x4742494c, 0x412e4554, 0x62696c2e,
	0x76696420, 0x61347467, 0x20206f2e, 0x20202020,
	0x20230a0d, 0x53554e55, 0x20204445, 0x30303020,
	0x20303030, 0x45464153, 0x4d5f585f, 0x4c204e49,
	0x54474249, 0x2e412e45, 0x2062696c, 0x67766964,
	0x2e613474, 0x2020206f, 0x0d202020, 0x5520230a,
	0x4553554e, 0x20202044, 0x30303030, 0x53203030,
	0x5f454641, 0x414d5f59, 0x494c2058, 0x45544742,
	0x6c2e412e, 0x64206269, 0x74677669, 0x6f2e6134,
	0x20202020, 0x0a0d2020, 0x4e552023, 0x44455355,
	0x30202020, 0x30303030, 0x41532030, 0x595f4546,
	0x4e494d5f, 0x42494c20, 0x2e455447, 0x696c2e41,
	0x69642062, 0x34746776, 0x206f2e61, 0x20202020,
	0x230a0d20, 0x554e5520, 0x20444553, 0x30302020,
	0x30303030, 0x5f435220, 0x4c4c4143, 0x20345447,
	0x4742494c, 0x412e4554, 0x62696c2e, 0x76696420,
	0x61347467, 0x20206f2e, 0x20202020, 0x20230a0d,
	0x53554e55, 0x20204445, 0x30303020, 0x20303030,
	0x5f4e5452, 0x47504352, 0x4c203454, 0x54474249,
	0x2e412e45, 0x2062696c, 0x67766964, 0x2e613474,
	0x2020206f, 0x0d202020, 0x5520230a, 0x4553554e,
	0x20202044, 0x30303030, 0x41203030, 0x505f6464,
	0x5f6d6972, 0x20345447, 0x4742494c, 0x412e4554,
	0x62696c2e, 0x76696420, 0x61347467, 0x20206f2e,
	0x20202020, 0x20200a0d, 0x41303038, 0x30303930,
	0x30303020, 0x38313030, 0x742e2030, 0x20747865,
	0x61722020, 0x326e6174, 0x494c2809, 0x45544742,
	0x6c2e412e, 0x0d296269, 0x5520230a, 0x4553554e,
	0x20202044, 0x30303030, 0x67203030, 0x5f326363,
	0x706d6f63, 0x64656c69, 0x494c202e, 0x45544742,
	0x6c2e412e, 0x72206269, 0x6e617461, 0x20206f2e,
	0x20202020, 0x0a0d2020, 0x4e552023, 0x44455355,
	0x30202020, 0x30303030, 0x5f5f2030, 0x5f756e67,
	0x706d6f63, 0x64656c69, 0x4c20635f, 0x54474249,
	0x2e412e45, 0x2062696c, 0x61746172, 0x206f2e6e,
	0x20202020, 0x0d202020, 0x3820200a, 0x30413030,
	0x20303841, 0x30303030, 0x38313030, 0x65742e20,
	0x20207478, 0x646c6f20, 0x09677562, 0x42494c28,
	0x2e455447, 0x696c2e41, 0x0a0d2962, 0x4e552023,
	0x44455355, 0x30202020, 0x30303030, 0x6c6f2030,
	0x67756264, 0x646e655f, 0x42494c20, 0x2e455447,
	0x696c2e41, 0x61702062, 0x67686374, 0x6f2e6574,
	0x20202020, 0x200a0d20, 0x30303820, 0x39413041,
	0x30302038, 0x30303030, 0x2e204331, 0x74786574,
	0x6e202020, 0x6f6e7765, 0x6775626e, 0x494c2809,
	0x45544742, 0x6c2e412e, 0x0d296269, 0x5520230a,
	0x4553554e, 0x20202044, 0x30303030, 0x6e203030,
	0x6f6e7765, 0x6775626e, 0x646e655f, 0x42494c20,
	0x2e455447, 0x696c2e41, 0x61702062, 0x67686374,
	0x6f2e6574, 0x20202020, 0x200a0d20, 0x30303820,
	0x42413041, 0x30302034, 0x30303030, 0x2e204341,
	0x74786574, 0x5f202020, 0x63746170, 0x74675f68,
	0x4c280965, 0x54474249, 0x2e412e45, 0x2962696c,
	0x20230a0d, 0x53554e55, 0x20204445, 0x30303020,
	0x20304131, 0x6e617254, 0x746f5273, 0x2032335f,
	0x4742494c, 0x412e4554, 0x62696c2e, 0x72727420,
	0x20206f2e, 0x20202020, 0x20202020, 0x20230a0d,
	0x53554e55, 0x20204445, 0x30303020, 0x20303030,
	0x4e415254, 0x544f5253, 0x305f3233, 0x494c2031,
	0x45544742, 0x6c2e412e, 0x74206269, 0x6f2e7272,
	0x20202020, 0x20202020, 0x0a0d2020, 0x4e552023,
	0x44455355, 0x30202020, 0x30303030, 0x52542030,
	0x52534e41, 0x3233544f, 0x2032305f, 0x4742494c,
	0x412e4554, 0x62696c2e, 0x72727420, 0x20206f2e,
	0x20202020, 0x20202020, 0x20230a0d, 0x53554e55,
	0x20204445, 0x30303020, 0x20303030, 0x4e415254,
	0x544f5253, 0x305f3233, 0x494c2033, 0x45544742,
	0x6c2e412e, 0x74206269, 0x6f2e7272, 0x20202020,
	0x20202020, 0x0a0d2020, 0x4e552023, 0x44455355,
	0x30202020, 0x30303030, 0x52542030, 0x52534e41,
	0x3233544f, 0x2034305f, 0x4742494c, 0x412e4554,
	0x62696c2e, 0x72727420, 0x20206f2e, 0x20202020,
	0x20202020, 0x20230a0d, 0x53554e55, 0x20204445,
	0x30303020, 0x20303030, 0x4e415254, 0x544f5253,
	0x305f3233, 0x494c2035, 0x45544742, 0x6c2e412e,
	0x74206269, 0x6f2e7272, 0x20202020, 0x20202020,
	0x0a0d2020, 0x4e552023, 0x44455355, 0x30202020,
	0x30303030, 0x52542030, 0x52534e41, 0x3233544f,
	0x2036305f, 0x4742494c, 0x412e4554, 0x62696c2e,
	0x72727420, 0x20206f2e, 0x20202020, 0x20202020,
	0x20230a0d, 0x53554e55, 0x20204445, 0x30303020,
	0x20303030, 0x4e415254, 0x544f5253, 0x315f3233,
	0x494c2033, 0x45544742, 0x6c2e412e, 0x74206269,
	0x6f2e7272, 0x20202020, 0x20202020, 0x0a0d2020,
	0x4e552023, 0x44455355, 0x30202020, 0x30303030,
	0x52542030, 0x52534e41, 0x3233544f, 0x2034315f,
	0x4742494c, 0x412e4554, 0x62696c2e, 0x72727420,
	0x20206f2e, 0x20202020, 0x20202020, 0x20230a0d,
	0x53554e55, 0x20204445, 0x30303020, 0x20303030,
	0x4e415254, 0x544f5253, 0x315f3233, 0x494c2035,
	0x45544742, 0x6c2e412e, 0x74206269, 0x6f2e7272,
	0x20202020, 0x20202020, 0x0a0d2020, 0x4e552023,
	0x44455355, 0x30202020, 0x30303030, 0x52542030,
	0x52534e41, 0x3233544f, 0x2036315f, 0x4742494c,
	0x412e4554, 0x62696c2e, 0x72727420, 0x20206f2e,
	0x20202020, 0x20202020, 0x20230a0d, 0x53554e55,
	0x20204445, 0x30303020, 0x20303030, 0x4e415254,
	0x544f5253, 0x315f3233, 0x494c2037, 0x45544742,
	0x6c2e412e, 0x74206269, 0x6f2e7272, 0x20202020,
	0x20202020, 0x0a0d2020, 0x4e552023, 0x44455355,
	0x30202020, 0x30303030, 0x52542030, 0x52534e41,
	0x3233544f, 0x2038315f, 0x4742494c, 0x412e4554,
	0x62696c2e, 0x72727420, 0x20206f2e, 0x20202020,
	0x20202020, 0x20230a0d, 0x53554e55, 0x20204445,
	0x30303020, 0x20343730, 0x6e617254, 0x746f5273,
	0x73726550, 0x42494c20, 0x2e455447, 0x696c2e41,
	0x72742062, 0x206f2e72, 0x20202020, 0x20202020,
	0x230a0d20, 0x554e5520, 0x20444553, 0x30302020,
	0x34453030, 0x61725420, 0x6f52736e, 0x72655074,
	0x4c203373, 0x54474249, 0x2e412e45, 0x2062696c,
	0x2e727274, 0x2020206f, 0x20202020, 0x0d202020,
	0x3820200a, 0x30413030, 0x20303642, 0x30303030,
	0x38423130, 0x65742e20, 0x20207478, 0x70704120,
	0x7254796c, 0x70736e61, 0x4d65736f, 0x69727461,
	0x09564c78, 0x42494c28, 0x2e455447, 0x696c2e41,
	0x0a0d2962, 0x4e552023, 0x44455355, 0x30202020,
	0x30303030, 0x50412030, 0x58544d50, 0x2031305f,
	0x4742494c, 0x412e4554, 0x62696c2e, 0x72727420,
	0x20206f2e, 0x20202020, 0x20202020, 0x20230a0d,
	0x53554e55, 0x20204445, 0x30303020, 0x20303030,
	0x4d505041, 0x305f5854, 0x494c2032, 0x45544742,
	0x6c2e412e, 0x74206269, 0x6f2e7272, 0x20202020,
	0x20202020, 0x0a0d2020, 0x4e552023, 0x44455355,
	0x30202020, 0x30303030, 0x50412030, 0x58544d50,
	0x2033305f, 0x4742494c, 0x412e4554, 0x62696c2e,
	0x72727420, 0x20206f2e, 0x20202020, 0x20202020,
	0x20230a0d, 0x53554e55, 0x20204445, 0x30303020,
	0x20303030, 0x4d505041, 0x305f5854, 0x494c2034,
	0x45544742, 0x6c2e412e, 0x74206269, 0x6f2e7272,
	0x20202020, 0x20202020, 0x0a0d2020, 0x4e552023,
	0x44455355, 0x30202020, 0x30303030, 0x50412030,
	0x58544d50, 0x2035305f, 0x4742494c, 0x412e4554,
	0x62696c2e, 0x72727420, 0x20206f2e, 0x20202020,
	0x20202020, 0x20230a0d, 0x53554e55, 0x20204445,
	0x30303020, 0x20303030, 0x4d505041, 0x305f5854,
	0x494c2036, 0x45544742, 0x6c2e412e, 0x74206269,
	0x6f2e7272, 0x20202020, 0x20202020, 0x0a0d2020,
	0x4e552023, 0x44455355, 0x30202020, 0x30303030,
	0x50412030, 0x58544d50, 0x2033315f, 0x4742494c,
	0x412e4554, 0x62696c2e, 0x72727420, 0x20206f2e,
	0x20202020, 0x20202020, 0x20230a0d, 0x53554e55,
	0x20204445, 0x30303020, 0x20303030, 0x4d505041,
	0x315f5854, 0x494c2034, 0x45544742, 0x6c2e412e,
	0x74206269, 0x6f2e7272, 0x20202020, 0x20202020,
	0x0a0d2020, 0x4e552023, 0x44455355, 0x30202020,
	0x30303030, 0x50412030, 0x58544d50, 0x2035315f,
	0x4742494c, 0x412e4554, 0x62696c2e, 0x72727420,
	0x20206f2e, 0x20202020, 0x20202020, 0x20230a0d,
	0x53554e55, 0x20204445, 0x30303020, 0x20303030,
	0x4d505041, 0x315f5854, 0x494c2036, 0x45544742,
	0x6c2e412e, 0x74206269, 0x6f2e7272, 0x20202020,
	0x20202020, 0x0a0d2020, 0x4e552023, 0x44455355,
	0x30202020, 0x30303030, 0x50412030, 0x58544d50,
	0x2037315f, 0x4742494c, 0x412e4554, 0x62696c2e,
	0x72727420, 0x20206f2e, 0x20202020, 0x20202020,
	0x20230a0d, 0x53554e55, 0x20204445, 0x30303020,
	0x20303030, 0x4d505041, 0x315f5854, 0x494c2038,
	0x45544742, 0x6c2e412e, 0x74206269, 0x6f2e7272,
	0x20202020, 0x20202020, 0x0a0d2020, 0x30382020,
	0x44304130, 0x30203831, 0x30303030, 0x20383530,
	0x7865742e, 0x20202074, 0x50746553, 0x43747261,
	0x64726f6f, 0x74616e69, 0x63280965, 0x6f6d5f68,
	0x2e6c6564, 0x0a0d2963, 0x30382020, 0x44304130,
	0x30203037, 0x30303030, 0x20384435, 0x7865742e,
	0x20202074, 0x77617264, 0x2809434c, 0x6d5f6863,
	0x6c65646f, 0x0d29632e, 0x3820200a, 0x31413030,
	0x20383433, 0x30303030, 0x30333030, 0x65742e20,
	0x20207478, 0x77654e20, 0x65646f4d, 0x6328096c,
	0x6f6d5f68, 0x2e6c6564, 0x0a0d2963, 0x30382020,
	0x33314130, 0x30203837, 0x30303030, 0x20303330,
	0x7865742e, 0x20202074, 0x70736944, 0x4d65736f,
	0x6c65646f, 0x68632809, 0x646f6d5f, 0x632e6c65,
	0x200a0d29, 0x30303820, 0x41333141, 0x30302038,
	0x34303030, 0x2e204337, 0x74786574, 0x53202020,
	0x6f4d7465, 0x096c6564, 0x5f686328, 0x65646f6d,
	0x29632e6c, 0x20200a0d, 0x41303038, 0x34323831,
	0x30303020, 0x34333030, 0x742e2034, 0x20747865,
	0x72642020, 0x6f4d7761, 0x096c6564, 0x5f686328,
	0x65646f6d, 0x29632e6c, 0x20200a0d, 0x41303038,
	0x38364231, 0x30303020, 0x41303030, 0x742e2038,
	0x20747865, 0x65522020, 0x4d746573, 0x6c65646f,
	0x68632809, 0x646f6d5f, 0x632e6c65, 0x200a0d29,
	0x30303820, 0x31433141, 0x30302030, 0x30303030,
	0x2e203439, 0x74786574, 0x53202020, 0x6f4d7465,
	0x436c6564, 0x64726f6f, 0x74616e69, 0x63280965,
	0x6f6d5f68, 0x2e6c6564, 0x0a0d2963, 0x30382020,
	0x43314130, 0x30203441, 0x30303030, 0x20343031,
	0x7865742e, 0x20202074, 0x4d746553, 0x6c65646f,
	0x6e617254, 0x63280973, 0x6f6d5f68, 0x2e6c6564,
	0x0a0d2963, 0x30382020, 0x44314130, 0x30203841,
	0x30303030, 0x20433830, 0x7865742e, 0x20202074,
	0x4d746553, 0x6c65646f, 0x6c676e41, 0x63280965,
	0x6f6d5f68, 0x2e6c6564, 0x0a0d2963, 0x4e552023,
	0x44455355, 0x30202020, 0x41303030, 0x64412034,
	0x646f4d64, 0x72546c65, 0x56736e61, 0x5f686320,
	0x65646f6d, 0x20632e6c, 0x20200a0d, 0x41303038,
	0x34334531, 0x30303020, 0x39413030, 0x742e2043,
	0x20747865, 0x72442020, 0x6f507761, 0x6f4d796c,
	0x096c6564, 0x5f686328, 0x65646f6d, 0x29632e6c,
	0x20230a0d, 0x53554e55, 0x20204445, 0x30303020,
	0x20433645, 0x77617244, 0x65726957, 0x6d617246,
	0x646f4d65, 0x63206c65, 0x6f6d5f68, 0x2e6c6564,
	0x0a0d2063, 0x30382020, 0x38324130, 0x30203044,
	0x30303030, 0x20304130, 0x7865742e, 0x20202074,
	0x74696e69, 0x2809434c, 0x6d5f6863, 0x6c65646f,
	0x0d29632e, 0x3820200a, 0x32413030, 0x20303739,
	0x30303030, 0x34433030, 0x65742e20, 0x20207478,
	0x5f6d6d20, 0x64616f4c, 0x096d6954, 0x6c646d28,
	0x2e6e616d, 0x0a0d2963, 0x30382020, 0x41324130,
	0x30203433, 0x30303030, 0x20383930, 0x7865742e,
	0x20202074, 0x43525453, 0x28095441, 0x6d6c646d,
	0x632e6e61, 0x200a0d29, 0x30303820, 0x43413241,
	0x30302043, 0x30303030, 0x2e203830, 0x74786574,
	0x4d202020, 0x72456d65, 0x09726f72, 0x6c646d28,
	0x2e6e616d, 0x0a0d2963, 0x30382020, 0x41324130,
	0x30203444, 0x30303030, 0x20433531, 0x7865742e,
	0x20202074, 0x495f4d4d, 0x0974696e, 0x6c646d28,
	0x2e6e616d, 0x0a0d2963, 0x30382020, 0x43324130,
	0x30203033, 0x30303030, 0x20343335, 0x7865742e,
	0x20202074, 0x525f4d4d, 0x73696765, 0x6d280974,
	0x616d6c64, 0x29632e6e, 0x20200a0d, 0x41303038,
	0x34363133, 0x30303020, 0x41313030, 0x742e2043,
	0x20747865, 0x4d4d2020, 0x7265525f, 0x65736165,
	0x646d2809, 0x6e616d6c, 0x0d29632e, 0x3820200a,
	0x33413030, 0x20303133, 0x30303030, 0x34373130,
	0x65742e20, 0x20207478, 0x5f4d4d20, 0x49746547,
	0x096f666e, 0x6c646d28, 0x2e6e616d, 0x0a0d2963,
	0x30382020, 0x34334130, 0x30203438, 0x30303030,
	0x20344130, 0x7865742e, 0x20202074, 0x475f4d4d,
	0x4d4d7465, 0x45505954, 0x646d2809, 0x6e616d6c,
	0x0d29632e, 0x3820200a, 0x33413030, 0x20383235,
	0x30303030, 0x43413130, 0x65742e20, 0x20207478,
	0x5f6d6d20, 0x64616f4c, 0x67616d49, 0x6d280965,
	0x616d6c64, 0x29632e6e, 0x20200a0d, 0x41303038,
	0x34443633, 0x30303020, 0x30333030, 0x742e2030,
	0x20747865, 0x4d4d2020, 0x6765525f, 0x32747369,
	0x6f745f5f, 0x6b726f57, 0x646d2809, 0x6e616d6c,
	0x0d29632e, 0x3820200a, 0x33413030, 0x20344439,
	0x30303030, 0x30453530, 0x65742e20, 0x20207478,
	0x5f4d4d20, 0x69676552, 0x5f327473, 0x6f72665f,
	0x726f576d, 0x6d28096b, 0x616d6c64, 0x29632e6e,
	0x20200a0d, 0x41303038, 0x34424633, 0x30303020,
	0x41303030, 0x742e2043, 0x20747865, 0x4d4f2020,
	0x696e495f, 0x6f280974, 0x616d6a62, 0x29632e6e,
	0x20200a0d, 0x41303038, 0x30363034, 0x30303020,
	0x30313030, 0x742e2038, 0x20747865, 0x4d4f2020,
	0x7465535f, 0x656a624f, 0x28097463, 0x6d6a626f,
	0x632e6e61, 0x230a0d29, 0x554e5520, 0x20444553,
	0x30302020, 0x38413030, 0x5f4d4f20, 0x4f746553,
	0x63656a62, 0x6f203274, 0x616d6a62, 0x20632e6e,
	0x20200a0d, 0x41303038, 0x38363134, 0x30303020,
	0x33313030, 0x742e2034, 0x20747865, 0x4d4f2020,
	0x7365525f, 0x624f7465, 0x7463656a, 0x626f2809,
	0x6e616d6a, 0x0d29632e, 0x3820200a, 0x34413030,
	0x20433932, 0x30303030, 0x30443030, 0x65742e20,
	0x20207478, 0x5f4d4f20, 0x65766f4d, 0x656a624f,
	0x28097463, 0x6d6a626f, 0x632e6e61, 0x200a0d29,
	0x30303820, 0x36333441, 0x30302043, 0x30303030,
	0x2e203044, 0x74786574, 0x4f202020, 0x72445f4d,
	0x624f7761, 0x7463656a, 0x626f2809, 0x6e616d6a,
	0x0d29632e, 0x3820200a, 0x34413030, 0x20433334,
	0x30303030, 0x38303030, 0x65742e20, 0x20207478,
	0x464e4620, 0x6f727245, 0x63280972, 0x2e627573,
	0x0a0d2963, 0x30382020, 0x34344130, 0x30203434,
	0x30303030, 0x20344630, 0x7865742e, 0x20202074,
	0x43746547, 0x49466c64, 0x2809454c, 0x62757363,
	0x0d29632e, 0x3820200a, 0x34413030, 0x20383335,
	0x30303030, 0x30333030, 0x65742e20, 0x20207478,
	0x74656720, 0x7a695346, 0x63280965, 0x2e627573,
	0x0a0d2963, 0x30382020, 0x35344130, 0x30203836,
	0x30303030, 0x20343731, 0x7865742e, 0x20202074,
	0x64616f6c, 0x616d4954, 0x28096567, 0x62757363,
	0x0d29632e, 0x3820200a, 0x34413030, 0x20434436,
	0x30303030, 0x38423030, 0x65742e20, 0x20207478,
	0x616f6c20, 0x6e694264, 0x09797261, 0x75736328,
	0x29632e62, 0x20200a0d, 0x41303038, 0x34393734,
	0x30303020, 0x30313030, 0x742e2030, 0x20747865,
	0x6f6c2020, 0x49546461, 0x6328094d, 0x2e627573,
	0x0a0d2963, 0x30382020, 0x38344130, 0x30203439,
	0x30303030, 0x20303131, 0x7865742e, 0x20202074,
	0x64616f6c, 0x324d4954, 0x73632809, 0x632e6275,
	0x200a0d29, 0x30303820, 0x41393441, 0x30302034,
	0x30303030, 0x2e203044, 0x74786574, 0x6c202020,
	0x4264616f, 0x72616e69, 0x28093279, 0x62757363,
	0x0d29632e, 0x5520230a, 0x4553554e, 0x20202044,
	0x30303030, 0x73204333, 0x53657661, 0x65657263,
	0x7363206e, 0x632e6275, 0x200a0d20, 0x30303820,
	0x37413441, 0x30302034, 0x30303030, 0x2e203434,
	0x74786574, 0x72202020, 0x2809646e, 0x62757363,
	0x0d29632e, 0x3820200a, 0x34413030, 0x20384241,
	0x30303030, 0x43303130, 0x65742e20, 0x20207478,
	0x6e697320, 0x09323135, 0x75736328, 0x29632e62,
	0x20200a0d, 0x41303038, 0x34434234, 0x30303020,
	0x33303030, 0x742e2030, 0x20747865, 0x6f632020,
	0x32313573, 0x73632809, 0x632e6275, 0x200a0d29,
	0x30303820, 0x46423441, 0x30302034, 0x32303030,
	0x2e203430, 0x74786574, 0x4d202020, 0x61744179,
	0x0931326e, 0x75736328, 0x29632e62, 0x20200a0d,
	0x41303038, 0x38464434, 0x30303020, 0x36303030,
	0x742e2034, 0x20747865, 0x65532020, 0x746f5274,
	0x6e617254, 0x74614d73, 0x09786972, 0x75736328,
	0x29632e62, 0x20200a0d, 0x41303038, 0x43354534,
	0x30303020, 0x42313030, 0x742e2038, 0x20747865,
	0x746a2020, 0x696e695f, 0x63280974, 0x2e627573,
	0x0a0d2963, 0x30382020, 0x30354130, 0x30203431,
	0x30303030, 0x20343730, 0x7865742e, 0x20202074,
	0x495f5645, 0x0974696e, 0x74766528, 0x2e6e616d,
	0x0a0d2963, 0x30382020, 0x30354130, 0x30203838,
	0x30303030, 0x20383631, 0x7865742e, 0x20202074,
	0x505f5645, 0x4574736f, 0x746e6576, 0x76652809,
	0x6e616d74, 0x0d29632e, 0x3820200a, 0x35413030,
	0x20304631, 0x30303030, 0x34333230, 0x65742e20,
	0x20207478, 0x5f564520, 0x65636341, 0x76457470,
	0x09746e65, 0x74766528, 0x2e6e616d, 0x0a0d2963,
	0x30382020, 0x34354130, 0x30203432, 0x30303030,
	0x20304531, 0x7865742e, 0x20202074, 0x6e616863,
	0x70546567, 0x43656761, 0x0974756c, 0x67686328,
	0x6c637074, 0x0d29632e, 0x3820200a, 0x35413030,
	0x20343036, 0x30303030, 0x38353030, 0x65742e20,
	0x20207478, 0x5f464a20, 0x74696e69, 0x666a2809,
	0x2e746e6f, 0x0a0d2963, 0x30382020, 0x36354130,
	0x30204335, 0x30303030, 0x20433330, 0x7865742e,
	0x20202074, 0x635f464a, 0x7261656c, 0x096c6c41,
	0x6f666a28, 0x632e746e, 0x200a0d29, 0x30303820,
	0x39363541, 0x30302038, 0x30303030, 0x2e203039,
	0x74786574, 0x4a202020, 0x6c635f46, 0x09726165,
	0x6f666a28, 0x632e746e, 0x200a0d29, 0x30303820,
	0x32373541, 0x30302038, 0x30303030, 0x2e203433,
	0x74786574, 0x4a202020, 0x6f635f46, 0x09726f6c,
	0x6f666a28, 0x632e746e, 0x200a0d29, 0x30303820,
	0x35373541, 0x30302043, 0x33303030, 0x2e204345,
	0x74786574, 0x4a202020, 0x75705f46, 0x28096374,
	0x6e6f666a, 0x29632e74, 0x20200a0d, 0x41303038,
	0x38344235, 0x30303020, 0x38303030, 0x742e2034,
	0x20747865, 0x464a2020, 0x7475705f, 0x6a280973,
	0x746e6f66, 0x0d29632e, 0x3820200a, 0x35413030,
	0x20434342, 0x30303030, 0x43373430, 0x65742e20,
	0x20207478, 0x61724420, 0x61685377, 0x09776f64,
	0x61687328, 0x2e776f64, 0x0a0d2963, 0x30382020,
	0x30364130, 0x30203834, 0x30303030, 0x20303230,
	0x7865742e, 0x20202074, 0x74735f5f, 0x5f747261,
	0x5f280963, 0x74737370, 0x2e747261, 0x0a0d2963,
	0x30382020, 0x30364130, 0x30203836, 0x30303030,
	0x20383231, 0x7865742e, 0x20202074, 0x74735f5f,
	0x09747261, 0x73705f28, 0x72617473, 0x29632e74,
	0x20200a0d, 0x41303038, 0x30393136, 0x30303020,
	0x35303030, 0x742e2038, 0x20747865, 0x6e692020,
	0x61507469, 0x656e7472, 0x74614472, 0x70280961,
	0x6e747261, 0x632e7265, 0x200a0d29, 0x30303820,
	0x45313641, 0x30302038, 0x30303030, 0x2e204338,
	0x74786574, 0x6c202020, 0x4464616f, 0x44676e75,
	0x09617461, 0x72617028, 0x72656e74, 0x0d29632e,
	0x3820200a, 0x36413030, 0x20343732, 0x30303030,
	0x34343330, 0x65742e20, 0x20207478, 0x74657320,
	0x74726150, 0x4472656e, 0x09617461, 0x72617028,
	0x72656e74, 0x0d29632e, 0x3820200a, 0x36413030,
	0x20384235, 0x30303030, 0x43393330, 0x65742e20,
	0x20207478, 0x74657320, 0x65656c53, 0x666e4970,
	0x7028096f, 0x6e747261, 0x632e7265, 0x200a0d29,
	0x30303820, 0x35393641, 0x30302034, 0x33303030,
	0x2e203432, 0x74786574, 0x73202020, 0x654d7465,
	0x69546c61, 0x2809656d, 0x74726170, 0x2e72656e,
	0x0a0d2963, 0x30382020, 0x43364130, 0x30203837,
	0x30303030, 0x20433432, 0x7865742e, 0x20202074,
	0x77617264, 0x6c656946, 0x6e754464, 0x70280967,
	0x6e747261, 0x632e7265, 0x200a0d29, 0x30303820,
	0x43453641, 0x30302034, 0x31303030, 0x2e203032,
	0x74786574, 0x73202020, 0x61507465, 0x656e7472,
	0x74614472, 0x74664161, 0x76457265, 0x74756c6f,
	0x096e6f69, 0x72617028, 0x72656e74, 0x0d29632e,
	0x3820200a, 0x36413030, 0x20344546, 0x30303030,
	0x34303130, 0x65742e20, 0x20207478, 0x74657320,
	0x49637445, 0x096f666e, 0x72617028, 0x72656e74,
	0x0d29632e, 0x3820200a, 0x37413030, 0x20384530,
	0x30303030, 0x30433230, 0x65742e20, 0x20207478,
	0x74657320, 0x74726150, 0x4472656e, 0x41617461,
	0x72657466, 0x74726942, 0x70280968, 0x6e747261,
	0x632e7265, 0x200a0d29, 0x30303820, 0x41333741,
	0x30302038, 0x32303030, 0x2e203435, 0x74786574,
	0x73202020, 0x61427465, 0x656c7474, 0x61726150,
	0x7466416d, 0x69427265, 0x09687465, 0x72617028,
	0x72656e74, 0x0d29632e, 0x5520230a, 0x4553554e,
	0x20202044, 0x30303030, 0x73204341, 0x61507465,
	0x656e7472, 0x72615072, 0x70206d61, 0x6e747261,
	0x632e7265, 0x200a0d20, 0x30303820, 0x46353741,
	0x30302043, 0x30303030, 0x2e203441, 0x74786574,
	0x73202020, 0x61507465, 0x656e7472, 0x74614472,
	0x61684361, 0x4165676e, 0x09616572, 0x72617028,
	0x72656e74, 0x0d29632e, 0x3820200a, 0x37413030,
	0x20304136, 0x30303030, 0x30413130, 0x65742e20,
	0x20207478, 0x65686320, 0x61506b63, 0x546d6172,
	0x6e55706f, 0x09726564, 0x72617028, 0x72656e74,
	0x0d29632e, 0x3820200a, 0x37413030, 0x20303438,
	0x30303030, 0x38373830, 0x65742e20, 0x20207478,
	0x65686320, 0x6c536b63, 0x69706565, 0x6954676e,
	0x2809656d, 0x74726170, 0x2e72656e, 0x0a0d2963,
	0x30382020, 0x30384130, 0x30203842, 0x30303030,
	0x20383034, 0x7865742e, 0x20202074, 0x63656863,
	0x6e65536b, 0x09656c69, 0x72617028, 0x72656e74,
	0x0d29632e, 0x3820200a, 0x38413030, 0x20304334,
	0x30303030, 0x43433130, 0x65742e20, 0x20207478,
	0x76657220, 0x44657369, 0x69637369, 0x6e696c70,
	0x70280965, 0x6e747261, 0x632e7265, 0x200a0d29,
	0x30303820, 0x38363841, 0x30302043, 0x35303030,
	0x2e204337, 0x74786574, 0x72202020, 0x73697665,
	0x656c5365, 0x28097065, 0x74726170, 0x2e72656e,
	0x0a0d2963, 0x30382020, 0x43384130, 0x30203830,
	0x30303030, 0x20383236, 0x7865742e, 0x20202074,
	0x44746573, 0x50676e75, 0x746e696f, 0x61702809,
	0x656e7472, 0x29632e72, 0x20200a0d, 0x41303038,
	0x30333239, 0x30303020, 0x33343030, 0x742e2038,
	0x20747865, 0x65722020, 0x65766f63, 0x6c537972,
	0x09706565, 0x72617028, 0x72656e74, 0x0d29632e,
	0x3820200a, 0x39413030, 0x20383636, 0x30303030,
	0x38303230, 0x65742e20, 0x20207478, 0x65686320,
	0x61466b63, 0x75676974, 0x70280965, 0x6e747261,
	0x632e7265, 0x200a0d29, 0x30303820, 0x37383941,
	0x30302030, 0x34303030, 0x2e203437, 0x74786574,
	0x63202020, 0x6b636568, 0x656a6552, 0x654d7463,
	0x28096c61, 0x74726170, 0x2e72656e, 0x0a0d2963,
	0x30382020, 0x43394130, 0x30203445, 0x30303030,
	0x20304233, 0x7865742e, 0x20202074, 0x63656863,
	0x61654d6b, 0x7028096c, 0x6e747261, 0x632e7265,
	0x200a0d29, 0x30303820, 0x39304141, 0x30302034,
	0x32303030, 0x2e203834, 0x74786574, 0x73202020,
	0x6e497465, 0x746e6574, 0x096e6f69, 0x72617028,
	0x72656e74, 0x0d29632e, 0x3820200a, 0x41413030,
	0x20434432, 0x30303030, 0x30453130, 0x65742e20,
	0x20207478, 0x76657220, 0x50657369, 0x6d617261,
	0x6c61654d, 0x61702809, 0x656e7472, 0x29632e72,
	0x20200a0d, 0x41303038, 0x43423441, 0x30303020,
	0x37313030, 0x742e2030, 0x20747865, 0x68632020,
	0x446b6365, 0x09676e75, 0x72617028, 0x72656e74,
	0x0d29632e, 0x3820200a, 0x41413030, 0x20433236,
	0x30303030, 0x43333230, 0x65742e20, 0x20207478,
	0x65686320, 0x65476b63, 0x6e754474, 0x70280967,
	0x6e747261, 0x632e7265, 0x200a0d29, 0x30303820,
	0x36384141, 0x30302038, 0x30303030, 0x2e203841,
	0x74786574, 0x72202020, 0x73697665, 0x72615065,
	0x6f546d61, 0x74656c69, 0x61702809, 0x656e7472,
	0x29632e72, 0x20200a0d, 0x41303038, 0x30313941,
	0x30303020, 0x42303030, 0x742e2034, 0x20747865,
	0x65642020, 0x69655763, 0x09746867, 0x72617028,
	0x72656e74, 0x0d29632e, 0x3820200a, 0x41413030,
	0x20344339, 0x30303030, 0x30433030, 0x65742e20,
	0x20207478, 0x76657220, 0x50657369, 0x6d617261,
	0x6c656946, 0x6e754464, 0x70280967, 0x6e747261,
	0x632e7265, 0x200a0d29, 0x30303820, 0x38414141,
	0x30302034, 0x33303030, 0x2e203039, 0x74786574,
	0x72202020, 0x73697665, 0x72615065, 0x65476d61,
	0x6e754474, 0x70280967, 0x6e747261, 0x632e7265,
	0x200a0d29, 0x30303820, 0x31454141, 0x30302034,
	0x35303030, 0x2e203831, 0x74786574, 0x63202020,
	0x6b636568, 0x6b636953, 0x61702809, 0x656e7472,
	0x29632e72, 0x20200a0d, 0x41303038, 0x43323342,
	0x30303020, 0x42303030, 0x742e2034, 0x20747865,
	0x68632020, 0x4a6b6365, 0x6f796d75, 0x61702809,
	0x656e7472, 0x29632e72, 0x20200a0d, 0x41303038,
	0x30453342, 0x30303020, 0x41333030, 0x742e2043,
	0x20747865, 0x64612020, 0x6f764564, 0x796d754a,
	0x456e496f, 0x746e6576, 0x61702809, 0x656e7472,
	0x29632e72, 0x20200a0d, 0x41303038, 0x43383742,
	0x30303020, 0x30313030, 0x742e2030, 0x20747865,
	0x65722020, 0x65736976, 0x61726150, 0x7466416d,
	0x61427265, 0x656c7474, 0x61702809, 0x656e7472,
	0x29632e72, 0x20200a0d, 0x41303038, 0x43383842,
	0x30303020, 0x39343030, 0x742e2038, 0x20747865,
	0x68632020, 0x456b6365, 0x49686361, 0x096f666e,
	0x72617028, 0x72656e74, 0x0d29632e, 0x3820200a,
	0x42413030, 0x20343244, 0x30303030, 0x30383530,
	0x65742e20, 0x20207478, 0x61726420, 0x6f6f4d77,
	0x73694464, 0x09726142, 0x72617028, 0x72656e74,
	0x0d29632e, 0x3820200a, 0x43413030, 0x20344132,
	0x30303030, 0x34323030, 0x65742e20, 0x20207478,
	0x65686320, 0x76456b61, 0x7466416f, 0x6c537265,
	0x09706565, 0x72617028, 0x72656e74, 0x0d29632e,
	0x3820200a, 0x43413030, 0x20384332, 0x30303030,
	0x34433130, 0x65742e20, 0x20207478, 0x74657320,
	0x6f726548, 0x61746144, 0x65682809, 0x632e6f72,
	0x200a0d29, 0x30303820, 0x38344341, 0x30302043,
	0x30303030, 0x2e203044, 0x74786574, 0x6d202020,
	0x4265766f, 0x2809796f, 0x6f726568, 0x0d29632e,
	0x3820200a, 0x43413030, 0x20433535, 0x30303030,
	0x43333230, 0x65742e20, 0x20207478, 0x74657320,
	0x72616843, 0x65746361, 0x74614472, 0x68280961,
	0x2e6f7265, 0x0a0d2963, 0x30382020, 0x37434130,
	0x30203839, 0x30303030, 0x20303930, 0x7865742e,
	0x20202074, 0x48746573, 0x446f7265, 0x43617461,
	0x676e6168, 0x65724165, 0x68280961, 0x2e6f7265,
	0x0a0d2963, 0x30382020, 0x38434130, 0x30203832,
	0x30303030, 0x20343631, 0x7865742e, 0x20202074,
	0x65766f6d, 0x49796f42, 0x70614d6e, 0x65682809,
	0x632e6f72, 0x200a0d29, 0x30303820, 0x38394341,
	0x30302043, 0x34303030, 0x2e204336, 0x74786574,
	0x62202020, 0x6341796f, 0x70614d74, 0x65682809,
	0x632e6f72, 0x200a0d29, 0x30303820, 0x46444341,
	0x30302038, 0x30303030, 0x2e203432, 0x74786574,
	0x73202020, 0x6f427465, 0x74634179, 0x65646f4d,
	0x65682809, 0x632e6f72, 0x200a0d29, 0x30303820,
	0x31454341, 0x30302043, 0x31303030, 0x2e203438,
	0x74786574, 0x62202020, 0x6341796f, 0x61684374,
	0x4165676e, 0x09616572, 0x72656828, 0x29632e6f,
	0x20200a0d, 0x41303038, 0x30414643, 0x30303020,
	0x32343030, 0x742e2030, 0x20747865, 0x6f622020,
	0x74634179, 0x44746547, 0x49706f72, 0x096d6574,
	0x72656828, 0x29632e6f, 0x20200a0d, 0x41303038,
	0x30433344, 0x30303020, 0x44343030, 0x742e2034,
	0x20747865, 0x6f622020, 0x74634179, 0x54746547,
	0x72616b61, 0x68280961, 0x2e6f7265, 0x0a0d2963,
	0x30382020, 0x38444130, 0x30203439, 0x30303030,
	0x20343430, 0x7865742e, 0x20202074, 0x41796f62,
	0x6f4e7463, 0x766f4d74, 0x68280965, 0x2e6f7265,
	0x0a0d2963, 0x30382020, 0x38444130, 0x30203844,
	0x30303030, 0x20303730, 0x7865742e, 0x20202074,
	0x41796f62, 0x72547463, 0x696e6961, 0x2809676e,
	0x6f726568, 0x0d29632e, 0x3820200a, 0x44413030,
	0x20383439, 0x30303030, 0x34413130, 0x65742e20,
	0x20207478, 0x796f6220, 0x44746341, 0x69637369,
	0x6e696c70, 0x68280965, 0x2e6f7265, 0x0a0d2963,
	0x30382020, 0x41444130, 0x30204345, 0x30303030,
	0x20343530, 0x7865742e, 0x20202074, 0x41796f62,
	0x704f7463, 0x6e696e65, 0x68280967, 0x2e6f7265,
	0x0a0d2963, 0x30382020, 0x42444130, 0x30203034,
	0x30303030, 0x20433830, 0x7865742e, 0x20202074,
	0x41796f62, 0x6e457463, 0x676e6964, 0x65682809,
	0x632e6f72, 0x200a0d29, 0x30303820, 0x43424441,
	0x30302043, 0x30303030, 0x2e203843, 0x74786574,
	0x62202020, 0x6341796f, 0x61654474, 0x74614264,
	0x09656c74, 0x72656828, 0x29632e6f, 0x20200a0d,
	0x41303038, 0x34394344, 0x30303020, 0x37303030,
	0x742e2043, 0x20747865, 0x6f622020, 0x74634179,
	0x7473614c, 0x73736f42, 0x65682809, 0x632e6f72,
	0x200a0d29, 0x30303820, 0x31444441, 0x30302030,
	0x30303030, 0x2e203839, 0x74786574, 0x62202020,
	0x6341796f, 0x61654474, 0x74614264, 0x4c656c74,
	0x09656669, 0x72656828, 0x29632e6f, 0x20200a0d,
	0x41303038, 0x38414444, 0x30303020, 0x43333030,
	0x742e2043, 0x20747865, 0x6f622020, 0x74634179,
	0x7373654d, 0x09656761, 0x72656828, 0x29632e6f,
	0x20200a0d, 0x41303038, 0x34373145, 0x30303020,
	0x41303030, 0x742e2034, 0x20747865, 0x65672020,
	0x6d614374, 0x41617265, 0x656c676e, 0x65682809,
	0x632e6f72, 0x200a0d29, 0x30303820, 0x31324541,
	0x30302038, 0x30303030, 0x2e203434, 0x74786574,
	0x63202020, 0x676e6168, 0x796f4265, 0x6c676e41,
	0x68280965, 0x2e6f7265, 0x0a0d2963, 0x30382020,
	0x32454130, 0x30204335, 0x30303030, 0x20343531,
	0x7865742e, 0x20202074, 0x63656863, 0x6f72446b,
	0x65744970, 0x6828096d, 0x2e6f7265, 0x0a0d2963,
	0x30382020, 0x33454130, 0x30203042, 0x30303030,
	0x20384133, 0x7865742e, 0x20202074, 0x63656863,
	0x6576456b, 0x2809746e, 0x6f726568, 0x0d29632e,
	0x3820200a, 0x45413030, 0x20383537, 0x30303030,
	0x34443230, 0x65742e20, 0x20207478, 0x65686320,
	0x654d6b63, 0x096c6164, 0x72656828, 0x29632e6f,
	0x20200a0d, 0x41303038, 0x43324145, 0x30303020,
	0x34303030, 0x742e2043, 0x20747865, 0x68632020,
	0x4d6b6365, 0x61737365, 0x28096567, 0x6f726568,
	0x0d29632e, 0x3820200a, 0x45413030, 0x20383741,
	0x30303030, 0x34303230, 0x65742e20, 0x20207478,
	0x61726420, 0x65744977, 0x73654d6d, 0x65676173,
	0x65682809, 0x632e6f72, 0x200a0d29, 0x30303820,
	0x37434541, 0x30302043, 0x32303030, 0x2e203045,
	0x74786574, 0x62202020, 0x726f6665, 0x74664165,
	0x61427265, 0x656c7474, 0x65682809, 0x632e6f72,
	0x200a0d29, 0x30303820, 0x35464541, 0x30302043,
	0x33303030, 0x2e203444, 0x74786574, 0x61202020,
	0x72657466, 0x74746142, 0x6954656c, 0x2809656d,
	0x6f726568, 0x0d29632e, 0x3820200a, 0x46413030,
	0x20303333, 0x30303030, 0x38333030, 0x65742e20,
	0x20207478, 0x74657320, 0x41796f42, 0x6f4e7463,
	0x65682809, 0x632e6f72, 0x200a0d29, 0x30303820,
	0x36334641, 0x30302038, 0x30303030, 0x2e204330,
	0x74786574, 0x67202020, 0x6f427465, 0x74634179,
	0x65646f4d, 0x65682809, 0x632e6f72, 0x200a0d29,
	0x30303820, 0x37334641, 0x30302034, 0x30303030,
	0x2e203033, 0x74786574, 0x73202020, 0x6f427465,
	0x746f4d79, 0x4e6e6f69, 0x6828096f, 0x2e6f7265,
	0x0a0d2963, 0x30382020, 0x33464130, 0x30203441,
	0x30303030, 0x20434432, 0x7865742e, 0x20202074,
	0x65766f6d, 0x72616843, 0x6c616f47, 0x65682809,
	0x632e6f72, 0x200a0d29, 0x30303820, 0x38364641,
	0x30302030, 0x31303030, 0x2e203031, 0x74786574,
	0x67202020, 0x68437465, 0x63617261, 0x4d726574,
	0x6c65646f, 0x65682809, 0x632e6f72, 0x200a0d29,
	0x30303820, 0x39374641, 0x30302030, 0x31303030,
	0x2e203446, 0x74786574, 0x74202020, 0x436e7275,
	0x61726168, 0x72657463, 0x65682809, 0x632e6f72,
	0x200a0d29, 0x30303820, 0x38394641, 0x30302034,
	0x30303030, 0x2e204334, 0x74786574, 0x74202020,
	0x436e7275, 0x61726168, 0x72657463, 0x6e696f50,
	0x68280974, 0x2e6f7265, 0x0a0d2963, 0x30382020,
	0x39464130, 0x30203044, 0x30303030, 0x20383933,
	0x7865742e, 0x20202074, 0x65766f6d, 0x72616843,
	0x4d746f4e, 0x6f69746f, 0x6828096e, 0x2e6f7265,
	0x0a0d2963, 0x30382020, 0x44464130, 0x30203836,
	0x30303030, 0x20433332, 0x7865742e, 0x20202074,
	0x65766f6d, 0x72616843, 0x73697841, 0x65682809,
	0x632e6f72, 0x200a0d29, 0x30303820, 0x41464641,
	0x30302034, 0x30303030, 0x2e203845, 0x74786574,
	0x67202020, 0x63537465, 0x6e656572, 0x09736f50,
	0x72656828, 0x29632e6f, 0x20200a0d, 0x42303038,
	0x43383030, 0x30303020, 0x36313030, 0x742e2043,
	0x20747865, 0x68632020, 0x546b6365, 0x72616b61,
	0x68280961, 0x2e6f7265, 0x0a0d2963, 0x30382020,
	0x31304230, 0x30203846, 0x30303030, 0x20433031,
	0x7865742e, 0x20202074, 0x6576656c, 0x4270556c,
	0x2809796f, 0x6f726568, 0x0d29632e, 0x3820200a,
	0x30423030, 0x20343033, 0x30303030, 0x43323030,
	0x65742e20, 0x20207478, 0x65686320, 0x6e456b63,
	0x61725464, 0x6e696e69, 0x68280967, 0x2e6f7265,
	0x0a0d2963, 0x30382020, 0x33304230, 0x30203033,
	0x30303030, 0x20433630, 0x7865742e, 0x20202074,
	0x77617264, 0x68636145, 0x7373654d, 0x09656761,
	0x72656828, 0x29632e6f, 0x20200a0d, 0x42303038,
	0x43393330, 0x30303020, 0x32303030, 0x742e2038,
	0x20747865, 0x6e692020, 0x61467469, 0x28096564,
	0x65646166, 0x0d29632e, 0x3820200a, 0x30423030,
	0x20344333, 0x30303030, 0x30413030, 0x65742e20,
	0x20207478, 0x74657320, 0x65646146, 0x0974754f,
	0x64616628, 0x29632e65, 0x20200a0d, 0x42303038,
	0x34363430, 0x30303020, 0x38303030, 0x742e2034,
	0x20747865, 0x61662020, 0x754f6564, 0x66280974,
	0x2e656461, 0x0a0d2963, 0x30382020, 0x34304230,
	0x30203845, 0x30303030, 0x20343830, 0x7865742e,
	0x20202074, 0x46746573, 0x49656461, 0x6628096e,
	0x2e656461, 0x0a0d2963, 0x30382020, 0x35304230,
	0x30204336, 0x30303030, 0x20344630, 0x7865742e,
	0x20202074, 0x65646166, 0x28096e49, 0x65646166,
	0x0d29632e, 0x5520230a, 0x4553554e, 0x20202044,
	0x30303030, 0x72203833, 0x74657365, 0x65646146,
	0x4974754f, 0x6166206e, 0x632e6564, 0x200a0d20,
	0x30303820, 0x36363042, 0x30302030, 0x31303030,
	0x2e203833, 0x74786574, 0x64202020, 0x46776172,
	0x09656461, 0x64616628, 0x29632e65, 0x20200a0d,
	0x42303038, 0x38393730, 0x30303020, 0x37303030,
	0x742e2038, 0x20747865, 0x65732020, 0x69685774,
	0x754f6574, 0x66280974, 0x2e656461, 0x0a0d2963,
	0x30382020, 0x38304230, 0x30203031, 0x30303030,
	0x20383730, 0x7865742e, 0x20202074, 0x57746573,
	0x65746968, 0x28096e49, 0x65646166, 0x0d29632e,
	0x3820200a, 0x30423030, 0x20383838, 0x30303030,
	0x43383130, 0x65742e20, 0x20207478, 0x61724420,
	0x62754377, 0x63280965, 0x2e656275, 0x0a0d2963,
	0x30382020, 0x41304230, 0x30203431, 0x30303030,
	0x20343232, 0x7865742e, 0x20202074, 0x65746544,
	0x6f437463, 0x73696c6c, 0x4d6e6f69, 0x6c65646f,
	0x75632809, 0x632e6562, 0x200a0d29, 0x30303820,
	0x33433042, 0x30302038, 0x31303030, 0x2e204344,
	0x74786574, 0x44202020, 0x63657465, 0x6c6f4374,
	0x6973696c, 0x55436e6f, 0x28094542, 0x65627563,
	0x0d29632e, 0x3820200a, 0x30423030, 0x20343145,
	0x30303030, 0x30423130, 0x65742e20, 0x20207478,
	0x77656e20, 0x4546455f, 0x64280944, 0x67616d61,
	0x29632e65, 0x20200a0d, 0x42303038, 0x34434630,
	0x30303020, 0x34343030, 0x742e2043, 0x20747865,
	0x65732020, 0x46455f74, 0x28094445, 0x616d6164,
	0x632e6567, 0x200a0d29, 0x30303820, 0x31343142,
	0x30302030, 0x33303030, 0x2e203041, 0x74786574,
	0x6d202020, 0x5f65766f, 0x44454645, 0x61642809,
	0x6567616d, 0x0d29632e, 0x3820200a, 0x31423030,
	0x20304237, 0x30303030, 0x34313430, 0x65742e20,
	0x20207478, 0x61726420, 0x46455f77, 0x28094445,
	0x616d6164, 0x632e6567, 0x230a0d29, 0x554e5520,
	0x20444553, 0x30302020, 0x34413030, 0x73657220,
	0x4c417465, 0x46455f4c, 0x64204445, 0x67616d61,
	0x20632e65, 0x20200a0d, 0x42303038, 0x34434231,
	0x30303020, 0x34313030, 0x742e2030, 0x20747865,
	0x65732020, 0x4c455f74, 0x68734345, 0x096b636f,
	0x6d616428, 0x2e656761, 0x0a0d2963, 0x30382020,
	0x44314230, 0x30203430, 0x30303030, 0x20343330,
	0x7865742e, 0x20202074, 0x5f77656e, 0x43454c45,
	0x636f6873, 0x6428096b, 0x67616d61, 0x29632e65,
	0x20200a0d, 0x42303038, 0x38334431, 0x30303020,
	0x32313030, 0x742e2034, 0x20747865, 0x6f6d2020,
	0x455f6576, 0x7343454c, 0x6b636f68, 0x61642809,
	0x6567616d, 0x0d29632e, 0x3820200a, 0x31423030,
	0x20433545, 0x30303030, 0x38333330, 0x65742e20,
	0x20207478, 0x61726420, 0x4c455f77, 0x68734345,
	0x096b636f, 0x6d616428, 0x2e656761, 0x0a0d2963,
	0x30382020, 0x31324230, 0x30203439, 0x30303030,
	0x20343530, 0x7865742e, 0x20202074, 0x65736572,
	0x4c455f74, 0x68734345, 0x096b636f, 0x6d616428,
	0x2e656761, 0x0a0d2963, 0x30382020, 0x31324230,
	0x30203845, 0x30303030, 0x20343330, 0x7865742e,
	0x20202074, 0x5f77656e, 0x54535544, 0x75642809,
	0x632e7473, 0x200a0d29, 0x30303820, 0x31323242,
	0x30302043, 0x30303030, 0x2e203439, 0x74786574,
	0x72202020, 0x74657365, 0x5f4c4c41, 0x54535544,
	0x75642809, 0x632e7473, 0x200a0d29, 0x30303820,
	0x42323242, 0x30302030, 0x30303030, 0x2e203844,
	0x74786574, 0x73202020, 0x445f7465, 0x09545355,
	0x73756428, 0x29632e74, 0x20200a0d, 0x42303038,
	0x38383332, 0x30303020, 0x38303030, 0x742e2030,
	0x20747865, 0x6f6d2020, 0x445f6576, 0x09545355,
	0x73756428, 0x29632e74, 0x20200a0d, 0x42303038,
	0x38303432, 0x30303020, 0x35313030, 0x742e2038,
	0x20747865, 0x72642020, 0x445f7761, 0x09545355,
	0x73756428, 0x29632e74, 0x20200a0d, 0x42303038,
	0x30363532, 0x30303020, 0x31313030, 0x742e2030,
	0x20747865, 0x46452020, 0x5f5f4d45, 0x5a746f52,
	0x28095859, 0x5f455845, 0x2e324353, 0x0a0d2943,
	0x30382020, 0x36324230, 0x30203037, 0x30303030,
	0x20383630, 0x7865742e, 0x20202074, 0x4d454645,
	0x654e5f5f, 0x61685377, 0x09776f64, 0x45584528,
	0x3243535f, 0x0d29432e, 0x5520230a, 0x4553554e,
	0x20202044, 0x30303030, 0x45203836, 0x5f4d4546,
	0x7365525f, 0x68537465, 0x776f6461, 0x45584520,
	0x3243535f, 0x0d20432e, 0x3820200a, 0x32423030,
	0x20384436, 0x30303030, 0x30393330, 0x65742e20,
	0x20207478, 0x45464520, 0x535f5f4d, 0x68537465,
	0x776f6461, 0x58452809, 0x43535f45, 0x29432e32,
	0x20200a0d, 0x42303038, 0x38364132, 0x30303020,
	0x38303030, 0x742e2034, 0x20747865, 0x46452020,
	0x5f5f4d45, 0x65766f4d, 0x64616853, 0x2809776f,
	0x5f455845, 0x2e324353, 0x0a0d2943, 0x30382020,
	0x41324230, 0x30204345, 0x30303030, 0x20303234,
	0x7865742e, 0x20202074, 0x4d454645, 0x72445f5f,
	0x68537761, 0x776f6461, 0x2809305f, 0x5f455845,
	0x2e324353, 0x0a0d2943, 0x30382020, 0x46324230,
	0x30204330, 0x30303030, 0x20433530, 0x7865742e,
	0x20202074, 0x4d454645, 0x68535f5f, 0x776f6461,
	0x7465735f, 0x5958645f, 0x58452809, 0x43535f45,
	0x29432e32, 0x20200a0d, 0x42303038, 0x38364632,
	0x30303020, 0x43303030, 0x742e2030, 0x20747865,
	0x65732020, 0x736f5074, 0x4446455f, 0x58452809,
	0x43535f45, 0x0d29432e, 0x3820200a, 0x33423030,
	0x20383230, 0x30303030, 0x38343030, 0x65742e20,
	0x20207478, 0x77656e20, 0x4546455f, 0x4528094d,
	0x535f4558, 0x29432e43, 0x20200a0d, 0x42303038,
	0x30373033, 0x30303020, 0x35303030, 0x742e2043,
	0x20747865, 0x65672020, 0x736f5074, 0x4446455f,
	0x58452809, 0x43535f45, 0x0d29432e, 0x5520230a,
	0x4553554e, 0x20202044, 0x30303030, 0x70203830,
	0x65736572, 0x52505374, 0x34455449, 0x72707320,
	0x34657469, 0x0d20632e, 0x3820200a, 0x33423030,
	0x20434330, 0x30303030, 0x34443131, 0x65742e20,
	0x20207478, 0x61726420, 0x52505377, 0x34455449,
	0x70732809, 0x65746972, 0x29632e34, 0x20200a0d,
	0x42303038, 0x30413234, 0x30303020, 0x33303030,
	0x742e2030, 0x20747865, 0x74532020, 0x52746553,
	0x09676e69, 0x42494c28, 0x412e4443, 0x62696c2e,
	0x230a0d29, 0x554e5520, 0x20444553, 0x30302020,
	0x30303030, 0x63636720, 0x6f635f32, 0x6c69706d,
	0x202e6465, 0x4342494c, 0x2e412e44, 0x2062696c,
	0x6f726463, 0x206f2e6d, 0x20202020, 0x0d202020,
	0x5520230a, 0x4553554e, 0x20202044, 0x30303030,
	0x5f203030, 0x756e675f, 0x6d6f635f, 0x656c6970,
	0x20635f64, 0x4342494c, 0x2e412e44, 0x2062696c,
	0x6f726463, 0x206f2e6d, 0x20202020, 0x0d202020,
	0x3820200a, 0x34423030, 0x20304432, 0x30303030,
	0x43333030, 0x65742e20, 0x20207478, 0x52644320,
	0x74657365, 0x4c280932, 0x44434249, 0x6c2e412e,
	0x0d296269, 0x3820200a, 0x34423030, 0x20433033,
	0x30303030, 0x38323030, 0x65742e20, 0x20207478,
	0x66656420, 0x7362635f, 0x09636e79, 0x42494c28,
	0x412e4443, 0x62696c2e, 0x200a0d29, 0x30303820,
	0x33333442, 0x30302034, 0x30303030, 0x2e203832,
	0x74786574, 0x64202020, 0x635f6665, 0x61657262,
	0x28097964, 0x4342494c, 0x2e412e44, 0x2962696c,
	0x20200a0d, 0x42303038, 0x43353334, 0x30303020,
	0x33303030, 0x742e2034, 0x20747865, 0x65642020,
	0x62635f66, 0x64616572, 0x494c2809, 0x2e444342,
	0x696c2e41, 0x0a0d2962, 0x30382020, 0x33344230,
	0x30203039, 0x30303030, 0x20303930, 0x7865742e,
	0x20202074, 0x6e496443, 0x28097469, 0x4342494c,
	0x2e412e44, 0x2962696c, 0x20230a0d, 0x53554e55,
	0x20204445, 0x30303020, 0x20303030, 0x32636367,
	0x6d6f635f, 0x656c6970, 0x4c202e64, 0x44434249,
	0x6c2e412e, 0x65206269, 0x746e6576, 0x20206f2e,
	0x20202020, 0x0a0d2020, 0x4e552023, 0x44455355,
	0x30202020, 0x30303030, 0x5f5f2030, 0x5f756e67,
	0x706d6f63, 0x64656c69, 0x4c20635f, 0x44434249,
	0x6c2e412e, 0x65206269, 0x746e6576, 0x20206f2e,
	0x20202020, 0x0a0d2020, 0x30382020, 0x34344230,
	0x30203032, 0x30303030, 0x20303130, 0x7865742e,
	0x20202074, 0x74536443, 0x73757461, 0x494c2809,
	0x2e444342, 0x696c2e41, 0x0a0d2962, 0x4e552023,
	0x44455355, 0x30202020, 0x30303030, 0x63672030,
	0x635f3263, 0x69706d6f, 0x2e64656c, 0x42494c20,
	0x412e4443, 0x62696c2e, 0x73797320, 0x20206f2e,
	0x20202020, 0x20202020, 0x20230a0d, 0x53554e55,
	0x20204445, 0x30303020, 0x20303030, 0x6e675f5f,
	0x6f635f75, 0x6c69706d, 0x635f6465, 0x42494c20,
	0x412e4443, 0x62696c2e, 0x73797320, 0x20206f2e,
	0x20202020, 0x20202020, 0x20200a0d, 0x42303038,
	0x30333434, 0x30303020, 0x31303030, 0x742e2030,
	0x20747865, 0x64432020, 0x65646f4d, 0x494c2809,
	0x2e444342, 0x696c2e41, 0x0a0d2962, 0x4e552023,
	0x44455355, 0x30202020, 0x31303030, 0x64432030,
	0x7473614c, 0x206d6f43, 0x4342494c, 0x2e412e44,
	0x2062696c, 0x2e737973, 0x2020206f, 0x20202020,
	0x0d202020, 0x3820200a, 0x34423030, 0x20303434,
	0x30303030, 0x43303030, 0x65742e20, 0x20207478,
	0x4c644320, 0x50747361, 0x2809736f, 0x4342494c,
	0x2e412e44, 0x2962696c, 0x20200a0d, 0x42303038,
	0x43343434, 0x30303020, 0x36303030, 0x742e2043,
	0x20747865, 0x64432020, 0x65736552, 0x4c280974,
	0x44434249, 0x6c2e412e, 0x0d296269, 0x3820200a,
	0x34423030, 0x20384234, 0x30303030, 0x30323030,
	0x65742e20, 0x20207478, 0x46644320, 0x6873756c,
	0x494c2809, 0x2e444342, 0x696c2e41, 0x0a0d2962,
	0x4e552023, 0x44455355, 0x30202020, 0x31303030,
	0x64432034, 0x44746553, 0x67756265, 0x42494c20,
	0x412e4443, 0x62696c2e, 0x73797320, 0x20206f2e,
	0x20202020, 0x20202020, 0x20200a0d, 0x42303038,
	0x38443434, 0x30303020, 0x33303030, 0x742e2034,
	0x20747865, 0x64432020, 0x736d6f43, 0x28097274,
	0x4342494c, 0x2e412e44, 0x2962696c, 0x20200a0d,
	0x42303038, 0x43303534, 0x30303020, 0x33303030,
	0x742e2034, 0x20747865, 0x64432020, 0x73746e49,
	0x28097274, 0x4342494c, 0x2e412e44, 0x2962696c,
	0x20230a0d, 0x53554e55, 0x20204445, 0x30303020,
	0x20303230, 0x79536443, 0x4c20636e, 0x44434249,
	0x6c2e412e, 0x73206269, 0x6f2e7379, 0x20202020,
	0x20202020, 0x0a0d2020, 0x30382020, 0x35344230,
	0x30203034, 0x30303030, 0x20303230, 0x7865742e,
	0x20202074, 0x65526443, 0x09796461, 0x42494c28,
	0x412e4443, 0x62696c2e, 0x200a0d29, 0x30303820,
	0x36353442, 0x30302030, 0x30303030, 0x2e203431,
	0x74786574, 0x43202020, 0x6e795364, 0x6c614363,
	0x6361626c, 0x4c28096b, 0x44434249, 0x6c2e412e,
	0x0d296269, 0x3820200a, 0x34423030, 0x20343735,
	0x30303030, 0x34313030, 0x65742e20, 0x20207478,
	0x52644320, 0x79646165, 0x6c6c6143, 0x6b636162,
	0x494c2809, 0x2e444342, 0x696c2e41, 0x0a0d2962,
	0x30382020, 0x35344230, 0x30203838, 0x30303030,
	0x20433331, 0x7865742e, 0x20202074, 0x6f436443,
	0x6f72746e, 0x4c28096c, 0x44434249, 0x6c2e412e,
	0x0d296269, 0x3820200a, 0x34423030, 0x20344336,
	0x30303030, 0x34333130, 0x65742e20, 0x20207478,
	0x43644320, 0x72746e6f, 0x09466c6f, 0x42494c28,
	0x412e4443, 0x62696c2e, 0x200a0d29, 0x30303820,
	0x46373442, 0x30302038, 0x31303030, 0x2e204334,
	0x74786574, 0x43202020, 0x6e6f4364, 0x6c6f7274,
	0x4c280942, 0x44434249, 0x6c2e412e, 0x0d296269,
	0x5520230a, 0x4553554e, 0x20202044, 0x30303030,
	0x43203032, 0x78694d64, 0x42494c20, 0x412e4443,
	0x62696c2e, 0x73797320, 0x20206f2e, 0x20202020,
	0x20202020, 0x20200a0d, 0x42303038, 0x34343934,
	0x30303020, 0x32303030, 0x742e2030, 0x20747865,
	0x64432020, 0x53746547, 0x6f746365, 0x4c280972,
	0x44434249, 0x6c2e412e, 0x0d296269, 0x3820200a,
	0x34423030, 0x20343639, 0x30303030, 0x30323030,
	0x65742e20, 0x20207478, 0x47644320, 0x65537465,
	0x726f7463, 0x4c280932, 0x44434249, 0x6c2e412e,
	0x0d296269, 0x3820200a, 0x34423030, 0x20343839,
	0x30303030, 0x34323030, 0x65742e20, 0x20207478,
	0x44644320, 0x43617461, 0x626c6c61, 0x096b6361,
	0x42494c28, 0x412e4443, 0x62696c2e, 0x200a0d29,
	0x30303820, 0x41393442, 0x30302038, 0x30303030,
	0x2e203032, 0x74786574, 0x43202020, 0x74614464,
	0x6e795361, 0x4c280963, 0x44434249, 0x6c2e412e,
	0x0d296269, 0x3820200a, 0x34423030, 0x20384339,
	0x30303030, 0x34303130, 0x65742e20, 0x20207478,
	0x49644320, 0x6f54746e, 0x09736f50, 0x42494c28,
	0x412e4443, 0x62696c2e, 0x200a0d29, 0x30303820,
	0x43413442, 0x30302043, 0x30303030, 0x2e203038,
	0x74786574, 0x43202020, 0x736f5064, 0x6e496f54,
	0x4c280974, 0x44434249, 0x6c2e412e, 0x0d296269,
	0x3820200a, 0x34423030, 0x20433442, 0x30303030,
	0x43353530, 0x65742e20, 0x20207478, 0x74656720,
	0x72746e69, 0x494c2809, 0x2e444342, 0x696c2e41,
	0x0a0d2962, 0x4e552023, 0x44455355, 0x30202020,
	0x30303030, 0x63672030, 0x635f3263, 0x69706d6f,
	0x2e64656c, 0x42494c20, 0x412e4443, 0x62696c2e,
	0x6f696220, 0x206f2e73, 0x20202020, 0x20202020,
	0x20230a0d, 0x53554e55, 0x20204445, 0x30303020,
	0x20303030, 0x6e675f5f, 0x6f635f75, 0x6c69706d,
	0x635f6465, 0x42494c20, 0x412e4443, 0x62696c2e,
	0x6f696220, 0x206f2e73, 0x20202020, 0x20202020,
	0x20200a0d, 0x42303038, 0x38413035, 0x30303020,
	0x44303030, 0x742e2038, 0x20747865, 0x61632020,
	0x61626c6c, 0x28096b63, 0x4342494c, 0x2e412e44,
	0x2962696c, 0x20200a0d, 0x42303038, 0x30383135,
	0x30303020, 0x38323030, 0x742e2030, 0x20747865,
	0x44432020, 0x6e79735f, 0x4c280963, 0x44434249,
	0x6c2e412e, 0x0d296269, 0x3820200a, 0x35423030,
	0x20303034, 0x30303030, 0x38433230, 0x65742e20,
	0x20207478, 0x5f444320, 0x64616572, 0x4c280979,
	0x44434249, 0x6c2e412e, 0x0d296269, 0x3820200a,
	0x35423030, 0x20384336, 0x30303030, 0x43303430,
	0x65742e20, 0x20207478, 0x5f444320, 0x28097763,
	0x4342494c, 0x2e412e44, 0x2962696c, 0x20200a0d,
	0x42303038, 0x34444135, 0x30303020, 0x38303030,
	0x742e2038, 0x20747865, 0x44432020, 0x6c6f765f,
	0x494c2809, 0x2e444342, 0x696c2e41, 0x0a0d2962,
	0x30382020, 0x42354230, 0x30204335, 0x30303030,
	0x20344430, 0x7865742e, 0x20202074, 0x665f4443,
	0x6873756c, 0x494c2809, 0x2e444342, 0x696c2e41,
	0x0a0d2962, 0x30382020, 0x43354230, 0x30203033,
	0x30303030, 0x20304630, 0x7865742e, 0x20202074,
	0x695f4443, 0x7674696e, 0x28096c6f, 0x4342494c,
	0x2e412e44, 0x2962696c, 0x20200a0d, 0x42303038,
	0x30324435, 0x30303020, 0x34303030, 0x742e2043,
	0x20747865, 0x44432020, 0x696e695f, 0x746e6974,
	0x4c280972, 0x44434249, 0x6c2e412e, 0x0d296269,
	0x3820200a, 0x35423030, 0x20433644, 0x30303030,
	0x30453130, 0x65742e20, 0x20207478, 0x5f444320,
	0x74696e69, 0x494c2809, 0x2e444342, 0x696c2e41,
	0x0a0d2962, 0x30382020, 0x46354230, 0x30204334,
	0x30303030, 0x20383631, 0x7865742e, 0x20202074,
	0x645f4443, 0x73617461, 0x09636e79, 0x42494c28,
	0x412e4443, 0x62696c2e, 0x200a0d29, 0x30303820,
	0x42303642, 0x30302034, 0x31303030, 0x2e203030,
	0x74786574, 0x43202020, 0x65675f44, 0x63657374,
	0x09726f74, 0x42494c28, 0x412e4443, 0x62696c2e,
	0x200a0d29, 0x30303820, 0x42313642, 0x30302034,
	0x30303030, 0x2e204345, 0x74786574, 0x43202020,
	0x65675f44, 0x63657374, 0x32726f74, 0x494c2809,
	0x2e444342, 0x696c2e41, 0x0a0d2962, 0x4e552023,
	0x44455355, 0x30202020, 0x30303030, 0x44432043,
	0x7465735f, 0x7365745f, 0x61705f74, 0x756e6d72,
	0x494c206d, 0x2e444342, 0x696c2e41, 0x69622062,
	0x6f2e736f, 0x20202020, 0x20202020, 0x200a0d20,
	0x30303820, 0x41323642, 0x30302030, 0x30303030,
	0x2e203032, 0x74786574, 0x5f202020, 0x09706d63,
	0x42494c28, 0x412e4443, 0x62696c2e, 0x200a0d29,
	0x30303820, 0x43323642, 0x30302030, 0x32303030,
	0x2e203443, 0x74786574, 0x43202020, 0x656e5f44,
	0x64656d77, 0x28096169, 0x4342494c, 0x2e412e44,
	0x2962696c, 0x20200a0d, 0x42303038, 0x34383536,
	0x30303020, 0x41303030, 0x742e2034, 0x20747865,
	0x44432020, 0x6165735f, 0x64686372, 0x28097269,
	0x4342494c, 0x2e412e44, 0x2962696c, 0x20200a0d,
	0x42303038, 0x38323636, 0x30303020, 0x39323030,
	0x742e2043, 0x20747865, 0x44432020, 0x6361635f,
	0x69666568, 0x2809656c, 0x4342494c, 0x2e412e44,
	0x2962696c, 0x20200a0d, 0x42303038, 0x34433836,
	0x30303020, 0x37303030, 0x742e2034, 0x20747865,
	0x64632020, 0x6165725f, 0x4c280964, 0x44434249,
	0x6c2e412e, 0x0d296269, 0x3820200a, 0x36423030,
	0x20383339, 0x30303030, 0x38443230, 0x65742e20,
	0x20207478, 0x53644320, 0x63726165, 0x6c694668,
	0x4c280965, 0x44434249, 0x6c2e412e, 0x0d296269,
	0x5520230a, 0x4553554e, 0x20202044, 0x30303030,
	0x67203030, 0x5f326363, 0x706d6f63, 0x64656c69,
	0x494c202e, 0x2e444342, 0x696c2e41, 0x73692062,
	0x3636396f, 0x206f2e30, 0x20202020, 0x230a0d20,
	0x554e5520, 0x20444553, 0x30302020, 0x30303030,
	0x675f5f20, 0x635f756e, 0x69706d6f, 0x5f64656c,
	0x494c2063, 0x2e444342, 0x696c2e41, 0x73692062,
	0x3636396f, 0x206f2e30, 0x20202020, 0x200a0d20,
	0x30303820, 0x31433642, 0x30302030, 0x32303030,
	0x2e203837, 0x74786574, 0x63202020, 0x65725f62,
	0x28096461, 0x4342494c, 0x2e412e44, 0x2962696c,
	0x20230a0d, 0x53554e55, 0x20204445, 0x30303020,
	0x20303030, 0x32636367, 0x6d6f635f, 0x656c6970,
	0x4c202e64, 0x44434249, 0x6c2e412e, 0x63206269,
	0x61657264, 0x206f2e64, 0x20202020, 0x0a0d2020,
	0x4e552023, 0x44455355, 0x30202020, 0x30303030,
	0x5f5f2030, 0x5f756e67, 0x706d6f63, 0x64656c69,
	0x4c20635f, 0x44434249, 0x6c2e412e, 0x63206269,
	0x61657264, 0x206f2e64, 0x20202020, 0x0a0d2020,
	0x30382020, 0x45364230, 0x30203838, 0x30303030,
	0x20344430, 0x7865742e, 0x20202074, 0x645f6263,
	0x09617461, 0x42494c28, 0x412e4443, 0x62696c2e,
	0x200a0d29, 0x30303820, 0x35463642, 0x30302043,
	0x31303030, 0x2e203845, 0x74786574, 0x63202020,
	0x65725f64, 0x725f6461, 0x79727465, 0x494c2809,
	0x2e444342, 0x696c2e41, 0x0a0d2962, 0x4e552023,
	0x44455355, 0x30202020, 0x38303030, 0x64432043,
	0x64616552, 0x61657242, 0x494c206b, 0x2e444342,
	0x696c2e41, 0x64632062, 0x64616572, 0x20206f2e,
	0x20202020, 0x200a0d20, 0x30303820, 0x34313742,
	0x30302034, 0x31303030, 0x2e203030, 0x74786574,
	0x43202020, 0x61655264, 0x4c280964, 0x44434249,
	0x6c2e412e, 0x0d296269, 0x3820200a, 0x37423030,
	0x20343432, 0x30303030, 0x38433030, 0x65742e20,
	0x20207478, 0x52644320, 0x53646165, 0x09636e79,
	0x42494c28, 0x412e4443, 0x62696c2e, 0x230a0d29,
	0x554e5520, 0x20444553, 0x30302020, 0x34313030,
	0x52644320, 0x43646165, 0x626c6c61, 0x206b6361,
	0x4342494c, 0x2e412e44, 0x2062696c, 0x65726463,
	0x6f2e6461, 0x20202020, 0x0d202020, 0x5520230a,
	0x4553554e, 0x20202044, 0x30303030, 0x43203431,
	0x61655264, 0x646f4d64, 0x494c2065, 0x2e444342,
	0x696c2e41, 0x64632062, 0x64616572, 0x20206f2e,
	0x20202020, 0x200a0d20, 0x30303820, 0x30333742,
	0x30302043, 0x30303030, 0x2e204332, 0x74786574,
	0x53202020, 0x49644374, 0x7265746e, 0x74707572,
	0x4c280932, 0x44434249, 0x6c2e412e, 0x0d296269,
	0x3820200a, 0x37423030, 0x20383333, 0x30303030,
	0x34383030, 0x65742e20, 0x20207478, 0x52644320,
	0x32646165, 0x494c2809, 0x2e444342, 0x696c2e41,
	0x0a0d2962, 0x4e552023, 0x44455355, 0x30202020,
	0x30303030, 0x63672030, 0x635f3263, 0x69706d6f,
	0x2e64656c, 0x42494c20, 0x412e4443, 0x62696c2e,
	0x72646320, 0x32646165, 0x20206f2e, 0x20202020,
	0x20230a0d, 0x53554e55, 0x20204445, 0x30303020,
	0x20303030, 0x6e675f5f, 0x6f635f75, 0x6c69706d,
	0x635f6465, 0x42494c20, 0x412e4443, 0x62696c2e,
	0x72646320, 0x32646165, 0x20206f2e, 0x20202020,
	0x20200a0d, 0x42303038, 0x43423337, 0x30303020,
	0x36303030, 0x742e2030, 0x20747865, 0x74532020,
	0x61656c43, 0x6e695272, 0x4c280967, 0x44434249,
	0x6c2e412e, 0x0d296269, 0x5520230a, 0x4553554e,
	0x20202044, 0x30303030, 0x67203030, 0x5f326363,
	0x706d6f63, 0x64656c69, 0x494c202e, 0x2e444342,
	0x696c2e41, 0x5f632062, 0x2e323030, 0x2020206f,
	0x20202020, 0x230a0d20, 0x554e5520, 0x20444553,
	0x30302020, 0x30303030, 0x675f5f20, 0x635f756e,
	0x69706d6f, 0x5f64656c, 0x494c2063, 0x2e444342,
	0x696c2e41, 0x5f632062, 0x2e323030, 0x2020206f,
	0x20202020, 0x200a0d20, 0x30303820, 0x31343742,
	0x30302043, 0x30303030, 0x2e203038, 0x74786574,
	0x53202020, 0x536e5574, 0x69527465, 0x2809676e,
	0x4342494c, 0x2e412e44, 0x2962696c, 0x20230a0d,
	0x53554e55, 0x20204445, 0x30303020, 0x20303030,
	0x32636367, 0x6d6f635f, 0x656c6970, 0x4c202e64,
	0x44434249, 0x6c2e412e, 0x63206269, 0x3330305f,
	0x20206f2e, 0x20202020, 0x0a0d2020, 0x4e552023,
	0x44455355, 0x30202020, 0x30303030, 0x5f5f2030,
	0x5f756e67, 0x706d6f63, 0x64656c69, 0x4c20635f,
	0x44434249, 0x6c2e412e, 0x63206269, 0x3330305f,
	0x20206f2e, 0x20202020, 0x0a0d2020, 0x30382020,
	0x34374230, 0x30204339, 0x30303030, 0x20433830,
	0x7865742e, 0x20202074, 0x61746164, 0x6165725f,
	0x635f7964, 0x626c6c61, 0x096b6361, 0x42494c28,
	0x412e4443, 0x62696c2e, 0x230a0d29, 0x554e5520,
	0x20444553, 0x30302020, 0x30303030, 0x63636720,
	0x6f635f32, 0x6c69706d, 0x202e6465, 0x4342494c,
	0x2e412e44, 0x2062696c, 0x30305f63, 0x206f2e34,
	0x20202020, 0x0d202020, 0x5520230a, 0x4553554e,
	0x20202044, 0x30303030, 0x5f203030, 0x756e675f,
	0x6d6f635f, 0x656c6970, 0x20635f64, 0x4342494c,
	0x2e412e44, 0x2062696c, 0x30305f63, 0x206f2e34,
	0x20202020, 0x0d202020, 0x3820200a, 0x37423030,
	0x20383235, 0x30303030, 0x34363030, 0x65742e20,
	0x20207478, 0x47745320, 0x61427465, 0x6f6c6b63,
	0x4c280963, 0x44434249, 0x6c2e412e, 0x0d296269,
	0x3820200a, 0x37423030, 0x20433835, 0x30303030,
	0x30393030, 0x65742e20, 0x20207478, 0x53745320,
	0x74537465, 0x6d616572, 0x494c2809, 0x2e444342,
	0x696c2e41, 0x0a0d2962, 0x4e552023, 0x44455355,
	0x30202020, 0x30303030, 0x63672030, 0x635f3263,
	0x69706d6f, 0x2e64656c, 0x42494c20, 0x412e4443,
	0x62696c2e, 0x305f6320, 0x6f2e3530, 0x20202020,
	0x20202020, 0x20230a0d, 0x53554e55, 0x20204445,
	0x30303020, 0x20303030, 0x6e675f5f, 0x6f635f75,
	0x6c69706d, 0x635f6465, 0x42494c20, 0x412e4443,
	0x62696c2e, 0x305f6320, 0x6f2e3530, 0x20202020,
	0x20202020, 0x20200a0d, 0x42303038, 0x43313637,
	0x30303020, 0x42303030, 0x742e2030, 0x20747865,
	0x74532020, 0x65657246, 0x676e6952, 0x494c2809,
	0x2e444342, 0x696c2e41, 0x0a0d2962, 0x4e552023,
	0x44455355, 0x30202020, 0x30303030, 0x63672030,
	0x635f3263, 0x69706d6f, 0x2e64656c, 0x42494c20,
	0x412e4443, 0x62696c2e, 0x305f6320, 0x6f2e3730,
	0x20202020, 0x20202020, 0x20230a0d, 0x53554e55,
	0x20204445, 0x30303020, 0x20303030, 0x6e675f5f,
	0x6f635f75, 0x6c69706d, 0x635f6465, 0x42494c20,
	0x412e4443, 0x62696c2e, 0x305f6320, 0x6f2e3730,
	0x20202020, 0x20202020, 0x20200a0d, 0x42303038,
	0x43433637, 0x30303020, 0x34303030, 0x742e2030,
	0x20747865, 0x6e692020, 0x725f7469, 0x5f676e69,
	0x74617473, 0x28097375, 0x4342494c, 0x2e412e44,
	0x2962696c, 0x20230a0d, 0x53554e55, 0x20204445,
	0x30303020, 0x20303030, 0x32636367, 0x6d6f635f,
	0x656c6970, 0x4c202e64, 0x44434249, 0x6c2e412e,
	0x63206269, 0x3830305f, 0x20206f2e, 0x20202020,
	0x0a0d2020, 0x4e552023, 0x44455355, 0x30202020,
	0x30303030, 0x5f5f2030, 0x5f756e67, 0x706d6f63,
	0x64656c69, 0x4c20635f, 0x44434249, 0x6c2e412e,
	0x63206269, 0x3830305f, 0x20206f2e, 0x20202020,
	0x0a0d2020, 0x30382020, 0x37374230, 0x30204330,
	0x30303030, 0x20304330, 0x7865742e, 0x20202074,
	0x65477453, 0x78654e74, 0x4c280974, 0x44434249,
	0x6c2e412e, 0x0d296269, 0x5520230a, 0x4553554e,
	0x20202044, 0x30303030, 0x67203030, 0x5f326363,
	0x706d6f63, 0x64656c69, 0x494c202e, 0x2e444342,
	0x696c2e41, 0x5f632062, 0x2e393030, 0x2020206f,
	0x20202020, 0x230a0d20, 0x554e5520, 0x20444553,
	0x30302020, 0x30303030, 0x675f5f20, 0x635f756e,
	0x69706d6f, 0x5f64656c, 0x494c2063, 0x2e444342,
	0x696c2e41, 0x5f632062, 0x2e393030, 0x2020206f,
	0x20202020, 0x200a0d20, 0x30303820, 0x43373742,
	0x30302043, 0x30303030, 0x2e203032, 0x74786574,
	0x53202020, 0x74655374, 0x6b73614d, 0x494c2809,
	0x2e444342, 0x696c2e41, 0x0a0d2962, 0x4e552023,
	0x44455355, 0x30202020, 0x30303030, 0x63672030,
	0x635f3263, 0x69706d6f, 0x2e64656c, 0x42494c20,
	0x412e4443, 0x62696c2e, 0x305f6320, 0x6f2e3031,
	0x20202020, 0x20202020, 0x20230a0d, 0x53554e55,
	0x20204445, 0x30303020, 0x20303030, 0x6e675f5f,
	0x6f635f75, 0x6c69706d, 0x635f6465, 0x42494c20,
	0x412e4443, 0x62696c2e, 0x305f6320, 0x6f2e3031,
	0x20202020, 0x20202020, 0x20200a0d, 0x42303038,
	0x43453737, 0x30303020, 0x32303030, 0x742e2043,
	0x20747865, 0x656d2020, 0x656d326d, 0x4c28096d,
	0x44434249, 0x6c2e412e, 0x0d296269, 0x3820200a,
	0x37423030, 0x20383138, 0x30303030, 0x38413130,
	0x65742e20, 0x20207478, 0x616d6420, 0x6578655f,
	0x65747563, 0x494c2809, 0x2e444342, 0x696c2e41,
	0x0a0d2962, 0x30382020, 0x39374230, 0x30203043,
	0x30303030, 0x20433139, 0x7865742e, 0x20202074,
	0x64437453, 0x65746e49, 0x70757272, 0x4c280974,
	0x44434249, 0x6c2e412e, 0x0d296269, 0x5520230a,
	0x4553554e, 0x20202044, 0x30303030, 0x67203030,
	0x5f326363, 0x706d6f63, 0x64656c69, 0x494c202e,
	0x2e444342, 0x696c2e41, 0x5f632062, 0x2e313130,
	0x2020206f, 0x20202020, 0x230a0d20, 0x554e5520,
	0x20444553, 0x30302020, 0x30303030, 0x675f5f20,
	0x635f756e, 0x69706d6f, 0x5f64656c, 0x494c2063,
	0x2e444342, 0x696c2e41, 0x5f632062, 0x2e313130,
	0x2020206f, 0x20202020, 0x200a0d20, 0x30303820,
	0x44323842, 0x30302043, 0x30303030, 0x2e203442,
	0x74786574, 0x69202020, 0x4d74696e, 0x416b7361,
	0x446d696e, 0x09617461, 0x73616d28, 0x696e616b,
	0x29632e6d, 0x20200a0d, 0x42303038, 0x30393338,
	0x30303020, 0x34343030, 0x742e2030, 0x20747865,
	0x65732020, 0x73614d74, 0x696e416b, 0x6d28096d,
	0x616b7361, 0x2e6d696e, 0x0a0d2963, 0x30382020,
	0x37384230, 0x30203044, 0x30303030, 0x20343830,
	0x7865742e, 0x20202074, 0x64616f6c, 0x6b73614d,
	0x09363532, 0x73616d28, 0x696e616b, 0x29632e6d,
	0x20200a0d, 0x42303038, 0x34353838, 0x30303020,
	0x45303030, 0x742e2030, 0x20747865, 0x6f6c2020,
	0x614d6461, 0x36316b73, 0x616d2809, 0x6e616b73,
	0x632e6d69, 0x200a0d29, 0x30303820, 0x33393842,
	0x30302034, 0x32303030, 0x2e204332, 0x74786574,
	0x67202020, 0x614d7465, 0x6e416b73, 0x744f6d69,
	0x6d28097a, 0x616b7361, 0x2e6d696e, 0x0a0d2963,
	0x30382020, 0x42384230, 0x30203036, 0x30303030,
	0x20303734, 0x7865742e, 0x20202074, 0x77617264,
	0x6b73614d, 0x6d696e41, 0x616d2809, 0x6e616b73,
	0x632e6d69, 0x200a0d29, 0x30303820, 0x44463842,
	0x30302030, 0x37303030, 0x2e204339, 0x74786574,
	0x64202020, 0x46776172, 0x2809676f, 0x6b73616d,
	0x6d696e61, 0x0d29632e, 0x3820200a, 0x39423030,
	0x20433637, 0x30303030, 0x34453330, 0x65742e20,
};

GsOT KAR_D_800638CC[2] = {
	{ 0x20207478, (GsOT_TAG *)0x74657320, 0x776f6e53, 0x6b73614d, (GsOT_TAG *)0x616d2809 },
	{
		0x6e616b73,
		(GsOT_TAG *)0x632e6d69,
		0x200a0d29,
		0x30303820,
		(GsOT_TAG *)0x35423942,
	},
};

GsOT_TAG KAR_D_800637CC[32] = {
	{ 0x302030, 0x30 },
	{ 0x303030, 0x33 },
	{ 0x203037, 0x2e },
	{ 0x786574, 0x74 },
	{ 0x202020, 0x73 },
	{ 0x4e7465, 0x6f },
	{ 0x616d72, 0x6c },
	{ 0x73614d, 0x6b },
	{ 0x6d2809, 0x61 },
	{ 0x616b73, 0x6e },
	{ 0x2e6d69, 0x63 },
	{ 0x0a0d29, 0x20 },
	{ 0x303820, 0x30 },
	{ 0x453942, 0x43 },
	{ 0x302030, 0x30 },
	{ 0x303030, 0x30 },
	{ 0x204343, 0x2e },
	{ 0x786574, 0x74 },
	{ 0x202020, 0x73 },
	{ 0x4c7465, 0x65 },
	{ 0x096661, 0x28 },
	{ 0x73616d, 0x6b },
	{ 0x696e61, 0x6d },
	{ 0x29632e, 0x0d },
	{ 0x20200a, 0x38 },
	{ 0x423030, 0x39 },
	{ 0x433846, 0x20 },
	{ 0x303030, 0x30 },
	{ 0x423030, 0x43 },
	{ 0x742e20, 0x65 },
	{ 0x207478, 0x20 },
	{ 0x617320, 0x76 },
};

GsOT_TAG KAR_D_8006384C[32] = {
	{ 0x614d65, 0x73 },
	{ 0x6f506b, 0x73 },
	{ 0x6d2809, 0x61 },
	{ 0x616b73, 0x6e },
	{ 0x2e6d69, 0x63 },
	{ 0x0a0d29, 0x20 },
	{ 0x303820, 0x30 },
	{ 0x304142, 0x34 },
	{ 0x302038, 0x30 },
	{ 0x303030, 0x31 },
	{ 0x203839, 0x2e },
	{ 0x786574, 0x74 },
	{ 0x202020, 0x64 },
	{ 0x776172, 0x4c },
	{ 0x666165, 0x09 },
	{ 0x616d28, 0x73 },
	{ 0x6e616b, 0x69 },
	{ 0x632e6d, 0x29 },
	{ 0x200a0d, 0x20 },
	{ 0x303038, 0x42 },
	{ 0x453141, 0x30 },
	{ 0x303020, 0x30 },
	{ 0x303030, 0x45 },
	{ 0x2e2038, 0x74 },
	{ 0x747865, 0x20 },
	{ 0x732020, 0x65 },
	{ 0x614d74, 0x73 },
	{ 0x6f506b, 0x73 },
	{ 0x6d2809, 0x61 },
	{ 0x616b73, 0x6e },
	{ 0x2e6d69, 0x63 },
	{ 0x0a0d29, 0x20 },
};

VECTOR KAR_D_800638F4 = { 0x30303820, 0x43324142, 0x30302038, 0x31303030 };

VECTOR KAR_D_80063904 = { 0x2e204344, 0x74786574, 0x6d202020, 0x4d65766f };

KarStoneRaw KAR_D_80063914 = {
	{
		0x096b7361, 0x73616d28, 0x696e616b, 0x29632e6d,
		0x20200a0d, 0x42303038, 0x34413441, 0x30303020,
		0x46333030, 0x742e2034, 0x20747865, 0x6f6d2020,
		0x614d6576, 0x76456b73, 0x09746e65, 0x73616d28,
		0x696e616b, 0x29632e6d, 0x20200a0d, 0x42303038,
		0x38393841, 0x30303020, 0x42303030, 0x742e2034,
		0x20747865, 0x68632020, 0x65676e61, 0x6b73614d,
		0x09736f50, 0x73616d28, 0x696e616b, 0x29632e6d,
		0x20200a0d, 0x42303038, 0x43343941, 0x30303020,
		0x37303030, 0x742e2034, 0x20747865, 0x65732020,
		0x73614d74, 0x616c466b, 0x6d280967,
	},
};

KarStone *KAR_D_800639C0[10] = {
	(KarStone *)0x616b7361,
	(KarStone *)0x2e6d696e,
	(KarStone *)0x0a0d2963,
	(KarStone *)0x30382020,
	(KarStone *)0x39414230,
	(KarStone *)0x30203043,
	(KarStone *)0x30303030,
	(KarStone *)0x20304430,
	(KarStone *)0x7865742e,
	(KarStone *)0x20202074,
};
// clang-format on
