#include <sys/types.h>

#include <dw/doo2.h>

// clang-format off
Doo2ShardSet DOO2_SHARD_SETS[6] = {
	{ 0, 0, 0, 0, 0, 0, { 0, 0 } },
	{ 0, 0, 0, 0, 0, 0, { 0, 0 } },
	{ 0, 0, 0, 0, 0, 0, { 0, 0 } },
	{ 0, 0, 0, 0, 0, 0, { 0, 0 } },
	{ 0, 0, 0, 0, 0, 0, { 0, 0 } },
	{ 0x1bcb, 0xcd18, 0xa1a0552b, 0x2bbd71a9, 0x9c9a21cd, 0x5552, { 0xe1, 0x39 } },
};

u_long DOO2_D_80071B5C[33] = {
	0x394291a1, 0xa551fe92, 0x75c86a53, 0xa16318b4,
	0x724f1275, 0x94256a55, 0x90da32f7, 0xf9ac536a,
	0x46e8ca93, 0x03555542, 0x32c33b16, 0x2cbd54ad,
	0xed2f2555, 0xe64ef6ad, 0x004edd46, 0xca923272,
	0x50d14399, 0xccef9500, 0x4054f596, 0x8b22223e,
	0xbcc072ad, 0xf7789539, 0xf796c3c6, 0x8b313591,
	0xef1549bc, 0x552f181e, 0xb00da4a5, 0xbdac1e1e,
	0xe8721b9c, 0x602b1e53, 0x8e71df80, 0xe7e73c62,
	0xb0f5e2e2,
};

u_long DOO2_D_80071BE0[193] = {
	0xe74ccda1, 0xa4127232, 0x9b713293, 0x3c99440d,
	0x399bccf0, 0x25636e93, 0x4a7251ef, 0xbf0d51cd,
	0xa082feca, 0xcc8650a8, 0x53effaa0, 0xfaacfbcc,
	0x6c16ad0b, 0x95cce796, 0x90147754, 0x3e50b5ad,
	0xbc950392, 0x49f799b5, 0x407581a0, 0x95d5e714,
	0x53445b29, 0xfbf5fc9d, 0xca15c33e, 0x78cc409a,
	0x7ca9b0b4, 0xcdb0a5bd, 0xd93ec832, 0x72a19e20,
	0x0e6e0ef5, 0xcd6021d9, 0xe26c1e3c, 0x482c68cc,
	0xb01ebcdf, 0x09a0c8cb, 0x0ddf9f9f, 0xedbc121e,
	0x9f993c63, 0x347c6de7, 0x929568a1, 0x5046df68,
	0x7687a1e1, 0x95997231, 0xc8e75395, 0x868186fa,
	0xdaccf6e7, 0xd7a05353, 0x1d1d43ec, 0x00e800e8,
	0xca95cae1, 0xb523a86d, 0x922be92b, 0x3cd11e21,
	0x87d1f944, 0xbc7293ac, 0x5a299ac0, 0xb58d933c,
	0xa9c269a4, 0x21f8b69c, 0x2076f371, 0x1eed9720,
	0x978e9c6c, 0xc021edcd, 0x95b4dfc0, 0x18fe5195,
	0xb44c3518, 0x094fd176, 0xc6912249, 0x1b32d935,
	0xc892bfa1, 0x9c4f4c22, 0x31a55252, 0xe7bfd554,
	0x921e6a8b, 0xfbc3c639, 0x3ca51b03, 0x3ee79fef,
	0xe109e723, 0x22593c68, 0x4a1d15ad, 0x8692d74e,
	0xc0e7dafb, 0x1616dd9d, 0x86b01f35, 0x1e35874c,
	0x2d43e391, 0xe290dd77, 0xe23e5925, 0xb529ddbf,
	0xed0fcdcb, 0x6e3c6351, 0xcd0df36a, 0x32a5b760,
	0x9eae5540, 0x3cccdaa5, 0xc0dfdfa1, 0xee76ac44,
	0xb44ffbe2, 0x87eef886, 0x428686f5, 0xa5321fa1,
	0x44876ac0, 0x9eb4e375, 0xa86abdc2, 0xe191f5bc,
	0x48b854f7, 0x81fae151, 0x779678fe, 0x288b5991,
	0x11fbd754, 0x6c3e3ceb, 0x434f23ad, 0xa0409296,
	0xcbfaf711, 0x5b90934c, 0xfcbdb642, 0x3eec5df3,
	0xf7930ee2, 0x90b57253, 0x15f91692, 0x99909250,
	0xa160cb4c, 0xcc6c3c18, 0xb4b0f392, 0x0ded480f,
	0xac6a3e39, 0xcc3ca5c0, 0x21866ce2, 0x0f4f75f5,
	0x9322a032, 0x48ae5a72, 0xc8f7eb25, 0x518efd6e,
	0x46155b39, 0xb14c39ad, 0x59fbcbbd, 0xeb9cfaa8,
	0x55481112, 0xe1da2895, 0x9d4f3129, 0xf68d16d5,
	0x620dc6b5, 0xf7fe2c2f, 0x8b03f7f7, 0x901514d5,
	0xb0a822bf, 0xb5861ed6, 0x95fe5aad, 0xcce29a76,
	0x59c69c2a, 0x298d9551, 0x43432209, 0x9a6aa43b,
	0xfd556ea5, 0x533c9e8e, 0x2035281e, 0xccf0b1b6,
	0x5d1e1e62, 0xc0a4dffa, 0xf968fe8e, 0xb10e11f9,
	0x9718a4ac, 0x8eed9c48, 0x7ec0bc9a, 0x624820b1,
	0xa1a809a1, 0xa05da000, 0xd7c39086, 0x168b14dd,
	0xf84cf323, 0x776915a0, 0x1e875046, 0x5b3b46c8,
	0x60054c50, 0x99e4a43e, 0x311d9678, 0x4e1dfa8b,
	0xcca01144, 0x40c8396c, 0xf59d2e22, 0xca5b3529,
	0xbff535aa, 0x5bad8b5b, 0x40234909, 0x6c2dc30b,
	0x630f9b53, 0xcccd6efe, 0xa5535d0d, 0x0e180f20,
	0x75b4acdf, 0x62975de2, 0xe868828e, 0x71f7fb6a,
	0x6991f51b,
};

u_long DOO2_D_80071EE4[9730] = {
	0x1b68fb25, 0x7e6cccfb, 0x62b6aebd, 0x444e0bb4,
	0x3ef516d5, 0x93c891c3, 0x111486c3, 0x0d6ed16e,
	0x96b0934e, 0x95e32d16, 0xb5ad2e9d, 0x1fb3ef0b,
	0x23e3a4b0, 0x0b1de3fc, 0x00bf5931, 0x15fa0b6c,
	0x919d8b00, 0x6a21f9f6, 0x8131538b, 0xfa599d6e,
	0x59a8b559, 0x23991d50, 0xc03e96e6, 0x32608144,
	0x9b39a4ee, 0xa592625d, 0x6a110ffd, 0xf59ffab4,
	0x530dac32, 0x51ae62b0, 0x0e1ba1cc, 0x6886a172,
	0xe1783181, 0x725172ac, 0x77cd9462, 0xf5bf9dcc,
	0xfbe772d7, 0x1ed1d700, 0xca444f79, 0x00449225,
	0x8d915140, 0x728122d5, 0xa0f92ebf, 0xe9ee9122,
	0xe323849d, 0x4e43d576, 0x3e1dda40, 0x2e12fce6,
	0x3e778b5b, 0xe7f346d7, 0xefa0e181, 0xb5447ef8,
	0x78597253, 0x404e2921, 0x9f969b21, 0xac75acd9,
	0xa57177c8, 0x775dcd62, 0x6a9bf8bd, 0x533eccda,
	0x53519644, 0xdaca8e53, 0x1e9cac72, 0x82322c53,
	0xed9b72e7, 0xf8602fb6, 0xc0c8daa4, 0x142e1d54,
	0x90f7ca82, 0xa544508b, 0x9b68ed77, 0xbf0090ca,
	0x16e11be2, 0xdd9ca05b, 0x4f9fe3bf, 0x12874e46,
	0x14502e76, 0x8d1dd11e, 0x181dddf6, 0x09499912,
	0xbc727296, 0x443e1609, 0x40adbcf9, 0xf33b0368,
	0xca44a01b, 0xa8a031eb, 0x442d3c81, 0xfb62cdcd,
	0xe9a532c0, 0x71edd9bd, 0x32cdf0b4, 0x71bd3cac,
	0xac51dfdd, 0x53ef55f8, 0x329ffbcc, 0x2ce25155,
	0x522f1eb4, 0x0d97fded, 0x50e3d52e, 0x28a81440,
	0x40a0e7ef, 0x5af995ad, 0x3c444f71, 0x814081ef,
	0x8b2151e1, 0xe8323e49, 0x9f16c316, 0x031481f5,
	0x5a25f991, 0xbc96ef87, 0x3c2ef5ca, 0xe7482af0,
	0xcf1e0368, 0x22bf1871, 0xd1bf0dbf, 0x75f34c12,
	0x9bccf525, 0x4a592a44, 0xa4f3dd39, 0x44c2fd20,
	0x53513e4c, 0x6ea4ed69, 0xac11183c, 0x6cf5c0a5,
	0x9cf0dfac, 0xa106aab1, 0x593ce7e7, 0xb4a11b90,
	0x9e6e8718, 0x1ee981a5, 0x16a89940, 0xda232e8d,
	0x81e7f550, 0x1e0d5031, 0xf8d7461e, 0x42c7e777,
	0x0db47154, 0x29401ea0, 0xad49e7e7, 0xe2dc91fc,
	0x8282c0ac, 0x8b42dd4e, 0x094f5a72, 0x0d2ac9eb,
	0x4c0dccc3, 0x0d602bd6, 0xf35440b5, 0xfbfbc74f,
	0xda92756a, 0xe3bfda71, 0xc3432dc8, 0x1ed6f039,
	0x9b210dee, 0xb41fc0f7, 0xeba418a4, 0x7571623c,
	0xaaae25ef, 0x08a97ad6, 0xa4a11ba1, 0xb43e5ba0,
	0xa1511818, 0x3e3ebc0d, 0x92964015, 0x03d7f9c6,
	0x00f71e12, 0x7e4f9090, 0x0e0009f9, 0x16fca89f,
	0x0eee4cdd, 0xcc9fc691, 0x4ab5295d, 0x7593c021,
	0xad2d820e, 0x55e1ca09, 0xadf62155, 0xdabd6ac0,
	0xa4127681, 0x2d631f6e, 0xdd358196, 0xe2e77839,
	0xef96bf75, 0x8414f691, 0xd73b15bf, 0x1eaccd0d,
	0xb4f3b4d1, 0x71a4c876, 0xb00e1871, 0x53f0b6bd,
	0xb6772132, 0x77b6e9ba, 0x5d6c1b1e, 0xb193f353,
	0x4cb49cd9, 0xac3e1e6e, 0x1bdfe7a1, 0xc30393ca,
	0xd790d19d, 0x77154059, 0x4c5b461f, 0x72864e87,
	0x9bd350a8, 0x2a9791e2, 0x879f210d, 0x7691b778,
	0xfa997512, 0xefd3acc0, 0x22e39031, 0x12314e40,
	0x4c434ff3, 0x2569ee77, 0x4cb49321, 0x5d7e759d,
	0xd54e4eef, 0x16e60bbf, 0x242e2314, 0xf0edf81e,
	0xd1b46e1e, 0xe1fec69d, 0x1232625d, 0x353cfe21,
	0xfd9b6af5, 0x0dd99b0f, 0x9c3969c8, 0x5a3c35b0,
	0xfd113cd9, 0x7ee2b4e9, 0xe2f72548, 0x4c9f15c7,
	0x72255342, 0x1e15fc93, 0x8772dd77, 0x9a824681,
	0x1b9243d7, 0xeb21c077, 0x44bc9586, 0x9dbcca93,
	0xddbf166d, 0x3c9b3242, 0x2929fc50, 0x46464aa8,
	0x1ee41431, 0xc33e91ef, 0xf3b0b4f3, 0x09fb3593,
	0xb0ec9144, 0x96091575, 0xe323c343, 0xf0cb2b9d,
	0x186e4c77, 0xf07ee192, 0xfa1bbd9c, 0x3e86a187,
	0x626859c6, 0x3cb00dc0, 0xbdac602d, 0xb44f111b,
	0xae8ec018, 0x9cfe59eb, 0xdf32c0e2, 0xd1c0d171,
	0xc89e689f, 0x93d43be3, 0x9d446cbc, 0x39f531f9,
	0x25141640, 0xbf21eb97, 0x03429fc3, 0xd3932e78,
	0xbce65087, 0x8e784014, 0x2816b59a, 0x3b221da8,
	0x50d193a8, 0x0e75319a, 0x42e94cdf, 0x2278dd6d,
	0x71821e35, 0x9f505b44, 0x87810bd5, 0x4c6ea418,
	0x32d1a46e, 0xf048c049, 0x9b557e9c, 0x5d995193,
	0x20bd8e9b, 0x7e539ffe, 0xe1676ec8, 0xb4daf5a1,
	0x9ce2e135, 0x3239e178, 0x0dc89132, 0x874f6d71,
	0x87a4da9a, 0x8187156d, 0x4ae6148b, 0xe8924990,
	0x920b2d92, 0x3e592568, 0x713cf3c8, 0x80d1e342,
	0xf84ad787, 0xb592b509, 0x9949f6ad, 0x4f430914,
	0x43844600, 0xc3a80b22, 0x44b0f877, 0x4e54fb93,
	0xb49aeff3, 0x115bfc5b, 0x235022bf, 0x77f0b6eb,
	0xfe9c1e18, 0xb4eecd35, 0x32ed9b32, 0x9b165396,
	0xb1f02cd9, 0xa051e232, 0xbcb14c76, 0x1e426aac,
	0xe7552c53, 0x5d009afe, 0xd1e49dfb, 0x7593f393,
	0x78729f46, 0xa8868242, 0x16b55b0b, 0xbc958b8b,
	0xd750a84f, 0xd575936c, 0xc30b1ee6, 0xf34f50c6,
	0x4e91164e, 0x1ec33bfc, 0x22501db5, 0x034091f6,
	0x402e0b2e, 0x03221da8, 0x787e0e95, 0xf59fddf9,
	0x353c6a77, 0xcafc9215, 0x31f6e2e8, 0x53251f2f,
	0x77ed3ea1, 0x9fc81eb4, 0xccf754e8, 0xa46c0d9c,
	0x60b663a4, 0xee1e7544, 0x5360772b, 0x71dfacda,
	0x3ea552ae, 0xc0e8df32, 0x076dd182, 0xddd791e6,
	0xca008d93, 0x15867872, 0x284049b5, 0xade8f5a0,
	0x23bf4f4f, 0xd5a8f6e3, 0xd709e3f6, 0x7586f614,
	0x5b90fc00, 0x92163be3, 0xe6a8141d, 0x2229a831,
	0x4ae34e2e, 0x811640a8, 0xbc0da1f8, 0x32bc3e93,
	0x86825a43, 0xbd092cc0, 0x16d7b5f7, 0xf0edfdcd,
	0x63ed9595, 0xc344c8ee, 0x9ee76c9a, 0x0de7c852,
	0xe9c887ee, 0x3ea4871e, 0x11b72b92, 0xa1a19c77,
	0x4c9b2021, 0x7575b03c, 0xd4079d92, 0xdf35d53e,
	0x6ac0bfd7, 0x933e906c, 0xb5f7992d, 0x81df424f,
	0xf64a9d40, 0xf6e307e3, 0x9f818116, 0x54092edf,
	0xa80b152d, 0xcad72e23, 0x912ef68b, 0x5b50c6f6,
	0x961d091d, 0xd78df691, 0x2d908df5, 0x77759642,
	0x918eca53, 0x1e425a59, 0x28a81622, 0x9bf032b4,
	0xa5a55de9, 0x18183512, 0x0f8ee1ac, 0xc8964f77,
	0xd987f39d, 0x42963e9d, 0x1852a969, 0xfbef6348,
	0xc05d4c6e, 0x969df8ac, 0x40764691, 0xbc818100,
	0xdf3cc8e3, 0x4f31e259, 0x91c6efe7, 0x6c789a75,
	0xe33be6d5, 0x923b4ae6, 0x2a557203, 0x5b3e500d,
	0x0b1d31a8, 0xef4fe3e9, 0x79f509bc, 0x3edd035d,
	0x7893814f, 0xd5149346, 0x50225035, 0x6a91d7fb,
	0x9172e79b, 0xa57e8203, 0x0340e79f, 0xb618bc86,
	0x7739ac77, 0x1f77f0c0, 0x601f62d9, 0xa4b418b0,
	0xd11ed16e, 0x007e1854, 0x35ed4cee, 0x81fb180e,
	0x09ac5a92, 0xc34a186a, 0xe92d1435, 0x8221acac,
	0x539d35d4, 0xbcfb5bfb, 0xd5e7c391, 0x4954b516,
	0x1d4ed709, 0x4486a46a, 0x25685525, 0x5b4046c8,
	0x0b50a896, 0x14e38700, 0x77359aad, 0x8b95cc77,
	0x86f5bfd7, 0xc687f9c6, 0x2e2e0918, 0x5043f691,
	0xd58d9032, 0xa18dbc87, 0xca2ae775, 0xacbf3c3e,
	0x3cfe4f3c, 0x0ec2e10d, 0xc0633c0d, 0x4c9d4c18,
	0x211eedee, 0x87189254, 0x5dd92bb4, 0xbfcc964c,
	0x75d7fbfb, 0x099f9386, 0x8b78e814, 0xec9be7d5,
	0xfb54c612, 0x07bc9a50, 0x7809f587, 0x3128ad8d,
	0x49501d4e, 0xca53b803, 0x1423a887, 0x8d223b46,
	0x4a449159, 0x313129e1, 0xe9489049, 0xfc23591e,
	0x154e81fa, 0xc7467612, 0xbfd175cd, 0x091d1d29,
	0x15493159, 0xe740d592, 0xf3555b0b, 0x54629575,
	0x9db4bcad, 0x80609b4c, 0x9d35751e, 0xf8f8f393,
	0xec81f8b0, 0x0d6ae8c3, 0xf6d40793, 0xfa4f8da8,
	0x5bd19b21, 0xc0321e44, 0xd5444f99, 0xfcf3c623,
	0x111ed53e, 0x91c39fca, 0x5b6a1ed7, 0x9f9a0b8b,
	0xfc994950, 0xcfe8bc22, 0x225308a9, 0x1d232e43,
	0x1b6ad528, 0xe790008b, 0x8d8190f7, 0x3c726cac,
	0xfc8d46fc, 0x42c07677, 0x4a3b9d28, 0x1d0b9a43,
	0xfb408b49, 0x1b2f482a, 0x76509042, 0xbd5de11b,
	0xa4b4629b, 0xed6811a1, 0x213e4418, 0xc8e8441e,
	0x6db522cd, 0xa44ca4d5, 0x2ec8cd21, 0x44bf7787,
	0xf50ef5bf, 0x929bb493, 0x3e3e91bc, 0x87f5f3e6,
	0xbcc675bf, 0xa0e854fc, 0x091412a1, 0xbc8d2909,
	0x90504693, 0x9929bfb5, 0xfa289015, 0x950bc609,
	0x1be82df7, 0x28ef50fc, 0x5b81a054, 0xefe72915,
	0x29922286, 0x443e2212, 0x2395f64f, 0x18c68bdd,
	0x8b59ddf3, 0xe1f7cafe, 0x51e839e8, 0x600f9eb4,
	0x2bee6e9e, 0x757550a4, 0x4c606e71, 0xb6351e63,
	0x81e37660, 0x1e779d6a, 0x87b40d87, 0xe7fed4b4,
	0xc8b47986, 0xb40eb451, 0x9dbfbf77, 0xbf3bf36d,
	0x5dddfa6e, 0x8b9bd509, 0x24bffc00, 0xfccae1bf,
	0x8b921dbf, 0xad229f49, 0x59ad8b49, 0xfc230992,
	0x90fa49b5, 0x2dbf5b31, 0xc3f7fbc3, 0x9b7e9e3e,
	0x2555a4a4, 0x71f8c65d, 0xa1325581, 0x77f85b42,
	0xfa90c875, 0x314f2c3c, 0xa5cbc096, 0xe751774c,
	0x1e6e3c99, 0x3575b587, 0xe9601e35, 0x4c189da4,
	0x223b1e4c, 0x1e76469d, 0x72c8c876, 0x9afecb0d,
	0x9cae2fe7, 0x77b41f77, 0x9f3e3171, 0xf5d7a814,
	0xefccf76e, 0x5bf077bf, 0xe6764efa, 0x50dda09d,
	0xa0da761d, 0xb5bf3123, 0xd54e4f43, 0x8de6503b,
	0x9f95282d, 0xf650fcf7, 0x59efe2fc, 0x14dfe9ef,
	0x5a781e43, 0x53d5354f, 0x3c7778e2, 0xe7cc296c,
	0x4999ade7, 0x236c1b8b, 0x6e77f386, 0x6cd571bd,
	0x6e183e22, 0x754c6d0e, 0x7718b476, 0xd9cd1e77,
	0xc80eb4b6, 0x15e68787, 0xda44a4e6, 0x9f5a3cf7,
	0x5548ee2d, 0x6a4c1fcb, 0x7515e248, 0xf759bc54,
	0xd7efe2d6, 0x5977f9bf, 0x4c77918b, 0x129fc8f5,
	0x12b00e23, 0xfa492144, 0x0021806d, 0x763ba8a8,
	0x77098b8d, 0x91239049, 0xad2ddf91, 0x288b3290,
	0x5b78f923, 0x21d744f6, 0x0dc0f56c, 0x559a90bf,
	0x8db55028, 0x99186a8d, 0x0b93a08b, 0xe65d399b,
	0xd44cd187, 0x87d78184, 0x44df0e35, 0xb19c0e9d,
	0xacf0c8fd, 0xfbdfc8d5, 0x814440f6, 0x81181e91,
	0xf0e9cd42, 0x8b729b6a, 0xc0ef8dbd, 0x32a4913e,
	0x75e2dcef, 0x8d3cdd09, 0x6e2116f6, 0x22e76a63,
	0x1fc8204f, 0x5390d3cf, 0x096cecc8, 0xe6f34a2d,
	0xb0915b3b, 0xe3f62290, 0x49515544, 0xfa825d53,
	0xf7fe8b92, 0x921209a8, 0x4c0dd5a0, 0xf7e1ad91,
	0x869f15bc, 0xa8777771, 0x310b038b, 0x87acee71,
	0x6eee87f9, 0x75c30dc8, 0x21dd6e18, 0x08771e46,
	0x6a75779e, 0x597ef8ac, 0x87d50095, 0xf34f1ef5,
	0x5dee9c0e, 0x813e8292, 0xa46abcd5, 0xd57591f3,
	0xe72d9269, 0xe859c822, 0x4f44fa9a, 0xa0ef9edf,
	0xf0b077bd, 0x595aed08, 0x4015318d, 0xf512773b,
	0x189d1d28, 0x4e1da8a8, 0x1feffee6, 0xca2a25e9,
	0x862c299f, 0x4f919922, 0x9bf0b542, 0xd339bc21,
	0xa0c0bfbf, 0x6c6d76d5, 0xad16e6a8, 0x936ad94c,
	0x80c8b493, 0x9b35c0c8, 0xcc779e77, 0x089b7e81,
	0x829fb420, 0x59f0c89b, 0x86e6bff6, 0x4650c68b,
	0xfb3c6978, 0x4ebf9d3e, 0x93bffc09, 0xd54e93bf,
	0xc0405442, 0xe7e79f9f, 0x290050f7, 0x1ef5754f,
	0x8e6cc21f, 0x4f0ee2aa, 0x5bf62381, 0x00efbc14,
	0xcc15b515, 0x3b431209, 0x9ba572f9, 0x00e29571,
	0xddda998d, 0xca141d5b, 0xa9679769, 0x553c7769,
	0xbc779d92, 0x9012d18b, 0xe803bc23, 0x09354c2b,
	0xf332c8bf, 0x184f0d07, 0xb0a1b442, 0xb62d8b9a,
	0x2e764c4c, 0x16420ef3, 0x21dfdde2, 0x872e86df,
	0xd795b6ee, 0x28a8c393, 0x96df2dbf, 0x994493f9,
	0xf5711b55, 0x6a955400, 0x00298be1, 0xbf546c44,
	0x78dcc843, 0x909ab4b6, 0x46291d31, 0x49ef9fe3,
	0x5bb5292d, 0xfc96fa40, 0x435bf68d, 0xd6e74242,
	0xa49baced, 0xad758118, 0xd5713535, 0xc03cec3c,
	0xdaf7bf32, 0x40b522b5, 0xbce1adb5, 0x9d1eeef3,
	0xbc3e111e, 0x353e441e, 0x35c8140d, 0x6ea4909b,
	0x43931260, 0xe71218e3, 0x2511f58b, 0x87460982,
	0x09914c1e, 0x99b5223e, 0x189b6914, 0x8d0b930d,
	0xbceedc6a, 0xa1905bd3, 0x0b92285b, 0xd7da9592,
	0x3c5016fc, 0x9a3eb677, 0x4649b550, 0xa82e53d4,
	0x39908d29, 0xe6a895ad, 0x4499b586, 0x99e79115,
	0xac1297e2, 0xa8a877b4, 0xf9762bf3, 0x7e9b5be6,
	0x403929f7, 0x1d1d1d31, 0x95e29050, 0x25a4bf1e,
	0xc3ef3551, 0x1e999d4f, 0x3e75bc1e, 0x77c68bdf,
	0xec7e0d18, 0xd744c89d, 0xc0759191, 0x44869f29,
	0xd5071f9d, 0x498d8744, 0x0e1fee87, 0x8b3e2275,
	0x123cf03e, 0x6cd5f693, 0x908bcc8b, 0xe2da7796,
	0x394e154e, 0x78c80f4c, 0x2ef6a899, 0x4a2e406d,
	0x002915fa, 0xa809405b, 0x86155993, 0xf790282e,
	0xe7faf821, 0x4e23164f, 0x870eeef3, 0x2ddf2d93,
	0xe85549e1, 0x4ea8a890, 0xdf6c4900, 0x685d9d86,
	0x3cc39fe1, 0xb6444221, 0x50255a62, 0xef3caca4,
	0x9b515ac6, 0xa0b07720, 0x81876d15, 0x5d15c3fb,
	0xef5d1f60, 0x95541e54, 0xa411b086, 0xf58bc31e,
	0xc6759622, 0x15318b3e, 0xf69029ad, 0x1223756a,
	0x2db50940, 0xe71ecbb4, 0xbf5bf6fc, 0x4cc62bdc,
	0xb55b31bc, 0xfa8ba8f6, 0xd5ccfb6c, 0xe731a8f6,
	0xd5497181, 0x2e3b1d03, 0x93751ea4, 0x72e15481,
	0x9f548b49, 0x9343fc8b, 0xac8df75b, 0xac771877,
	0x3c0dbfbc, 0x1153c6fa, 0x902cf8ed, 0x6aa4f887,
	0x1f77bc29, 0x77ed77cd, 0x4c4cc871, 0x4c1e9f75,
	0x77a44c77, 0x9051c872, 0x1182ef9f, 0xc3503e9f,
	0xd70be322, 0xf91d1de3, 0x31a84090, 0x998d321e,
	0x6c31120b, 0xbc0de92d, 0xa02efcfb, 0x0f4cc509,
	0x4e1d9169, 0xad4e143b, 0x1425f795, 0x9696f6ad,
	0x31e2dd96, 0xc82ee63b, 0x1e40cfca, 0x54e89681,
	0x8b81909a, 0x76432916, 0xb5288b40, 0xac12dabc,
	0x68813eb5, 0xec8d90fb, 0x995d4f4c, 0x3563e8d1,
	0x711ea0a0, 0x2fbd1f08, 0x69eed918, 0x7718f39d,
	0xdf25f8e9, 0x6a55e76a, 0xc06ab5dc, 0x221ec8ac,
	0x8d2e3107, 0x963be6e3, 0x1600a8ad, 0xfb390342,
	0x00233123, 0xf7bfe975, 0xa84e46b5, 0xd9b4eb39,
	0x23154a80, 0x76e32e1d, 0xade7dc75, 0x9231a85b,
	0x9da8a06c, 0xb0254ec3, 0x77f5bdfd, 0xe8fe3279,
	0x9f3e0999, 0xec3e5429, 0x49034091, 0x126cbc92,
	0x2d9b2dbc, 0xc8fba1cc, 0xca97ee1e, 0xbdc06349,
	0x77545903, 0x522063b0, 0x1b79d9cb, 0x0d6df30b,
	0xe7ef6c9b, 0xfbe221e9, 0x772d90e7, 0x093efbbd,
	0x40caf57e, 0x3943819d, 0x0914f603, 0xdcdc5422,
	0x7599f614, 0x49f6b481, 0x28d750fc, 0x9d9d3575,
	0x16315b63, 0x0940f30b, 0x000022a0, 0x2296f7ad,
	0x40008b86, 0x603c54d7, 0xc3e710e9, 0xcc781b51,
	0xf9937955, 0xd5fc86bf, 0x0b90b53e, 0x3e919f44,
	0xbdeb68c0, 0x5d39ed94, 0x3cb6351e, 0x62f0d54c,
	0xb46c8da1, 0xf0a5fdcf, 0x3e9db44c, 0xb69e53d7,
	0x5344bfc8, 0x821175fb, 0x826c4231, 0x31a8ef11,
	0x759a2977, 0xd42d69a8, 0x314a31f6, 0x4c9ff782,
	0x998df922, 0xbc90cc39, 0x9631f391, 0x1ddd2d4f,
	0x2ce2508b, 0x39caacc6, 0xad148dcc, 0xd5d5bf6c,
	0x4e3e8191, 0x69eb51ef, 0x595b80a4, 0x52689b55,
	0x50d1f8cf, 0x2ed5bcc8, 0x328d9214, 0x913ef36e,
	0xa1a5aaed, 0x6c53b1a9, 0x2b87875b, 0x0f9dbf9d,
	0x7175fc6a, 0x7752e99c, 0xc39d9dcb, 0x1fb68ee2,
	0x9bc887b4, 0x90927782, 0x8bc68154, 0x23fe5a6c,
	0xd431294c, 0xe94c9d23, 0x286d2207, 0xbcf6f623,
	0xa05d772b, 0x398d315b, 0x9a96e60e, 0xc6966c75,
	0x9559c0ca, 0x9f927169, 0x31adb590, 0x1e4cbf5b,
	0x231431c7, 0x5b8b5a77, 0x870bd53b, 0xb6eeb093,
	0x464ccde0, 0x433ba015, 0x32ef6c09, 0x155932e9,
	0xaffd05e9, 0xc8c035aa, 0xf9755081, 0x352b1821,
	0x0d9fd59d, 0x68c84c35, 0x213e46ac, 0x0feebd6e,
	0xbc0d0d2b, 0x2dc891e8, 0x9596395b, 0xd5124915,
	0x4644e816, 0x181de6d1, 0xc6f68bf7, 0xbf231623,
	0xa135c8c6, 0xcbd65b95, 0x1231424c, 0x8d502259,
	0x35cc3b46, 0x8d93d5d5, 0x71fa8d44, 0x0e31e811,
	0x091e9c9c, 0x23bc728b, 0x5428e3e3, 0x71fce314,
	0xb567736a, 0x1623151d, 0x8b48e753, 0xf7efe7f5,
	0x770fd680, 0x44a4d560, 0x93444409, 0xf3928735,
	0xe3e22d12, 0x9a18f3f3, 0xb4824212, 0x0fe94c1f,
	0x6ac6bc1f, 0xdf918d28, 0x285b1555, 0xe31dad50,
	0x779f9631, 0xc016d13b, 0x2a6ad353, 0x95934640,
	0x2afb91f6, 0x5d53ef40, 0x91e7c312, 0x8b548282,
	0x6ebc9121, 0x5400f5e6, 0xdf403b16, 0x1e154959,
	0xcbcdb6b6, 0x0bbc933c, 0x533ec614, 0xe16c871e,
	0x923c1f5a, 0xf600adf6, 0x549b9b6a, 0x3cf5c69f,
	0xf94c770f, 0x5d1eef1e, 0xd16d1621, 0x12874c1e,
	0x1d9bef2e, 0x6cd73b46, 0x8096f807, 0x4c9b976e,
	0xef251412, 0x4f329aa0, 0x8d158696, 0x96e74031,
	0x950e314a, 0x9944164f, 0x6c2aca8b, 0x81bf87fc,
	0x8d148bda, 0xbf9abf5b, 0xe2956c3b, 0x004e4690,
	0x6c9a299b, 0xdaca0b81, 0xa095e693, 0x8215c072,
	0x2008082c, 0x598677ee, 0x48a95355, 0x038b9382,
	0xa1ef2dcc, 0x299170c3, 0x217ef060, 0xbcee6044,
	0x865b329f, 0x326a9582, 0x76e693d5, 0xd1f3c82b,
	0x14b496d5, 0xf6032315, 0xcb2d1bd4, 0xfb23e74c,
	0x9f4290e2, 0x4fdc81a0, 0xe7bf9312, 0xbf86f5bc,
	0x09402d75, 0x7228b52d, 0x90bcdab5, 0xd5937649,
	0x4fca2ca0, 0x9159d512, 0x00e7903b, 0xd5963b09,
	0xfc281614, 0x99788198, 0xfb921523, 0x40540d2c,
	0x1fb4ef0b, 0xad034cd6, 0x1e20e7da, 0x9272bcd3,
	0xe96ad32d, 0x0d777eb0, 0x905a770d, 0xfa211e5d,
	0x2214a014, 0x81e7e2ca, 0xbf1e9da4, 0x1d752cd9,
	0x43d596d5, 0x3b09f643, 0xb492ca9d, 0xc859bcca,
	0x5b6c9632, 0x4f4cd731, 0x6c3ed53e, 0x3e759695,
	0x44861812, 0x39152916, 0xad16b531, 0x14fc93bf,
	0x142a753e, 0x9fcabfbf, 0xc35a962e, 0x22d52efc,
	0xa80b6cbf, 0x4ea8bf16, 0xfa6c4e03, 0x49e8e8bc,
	0xd9b05b49, 0x54a01fe9, 0xbc6e16d7, 0xfbe19bf6,
	0xc8ac1135, 0xb077d56e, 0x51729bd6, 0xd5efb435,
	0xe796f51e, 0xf596e7bc, 0x1880c81e, 0x1d44729e,
	0x76354ad5, 0x93129a72, 0x1e3e6cc6, 0xedf79f9a,
	0xadc64c4c, 0xc677c84f, 0x6c2d921b, 0x547e2d39,
	0xbf93910e, 0x9c29b59f, 0x863b16ad, 0x8dadefd5,
	0x0b122e8d, 0xd52550a8, 0x2de9329d, 0xf9d5f331,
	0xb59aefd5, 0xad164050, 0x9f95f6ad, 0x955b2d9f,
	0x189fa88b, 0x4f031f73, 0x14bc2975, 0x6cc6218d,
	0x0d774f82, 0x4fc6759d, 0xe7213cb4, 0x9376760d,
	0x75f5d39d, 0x75165b59, 0xc05de90e, 0xad31868e,
	0x7286963e, 0x9d4fbc14, 0x0ba8bcf3, 0x5a923122,
	0x40d57197, 0x5a4cc807, 0xe178ef55, 0x81a0396a,
	0x912e5091, 0xacd5dd09, 0x12753c72, 0x4a901675,
	0x43401d00, 0x46d5fb00, 0xc053ac87, 0x917e1e8d,
	0x2d7111c6, 0x4e49fc8d, 0x752822ad, 0x958255ef,
	0xefd5bf31, 0x91a8eee9, 0x1628544f, 0xa09539f8,
	0x86bf9fbc, 0x16b5adfc, 0x86719d9d, 0x4e43f312,
	0x59a487c8, 0x86e7a086, 0xc30d7ec8, 0x15bf446a,
	0x54a132c6, 0x87bfbfd5, 0x964e160e, 0xca2d7850,
	0xd586d335, 0x39181fd4, 0xe1822dca, 0xf5ec2dcc,
	0x91464e22, 0x62c8f314, 0x0776d9d6, 0x46add51d,
	0x0743fc3b, 0x763edd49, 0x3e25bc9d, 0x8de8bc90,
	0xc84cf02e, 0x4e2d3e15, 0xac544e3b, 0x72112c1f,
	0x904a91d5, 0x22d4e9d6, 0x3e319b97, 0xadfe34df,
	0x2890906c, 0xad8d54a8, 0xa8c61250, 0xa8221eb5,
	0x35d59f91, 0x44efdaa4, 0x42754ca4, 0x0b910bd5,
	0x9a7eac82, 0x6ef946d5, 0x18e30bd5, 0x713c9b1e,
	0x84779718, 0xe7a44c6b, 0x2d2c218e, 0x1293773e,
	0x23164ea8, 0xcd2b0ec3, 0xd5d42c0f, 0x78e3e670,
	0x50a8963b, 0x0b12c042, 0x5b001112, 0x4a590931,
	0xf5774f43, 0x90e8fc93, 0xede82e00, 0xe91f9b18,
	0x0012149f, 0x9d2e9dd9, 0x93ad52b7, 0xfce89c78,
	0x29fa8de1, 0xe2e295fa, 0x12d7169a, 0xbf902822,
	0x2990bcef, 0xa1fbef9f, 0x071e9c27, 0x44234e14,
	0x2d871e12, 0x0707f946, 0x4c005046, 0x939f766d,
	0x87d67b2d, 0x2291f30e, 0x6a5aa5bf, 0x43d52d2d,
	0x9a1b2a78, 0xd6804fe2, 0xd312c8d1, 0x46d5e68b,
	0x2ad680c8, 0x8d3186fc, 0x461e7295, 0xfce7f792,
	0x49e7d52d, 0x4ef6ad31, 0xbf869009, 0x18b49edc,
	0xf6f609c8, 0x352e3131, 0x93fc63a5, 0xf31291bc,
	0x6c6c48d9, 0x82ef9296, 0xe322e8fa, 0xa8143e12,
	0x72909022, 0x9b75e79f, 0x14547762, 0xe795d7bc,
	0xe80b4a09, 0x15752aa0, 0x962d6878, 0xef810382,
	0x871e1286, 0xd5d54c46, 0x1622f342, 0x0c82f609,
	0x54da82d3, 0x3bac5dd5, 0x2a1b9f3e, 0x3b431203,
	0x8b12c6e6, 0x00319986, 0xd5e38691, 0x2d4eccf7,
	0xf631959a, 0x4023bf5b, 0x76e93129, 0x8746fd11,
	0x3b8d1e87, 0x1d464e31, 0xad166c2d, 0x2ee33e8d,
	0x5bcc44d7, 0x822def8b, 0x960bbf12, 0xd4e37679,
	0xfb905bd5, 0xbc449ae2, 0x4fa0a04f, 0x9569cbe1,
	0x549575df, 0xe85495fb, 0xf59d7e5a, 0x216ae282,
	0xf5f91525, 0x46071ee3, 0x86c36a07, 0x1d465b4e,
	0x28e3e631, 0x31999d03, 0xade2786c, 0x4a5b40eb,
	0x2d438d14, 0x223190fc, 0x44d70b29, 0x9f5b4096,
	0x1295ef91, 0x90031549, 0x86e32231, 0xefdf481b,
	0xf929b582, 0x8d2e154e, 0x7281cc40, 0xd7f6158d,
	0x6ca850f6, 0x956cfac0, 0xacc68750, 0x3b07969a,
	0x446cdd09, 0xe291a886, 0xc05de839, 0xfb482fbd,
	0x8254c825, 0xca6ccae2, 0xe29d4c7e, 0xc73e8be1,
	0x4082dd54, 0x1d3578c0, 0x78ae1be3, 0xd50740d5,
	0x8b492e87, 0xda992e46, 0xb6f86067, 0x40ddc51f,
	0x495b1d29, 0x1d4a0940, 0x1ea80b23, 0x1412423c,
	0xbc50e895, 0x46f3daca, 0xbf4e4ef6, 0x124cd618,
	0x7849fc76, 0xe81699b5, 0x404832f7, 0x92bc9990,
	0xdc094f16, 0xe8a05081, 0x807e862a, 0xe60bbfd7,
	0x44548293, 0x5bad00d5, 0xeea4e2e8, 0x2d2b8f1f,
	0x211435cf, 0x69ca1b5d, 0xa82198b4, 0xf6931612,
	0x1e762dd5, 0x28ad21c3, 0xca232290, 0xaa422a3e,
	0x31509076, 0x68e6001d, 0xb66e1fb0, 0x2ef0c5d6,
	0x0b4e008d, 0x4a8d449f, 0x7e2e3ad4, 0xd76acc42,
	0x44e8508d, 0x4f3e4e5b, 0x14fc50e7, 0xd571b077,
	0x49c71416, 0x9a8d4929, 0x95aeac6c, 0xdfbffc22,
	0xdd4a75ca, 0xbffbe25b, 0x93f61522, 0xf9420b49,
	0x91a1c081, 0x95541409, 0x35c8ccf7, 0x3e3c120e,
	0x1d5b14a1, 0x712553ad, 0xdf725364, 0x3128c6d7,
	0x37b4a815, 0x50f5637e, 0x2d3b4623, 0x82514096,
	0xbf49ccec, 0x15e3434a, 0x32da2b4c, 0x9d46081f,
	0x961443d7, 0x6c315342, 0xe1f52e43, 0xe6e9ccdc,
	0x712dfc43, 0x3cc8fc40, 0x1546546c, 0x2d2d693e,
	0x03004929, 0x1b90b5a0, 0x9f68edaa, 0x4a4650a8,
	0xfa5d14bf, 0x4e4e2203, 0x15b53b87, 0xacbc5925,
	0x99e295ef, 0xdc533928, 0x4f6acce8, 0xa1512dcc,
	0xa890e7bd, 0x3c785b5b, 0x9c2c2c48, 0x8b817e11,
	0x3225493b, 0x8742976a, 0xfae640d5, 0x819fef23,
	0x4fdac044, 0xbf50400b, 0x00dc8603, 0xfad6d6ca,
	0x962ed593, 0x2cdc51dd, 0xfe2a1586, 0x14bc2c8d,
	0xfbc391f6, 0x3c42ef31, 0xbfb55bfb, 0xdc76c62e,
	0x90d55b22, 0xacac2572, 0x5b2d9752, 0x814e1d46,
	0xe782da3b, 0xfcf64959, 0xf6bf002d, 0x9c511b25,
	0xadad3199, 0xed9c5140, 0x555990e7, 0xa99c00fb,
	0x959a728e, 0x9fe29049, 0xa5bdf855, 0xf6408260,
	0x82caf62e, 0x160da9a5, 0x148d500b, 0x42e27182,
	0x9af9dc77, 0x8d784ea8, 0x4a1d9d5b, 0x42e2b032,
	0xe8037503, 0xc8e1829f, 0x2d255b75, 0x91bc3c8d,
	0xeface93b, 0xdc1e81ad, 0xf5828dc3, 0xd5bfbf1d,
	0x144e86ad, 0xe2c09f14, 0x0b2dbcda, 0x39ca1543,
	0xda4670f9, 0x28b5adfe, 0x4616d750, 0x54254fec,
	0x8dda315b, 0x6afbefad, 0x9b4f8255, 0xedfe2c53,
	0x9ae71b48, 0x44cc9554, 0x6aedc342, 0xa8c03c63,
	0x53bcc322, 0x22c0f89b, 0x4043314e, 0x7555bc31,
	0x96f32d64, 0xc600120b, 0x23464a8d, 0x31712dc6,
	0x782118ef, 0x2d4e59ca, 0xbc93433b, 0x916c2d12,
	0xef815b4e, 0x4c448131, 0x9049efa5, 0x49e3fc86,
	0x9012098d, 0xa0fb2d09, 0xad904ead, 0x2ce12329,
	0x54909369, 0xad9940dc, 0x3b8d3e49, 0x288be7c3,
	0x8131a042, 0xebcc4ee3, 0x9bed5971, 0xa1e7bcac,
	0x8d6ae852, 0x2df54ff5, 0x288b16f5, 0xd7fb7595,
	0x16914f14, 0x504af65b, 0x8d5b2e23, 0x4e404292,
	0x2d869f11, 0x3b288dec, 0xfce6d7d5, 0x5b9291f6,
	0x55e7cf92, 0x0b437754, 0x31152d2a, 0xbcd339ad,
	0xa082228d, 0x9cc36c5b, 0x4031e2fe, 0xa809994e,
	0xf6d7e3b5, 0x09a0e709, 0x15494e3b, 0x788d2849,
	0x3295a0e7, 0x0022b528, 0x3bfcc011, 0x8b8b8bdd,
	0x4e29fae7, 0x4ce9351d, 0xdf2cb5bc, 0x4f5a9ff8,
	0x92036c3c, 0x1444966c, 0x008df6fc, 0xdd813eda,
	0x4f462bf9, 0x28004ef6, 0xcaa8f390, 0xf92d3e9a,
	0x462ed79a, 0x4e8d4ae3, 0xe6e63b12, 0x7543fc8d,
	0xcae7487e, 0x87500735, 0xefe73953, 0xe78d314f,
	0x329031d7, 0x251f756a, 0x12fbdc5a, 0x7e14039a,
	0xb5a8874a, 0x906c59f6, 0x034f2391, 0xbc5b5bb5,
	0xe1ca2872, 0x460b9121, 0x3103a1d3, 0x95542ebc,
	0x914afbf6, 0xc0efd512, 0x8de295b5, 0x93f8d3bc,
	0x8299e25b, 0x4286866c, 0x2d998b0b, 0x6a75d7fc,
	0x90e604b4, 0x5b46402e, 0x2dc87615, 0x8781e29f,
	0x4a2eb512, 0x3100e6d4, 0xd7461612, 0x40910096,
	0x2dfbbce7, 0x82a114d3, 0x5468aca1, 0x23996c96,
	0x77a12a96, 0x9fa5ef6a, 0x91f5a19c, 0x034ac3ef,
	0x00e8e682, 0x8d9af723, 0xb5a82291, 0xf94f7849,
	0xc0596903, 0x4286f682, 0xf69078ca, 0xbf93e600,
	0x098be735, 0x2240163e, 0x008b230b, 0x1612e76c,
	0xed558b4a, 0x869fe9ed, 0xb5ad90c3, 0x86490ba8,
	0x9931439f, 0x2216d32a, 0x5de7d546, 0x12d77295,
	0x86283e16, 0xbf494687, 0x034f1d16, 0x8621ca54,
	0xef3bf115, 0x5321547e, 0x0b0ee9bc, 0x40005050,
	0xfddfa1da, 0x5b2212c0, 0x78a06c54, 0xa0863ef7,
	0x8b8b2255, 0x5b8b99f6, 0x294ada54, 0xefb49103,
	0x90e75b78, 0x77a8f66d, 0x4e5b7272, 0x2525d55b,
	0x952aca54, 0x96d39323, 0x289cc3d7, 0x120b31b5,
	0xa19031a8, 0x1695df9b, 0x1449e6f5, 0x494914d5,
	0x2d905023, 0x760dcafb, 0xbc3cfb2e, 0x9929adb5,
	0xdc498df5, 0x3cda28d5, 0xef035a82, 0x95e9879b,
	0x311d1e22, 0x81dc87d9, 0x234cc69f, 0x0e81fc02,
	0x77d5f792, 0x93161422, 0x3e6c6895, 0xfed7236c,
	0xdd59752d, 0x5bcc908b, 0x91f5effa, 0xa1f93c3e,
	0x90151516, 0x1416ad82, 0x49f62efe, 0xe8782d2d,
	0xefe7922d, 0xbc909686, 0x95fbc3c6, 0x4646a87e,
	0x9b909591, 0x0b40bce7, 0x285031b5, 0x49592891,
	0x25ca5114, 0x4312fb5b, 0x6c71cc22, 0x034915ad,
	0x82291646, 0x48cc4946, 0x972a821b, 0x3bd4776d,
	0xf7230cd1, 0xfc9893c8, 0x07e3d514, 0xc507f6f1,
	0xc8e90b2d, 0xc63b960c, 0x3b115351, 0xf8504042,
	0xef720edf, 0xf6e79031, 0xf54e6c50, 0x8787717e,
	0x5916d793, 0x0b168d4e, 0x5b158b5b, 0x5d9554ad,
	0x9d396ae9, 0x90f7bc91, 0x788befac, 0x3e87c6da,
	0xf6c65bf5, 0x548650a8, 0x59a0e2ef, 0x9150f640,
	0x51bdb1b4, 0x00434e9f, 0x7e6a1eb5, 0x908d4931,
	0x950b1614, 0x829a82e7, 0x87825b1b, 0xa7f376a7,
	0xccec9d0c, 0x4a46824f, 0x16120412, 0xe47603ad,
	0x2ee68d14, 0x0e2d849d, 0x2e9ded3c, 0x78a85b0e,
	0x425a4425, 0xe392788d, 0x808042d7, 0x2231a5aa,
	0x1b752328, 0x314a86f3, 0x9c2aadb5, 0xc3b55b90,
	0xe60386bf, 0x51ae8281, 0x90dd5da0, 0x872bd953,
	0xd56a0329, 0x96f51446, 0x3968682c, 0xb496e709,
	0xefef2180, 0x46a8965b, 0x62d9a43b, 0x535590e1,
	0x7859ddf7, 0x28a5daac, 0x76d5404a, 0xdc96b4f3,
	0x5dbf1e81, 0x09989d6e, 0x03965a40, 0x501d0029,
	0x0b0bfaa0, 0x9dd44a09, 0xe395694c, 0xa82309ec,
	0xa4a48282, 0x4a914950, 0x87e3dd96, 0xadca1879,
	0x2a5707d7, 0xe3d5f375, 0xb1cbe215, 0xf5f5ad90,
	0xdd93e7f5, 0x3cef5449, 0x8b8da095, 0x93184cf9,
	0x3b2e23fc, 0x68c0cfb4, 0xdc03a051, 0x076e3286,
	0xf32ed52b, 0x2212d703, 0x55fe6cc7, 0xb531da78,
	0x80955d25, 0x122d4297, 0x46f9d78d, 0x0e2ce33b,
	0x6c9a919f, 0x12d4d41e, 0x2a3c2d82, 0x5023f622,
	0x82168d8b, 0x764a4344, 0x5b4c321e, 0x224acc48,
	0x22225b22, 0x23bc31ad, 0x6d9dbf9d, 0x5b8d6c91,
	0xefd93bf6, 0xe693e6c3, 0xacf8916d, 0x754e005b,
	0x9d4ca0fa, 0xdfe759b5, 0x317ee896, 0xf0e4a7f5,
	0x0916148d, 0x75edb61e, 0x8b11f63c, 0xd6d66aef,
	0x4675a437, 0x16c3d5bf, 0x1ba13940, 0x1544c353,
	0x0ebccc96, 0x9fa03c2b, 0x435b9a81, 0x21c0d722,
	0x03e7402a, 0x86463b86, 0xf559926c, 0x0399d74a,
	0x0ec6a850, 0x0915bf12, 0xa84a0e4c, 0x16fc5327,
	0xbf1d0049, 0x39753bf6, 0xd576f342, 0xa031fcd5,
	0x6c124e1d, 0xf3d73e8d, 0x8687d7d1, 0x924e2390,
	0xbfac4f5b, 0x32bcf500, 0x861bc071, 0x5508cdb4,
	0xe6958de8, 0x6aedd6ee, 0x40bfdd71, 0xc8811efc,
	0x150c695d, 0x44141818, 0xed53ef2d, 0xd1d1bfa4,
	0x439555ec, 0x92c691e3, 0xdc15821b, 0x2a82ca31,
	0x9396bf54, 0x2a2d2ed7, 0xb59f517e, 0xddef9d4e,
	0x3cd5ef8d, 0x4e8dc332, 0xe34a12d1, 0xfc12df42,
	0x46b54059, 0x7e35434a, 0xf36def63, 0x03158746,
	0x78d74a2e, 0x2dbffc9a, 0x236de644, 0x00fc0349,
	0xd571908b, 0x11914a5b, 0x7521e721, 0x2ce969f8,
	0x939f3136, 0xe2216777, 0x8b2d5aca, 0x5b43a8a0,
	0x91ec9d23, 0xfc22d711, 0x5163dd9a, 0xe64a12c6,
	0x82592d1e, 0x2de29381, 0x5b2959bc, 0xe7772dc0,
	0x933b9354, 0xa09196a8, 0xf5e2e82d, 0xbc4f4ed5,
	0x14224ebc, 0x46bf7693, 0x003bf987, 0x7678ef82,
	0x464e2886, 0x32f31e4a, 0x46c8d3ca, 0x99154a15,
	0x4f91094a, 0x934e81e8, 0x093b07d5, 0xcb3cf649,
	0x16fafb7e, 0xef143b23, 0xbc784f42, 0x682c5312,
	0x16549555, 0x29e3a0e6, 0x5b925b09, 0x3b3b4a90,
	0x1ebfd51d, 0x14d5bfd5, 0x779b54c6, 0xc814fcf5,
	0x923cdf03, 0xac4254f6, 0x81dc28c0, 0xf725ef40,
	0xbc120786, 0x16e9b495, 0x80a16cb5, 0x5b222d3b,
	0x00ad0b00, 0x46127707, 0x432ebfe6, 0x182a4f07,
	0xbf99d587, 0xf7bc9dbf, 0x158bbccc, 0x44000b40,
	0xe781a8f6, 0xf9c3145b, 0x23094a93, 0x2b0e5b31,
	0xbf9fef6c, 0xf5ecd478, 0x297ef018, 0xa0928216,
	0x3be643f3, 0x1d3b4684, 0x03008b49, 0x1d143b31,
	0x7299232e, 0xec969632, 0x716a81a0, 0x152d4e6c,
	0x82695d9c, 0x4ff38d90, 0x4ff7bce2, 0x8de21b96,
	0xe2ddd514, 0xf6432a95, 0x9da4864e, 0xef28bc1e,
	0xf5fc4c86, 0x9d2b764c, 0x03995be3, 0x20c2774e,
	0x863be693, 0x6c4a9146, 0xf512a0bc, 0x931693c0,
	0x49fa0935, 0x0086bc92, 0x15f7f58d, 0xf8ee4fef,
	0xdae990b5, 0x4fd73587, 0xfcc0bcc0, 0x508b8b29,
	0xd4a0e440, 0xa88676e6, 0xef6c95f7, 0x817531c6,
	0x55ae68fc, 0xbf42917e, 0x156c77d5, 0xda8d0975,
	0x52dca4df, 0x031ec02a, 0x86f590a0, 0xf3123e91,
	0x81128278, 0x90fa44fb, 0x9de8f715, 0xc6f3e4c3,
	0xd1ec86f9, 0xd4d46e77, 0x8de7444a, 0x4c604c46,
	0x22932ebf, 0x96b4ecc6, 0x3cc8c687, 0x9f12c8a1,
	0xfc318d43, 0x9693c328, 0x49f75423, 0x93b49f22,
	0xd1598b90, 0x233103c6, 0x4f6c95b5, 0xd5165bfc,
	0x032a359d, 0x21eba531, 0xddd5dc39, 0x2dfee2d5,
	0x512a2cdf, 0x8dcafb31, 0x95dd8123, 0x77448100,
	0x786a3ebc, 0x2deca4ca, 0x919112d5, 0xf614874f,
	0x91eff825, 0x54151259, 0xbf8d8def, 0x0df3d587,
	0xd5e6fc77, 0x07e94c93, 0x2395e24e, 0x7755a72e,
	0x310b846d, 0xd5778603, 0x7e3bf3e6, 0xa80e44c0,
	0xd53b8df6, 0x3bd7ec4a, 0x22996ca8, 0x7e784af6,
	0x933eb58b, 0xa84f2c1e, 0x1e918686, 0x6d0b7821,
	0xef03f035, 0x5d979ebf, 0x22fc4686, 0xb036788d,
	0x5b5b2d9d, 0xd5491428, 0x59f78b72, 0xe8e72d81,
	0xd5d7d553, 0xfc77f32d, 0x39da5b31, 0x238b096c,
	0xcc77efbc, 0x8b8d4442, 0xc8bc9f09, 0x2ac877c8,
	0x216a2551, 0x2ee30ea8, 0x2e23234e, 0x50d5bfd5,
	0xfca84670, 0xbfc64681, 0x77a82316, 0x1d071e18,
	0x501db522, 0xe6ecbf2e, 0x22502816, 0x14e6d749,
	0x1d440028, 0xbf42e231, 0xc8445b50, 0x6c82f7ef,
	0xbc5b9cca, 0x316a2d9e, 0x404aa12d, 0xf019901d,
	0x994949c6, 0x9628da5b, 0xfc40d522, 0xd639a050,
	0x784a4e31, 0x00ca758d, 0x36dc958d, 0x592803e1,
	0x2575dddd, 0x8b82f51b, 0x9bc6aedd, 0x36e9536e,
	0x5d8eb8f0, 0x1df3d996, 0x0d187181, 0x0b1d4380,
	0xfc3b84f6, 0x99144ef7, 0x12da4040, 0xd42e76c8,
	0x03544a07, 0xd709f629, 0x3b995a96, 0x2e43bfc3,
	0x31427831, 0x28311599, 0xa8dd0bad, 0xfe5be88d,
	0xb8ef5982, 0x23e2535a, 0x43e6642a, 0xf8bf86e3,
	0x6cb5fa3c, 0x1d2d9054, 0x1d432e46, 0x798efa90,
	0x5aa8930e, 0xf7ef238d, 0x28499595, 0x11599254,
	0xa1e2238d, 0x11fd23ca, 0xc0eb60cb, 0x12e28db0,
	0x8277ac6a, 0x09227e50, 0xcf4ce9e7, 0x4e23d742,
	0x2d2e1543, 0x781646cc, 0x86542840, 0xe64a6df3,
	0x00cfbc24, 0x91a8b5ad, 0x2d54e8f0, 0x2e46e616,
	0xf6558299, 0x4ef6598d, 0xa8e69a40, 0x9659955b,
	0xca3955ef, 0x72e2cf2a, 0x3b765a75, 0xb4809d46,
	0x111299cd, 0x2ea8fc31, 0x4a501d3b, 0x79e14040,
	0x40144ac3, 0x8b14e796, 0x5b038b49, 0x97770395,
	0x1f79f6e7, 0x20e9901f, 0x033c6eb6, 0x1d23238d,
	0xef0d75f3, 0x29c3d900, 0xd3e90e28, 0x31234a96,
	0xfc127043, 0x2d50d591, 0x965542bc, 0x96da96ec,
	0x9248934a, 0xe7a89095, 0x4e29724f, 0x3b07d12e,
	0x9677531b, 0xef914075, 0x2dc3c695, 0x91ccf79f,
	0xef9053c7, 0x8d15bc51, 0xd5e381d3, 0x776e7843,
	0x1932f562, 0x40bf9936, 0x31092af6, 0x24f7ca50,
	0x31124a16, 0xb51650a0, 0x2823adb5, 0xc63ead5b,
	0xd61f5431, 0x333ecbb6, 0x95d79060, 0x4a1d5bad,
	0x23c75ad4, 0x280b445b, 0xbc7693ad, 0x005b1277,
	0x9d2df516, 0x78014631, 0xf92ad782, 0x2a2a030b,
	0x9b082316, 0x69da925b, 0xbf90499f, 0x9d4abf1e,
	0x1fee18f8, 0xaedc3c0d, 0xc60d6ec2, 0x8bf7398b,
	0x823eef12, 0xad289954, 0x005bfcad, 0x92b444d5,
	0xc6074ae8, 0xca91918d, 0x92bc4950, 0x434e90e1,
	0x5976e61d, 0xf950b5da, 0x224ff314, 0x1eb481f3,
	0xbda43115, 0x1fbd752d, 0xf82dadcd, 0x0115314c,
	0x5d695d86, 0x5b3b1de6, 0xd97e96b5, 0xe63e1178,
	0xd7779531, 0x4cd5e62e, 0x0053d53e, 0x82da3186,
	0xa1df2931, 0x514855ef, 0x31868def, 0x9393bf92,
	0xd60e8742, 0x2ba19bd9, 0x1bedfdc2, 0x16b599cc,
	0xa40ed100, 0xbff6a877, 0x93d521bf, 0x46e301bf,
	0x46750b4e, 0x79c8d499, 0xacd14600, 0x3b502d96,
	0xbc004a43, 0xd116ef82, 0x5bbf1501, 0x78fc2ddc,
	0x314e3e59, 0xbcbc8731, 0xb4600f46, 0x9d2175c8,
	0x75427792, 0xd32e99bc, 0x9b1e31f6, 0x4fbcef78,
	0x463ebc5b, 0x77802d50, 0xa8cc0b8d, 0xdd494681,
	0xc3bca8e3, 0xb68ea1ef, 0x2375d39b, 0x14d4d593,
	0xcb499990, 0xb0e728c8, 0xa92a77ee, 0x8b5b5b93,
	0x802b07fc, 0x6c54c0eb, 0x40bf4a78, 0xc3d54f46,
	0x0b8d7c50, 0x15d50731, 0x54d5d446, 0x312e0903,
	0x1109e6e6, 0x1d28dcc0, 0x23231540, 0x28002d29,
	0x9992f5f7, 0x9b2bd96a, 0x5d4c60d6, 0xd799bca1,
	0x14c6f987, 0xb43525f6, 0x779d2d59, 0x421111bc,
	0xa8504abf, 0x77034f16, 0x28500086, 0xe6a8433b,
	0x22141643, 0x1f97dfbc, 0x4fef1177, 0x8dbf073e,
	0x764fa800, 0x5b28a800, 0xe9ccc34c, 0x90ad4e3e,
	0xe9d9e64e, 0x31b5552d, 0xa8151228, 0xfb9bf321,
	0x3bbfe750, 0xf92e464a, 0x2d4a4a15, 0xf5e30968,
	0x916d1580, 0x4667d9b0, 0x4e163b2e, 0x1e0309fc,
	0xf7ccc8ca, 0x0e1f6e6c, 0x95e777da, 0x3ee7f777,
	0x23bf2ebf, 0x77d3fe29, 0x1296319f, 0xc3dc8de7,
	0xc3d5bfbf, 0x677732d5, 0xf6310b00, 0xa4d7d50e,
	0x2214432e, 0xf3e94fbc, 0x12c61246, 0x44f30d6a,
	0x4cd1d54e, 0x0be312d5, 0xdcc8f9c3, 0xf68b95b4,
	0x0dd91422, 0x220b03bc, 0xc61615d5, 0x3ea4b09d,
	0x1dc332ef, 0xa12acc23, 0x493bf680, 0xe7148740,
	0x934029fd, 0x43b61fe9, 0x143b3b43, 0x8ddaa814,
	0xca00bc5b, 0x4c9a9c39, 0x3c9c8612, 0x59e8e16a,
	0xb54a1612, 0x44fe8215, 0xbf9d2a9a, 0x9def8646,
	0x92fc9d07, 0xcad6c3f6, 0xa8ade346, 0xa14c0e91,
	0x78161693, 0x84d50dac, 0x76315b4a, 0x1279b0cc,
	0x07871246, 0xf60b1d07, 0x541ea478, 0x904916ef,
	0x77dfdf03, 0x142dadf6, 0xe923e3e6, 0x1ef5d5ef,
	0x1d2d96f9, 0xcadada29, 0x294ea840, 0xd38b4095,
	0xe2d575ac, 0xd5f4c51b, 0x50d56da8, 0x22fae2fa,
	0x40ef9f49, 0x1e5bb0e1, 0x8e25039f, 0x6ce9a0e7,
	0x91823b9f, 0x29df5a81, 0xe3c3998b, 0x164f9240,
	0xc6d72d98, 0xf8d59f91, 0x50502e12, 0x3c4c9681,
	0x864623f5, 0x4607d7ad, 0x5decbfe3, 0x93790877,
	0x402e8609, 0xa84a436d, 0x789f7591, 0x288d9abc,
	0x4f4cdf03, 0x4350ad16, 0x7511bc00, 0x2e0b153e,
	0x2315122b, 0x54034090, 0x314991ef, 0x2d8d7215,
	0x03404f8d, 0x99ef2d2a, 0x5b91774c, 0x7190f7fb,
	0x2d09c0d3, 0xa81b2d2d, 0x6a54f55b, 0x35c6879f,
	0xb4a4424f, 0x4e909c71, 0x91598d0b, 0x00920354,
	0x5bdde3a8, 0x5dddc3ef, 0xd4b5d7c8, 0xfcd50b3b,
	0x2ed5509f, 0x152e2312, 0xeb433bd5, 0x093c621e,
	0xda95c06c, 0x15150378, 0x9029bff9, 0x0303e94e,
	0x7ea418ac, 0x431d2d31, 0x7144096d, 0x2350a8df,
	0x001d43b4, 0x44dd3e5b, 0x8d1d2d87, 0x40212a8d,
	0x51f70340, 0x8d3ccae7, 0x2d8b4450, 0x3efb7287,
	0x03ef5954, 0x1ee76c75, 0x87bf87e3, 0x39a4fb9f,
	0xf877a0cc, 0x8dfae2bc, 0x757e2554, 0xad4014d5,
	0x2d81a014, 0xdf44a0dc, 0x15290032, 0x4a9d0393,
	0x5050f38d, 0x152e31bf, 0x8150d729, 0xd791699d,
	0x575ba1e2, 0x4682b836, 0x902814f9, 0x2d28fc09,
	0xfc3c4c44, 0x50314ed5, 0xdcc3d584, 0xd50b929f,
	0xc32d4203, 0xd1f614ef, 0x09d176cd, 0xd5902db5,
	0x82314984, 0x9993bc86, 0x5bfa1429, 0x42f50d12,
	0x5dbcecc6, 0x14d3006c, 0x165bca44, 0x5340fc43,
	0x99dd556c, 0xfbcc9999, 0x1efd9768, 0xad8d16d7,
	0x0981dd22, 0xad8b3131, 0x4e5911d7, 0xe412c85b,
	0x86d716e3, 0xfc1215b5, 0xa181daf7, 0x4990441e,
	0xb890e1e7, 0x8775777c, 0x3131e6d1, 0x8d1e4f44,
	0x0416189b, 0x43144607, 0xc3095b16, 0xd5d79f35,
	0xb549292e, 0x149003cf, 0x99e6f03c, 0x00726cca,
	0xc3fc5b04, 0x76774aa4, 0x96905df3, 0xbc50e69d,
	0x12c05b91, 0x8d755b00, 0xd78d82a8, 0xdcbf1df6,
	0xd5c6bcda, 0xf9939631, 0xa5c577d1, 0x31927eca,
	0x46074a29, 0x0b9031ac, 0x9586e89f, 0x9387c893,
	0x1ebc494e, 0xecf3759f, 0x9a9582a4, 0x49b58632,
	0xbfb5e8b5, 0x429287e9, 0xfa82f61e, 0x117e351e,
	0xc66ddf5a, 0x151493cc, 0x5b03fcd5, 0x3ee2c393,
	0x0003dfad, 0x82b5fcbf, 0x03825abd, 0x1643df25,
	0xec169214, 0xc54f8203, 0xe60096d1, 0x865b3587,
	0x5b962903, 0x1d402900, 0x87129d4e, 0xd55b4a46,
	0x46d5dc21, 0x872d3c49, 0xf87896e3, 0x112c3cd6,
	0x24f34e8b, 0x283186d5, 0x4f77dce2, 0xe7e93b98,
	0x11789523, 0x1e9321d5, 0x3915f9e9, 0x4e28950d,
	0x460bf696, 0xddc62d12, 0x25e7da9a, 0xe9acf835,
	0x2c87c6fe, 0x4ee3822a, 0x00fc2e07, 0x8b819fb4,
	0x9d14c82d, 0xfb5064d6, 0x32c39b78, 0xf9c616bf,
	0x772e70fc, 0xf5cc03f8, 0x759582e4, 0x4f14b44c,
	0x1d40ef75, 0x23fc494e, 0x46934fd7, 0xd7d51676,
	0x4fc32175, 0x09879c8d, 0x09fc8bb5, 0x862aac29,
	0x12c393f5, 0x4fe7d3d6, 0x07934f03, 0x31143bf3,
	0x442ce7e8, 0xd715c659, 0x8b8b2d18, 0x1623f6c3,
	0x31fcbf46, 0xda2d9de3, 0x3efb9a93, 0x0e4c2bc8,
	0x57bc78d9, 0xd5a7cabd, 0xd71d4e43, 0x1482efd7,
	0xd1c3f390, 0x094a12bf, 0x3e408d96, 0xf9863be3,
	0xeca8bc2d, 0x729fcc77, 0x1b8d16d1, 0xc6d52bc2,
	0xd540f51e, 0x4a400b1d, 0xc6d34409, 0xa843bfbf,
	0x4ac37882, 0x967efecc, 0x16f71500, 0xe603a031,
	0x004f14bf, 0x99128dd6, 0x43e6c746, 0xef281d46,
	0x725b7742, 0x009240a0, 0xe2234242, 0x3b4e0993,
	0x3b1de31d, 0x35e3000b, 0x2d8d8b75, 0xd6d9f3d5,
	0x2df31e69, 0x4a125469, 0xfc151d96, 0xfbdaefc6,
	0x15780390, 0x4ae3162e, 0x8787642d, 0x933e2d12,
	0x81ade782, 0x2a5a3135, 0x9b99d56d, 0xdc4cc51f,
	0x6d76774c, 0x2d934a1d, 0xbc9bf529, 0xe32e221d,
	0xc6e75454, 0x21c6fb69, 0x5b5b8b44, 0x0707995b,
	0xdf12a8d5, 0xd73177ed, 0x002e9112, 0xf528153b,
	0x4059bd53, 0x9f239a28, 0x59a8405b, 0xbf3b2e1d,
	0x3b15f94a, 0x07d53122, 0xd7a0ad01, 0x791e7744,
	0xf9124c18, 0x0386d64c, 0x281d2ed5, 0xa0f72103,
	0x4e6cec59, 0x2e15e600, 0x3b31b593, 0x21fa1416,
	0x23032d76, 0xbc558bd5, 0x1172e6d7, 0x0d92c2fd,
	0x07e9d62b, 0x3e6de301, 0xef71dc0d, 0x2ed71d2d,
	0xc803dd95, 0xf3bc7897, 0x229a9fd4, 0xe41d2dfe,
	0x8d5bd7e3, 0x16f6c878, 0x75433ba8, 0xfa901dda,
	0x438d0eee, 0x00232903, 0x29b59903, 0x8d3103e8,
	0x434fa539, 0x96500722, 0x4ce9f92e, 0xd4e6035d,
	0xec4a0712, 0xc6c8776e, 0xdda00309, 0x4631fc5d,
	0x4343902e, 0x4aa8503b, 0x77df87a7, 0x14c32d9f,
	0x11ca8da8, 0x32774a2e, 0xd677c82e, 0x44cbd960,
	0xda7e87c0, 0x28fb4efc, 0xbccc2186, 0x31fb4028,
	0x77937e1b, 0x4af6efc2, 0x28295049, 0x14505bb5,
	0x153b2e4a, 0x2828312e, 0x9623e62e, 0x6c77a59b,
	0xf5283cdd, 0x431d4e49, 0xbfa82c79, 0x005b2855,
	0x15f65b29, 0x00285b49, 0x67d4e692, 0xdf81b55d,
	0xa83109c6, 0xc34c9a7e, 0x2ed550da, 0x164e0b07,
	0xe6000700, 0x40bfa8fc, 0xbda1bf12, 0x3bf63c1b,
	0x8da078fc, 0xe6590323, 0x769140e3, 0x2dfb3546,
	0x4eef3586, 0x2d2e2ed5, 0x8b59bcdd, 0x90cafa40,
	0xbfbf1be8, 0x22235d2e, 0x8bf6491d, 0x509f5b31,
	0x4a462e03, 0x5b14a84a, 0x789215d7, 0x690de925,
	0x5a964c2b, 0x93315096, 0x9295efdc, 0xad0b7577,
	0x2929b528, 0x2af76df6, 0x95a82ecc, 0x03ca0051,
	0x90ad1429, 0x31dc5b6a, 0xd43b4e82, 0x4a0bd5e3,
	0x86151403, 0x77827e86, 0x77a70bbf, 0x50994ce9,
	0x433c9222, 0x3e2d5b22, 0x28234315, 0x2d239946,
	0x4e4e2a59, 0x12071d50, 0x9028f36a, 0x59777803,
	0x155ddc9c, 0xa8938028, 0xbc1590e8, 0x4086225b,
	0x2e001d46, 0xdd902a07, 0xca40d742, 0xc877211b,
	0x2c78b01f, 0xc6bc9a53, 0xd72332b4, 0x86fb3ce9,
	0xefdc31bc, 0x557877d1, 0x997546c3, 0xef121292,
	0xca49e4e9, 0x2db58742, 0x43e3f61d, 0x4a50230c,
	0x9f768146, 0xc8775aef, 0xd5d51d00, 0x532c77b4,
	0xc669f8fb, 0x2a998dd5, 0x2828fc49, 0xb5232350,
	0x16d54090, 0xfc2e2e09, 0x9240c8d5, 0x8e2a826c,
	0xbfdf3c54, 0x78d5f93b, 0x162982fb, 0x8612e64f,
	0x43f6d143, 0x90ad9915, 0x009503f5, 0x86124f71,
	0x8e09f9c8, 0xdd90da9c, 0x91f79f3e, 0x16a8fc3c,
	0x9df52828, 0xec87764f, 0x5077fc2d, 0xa8bfd5fc,
	0x6042d1e3, 0x9f5b0118, 0x801d0b43, 0x50d7d515,
	0x772d4412, 0x1ebcef3c, 0xbffce343, 0x5a256a91,
	0x4495689f, 0x6aa42a14, 0x4ef65b29, 0x15bf462e,
	0x40d500ad, 0x2914f621, 0xd19bd531, 0x1ba548fc,
	0x93ec75cc, 0xfabf8650, 0x509f1b9b, 0xc616400b,
	0x1d150900, 0x098d288d, 0xf79f155b, 0xbc31f52d,
	0x965b4e12, 0xc6968d8d, 0xfa159686, 0x1415bfd7,
	0xbfca23fa, 0x212d24d5, 0xefa7b52d, 0x22120b14,
	0x372a9dd5, 0xdf939dc8, 0x9d9defe9, 0x9f2def77,
	0x2a5d5bbf, 0x4076a155, 0x140b4684, 0xd6d6c090,
	0x8b77c38d, 0x78779314, 0x4023a815, 0x29bf1d1d,
	0xda12bf90, 0x3196f5e6, 0x0e149931, 0x0be9f7bf,
	0x21862d3b, 0x423e094a, 0xad9fa1b8, 0xc6860940,
	0x150b0396, 0x00ad49b5, 0x59031691, 0x50314491,
	0x003115d5, 0xf34923fa, 0x8d8b862d, 0x5b1d5b12,
	0x87e6fbc3, 0xd54346bf, 0x0364b52d, 0xad86fc12,
	0x77971287, 0xe9f31ec8, 0xb479efee, 0xe62a4aee,
	0xca779250, 0xd3dce22d, 0x5be63b4a, 0x7700e8b5,
	0x1690adad, 0x3e0ebc28, 0xe33b4e31, 0x313b0307,
	0x7e145b5b, 0x402a2278, 0xc740405b, 0xa89131d5,
	0x3115a831, 0xdc151591, 0x2954acb8, 0xdd22a009,
	0x8d15402d, 0x4e28f6ad, 0x318d1423, 0x5b49fc8d,
	0x22310007, 0x4aad28e3, 0x868d2d44, 0xec87bfd3,
	0xf6bfc89d, 0xd5fc1523, 0x93392d15, 0xd59f9f87,
	0x21df9214, 0xbd9312bf, 0xd6b0ef19, 0xe2e7800e,
	0x3c9f9622, 0xfcd7cc32, 0x87ec0950, 0xbce91ed1,
	0x232340ad, 0x2b03008d, 0x400b4e4e, 0x4e2d3b50,
	0x82314622, 0xfeda2a03, 0xe3495b99, 0xec9e2af9,
	0xd715502e, 0x5bb52829, 0x508ded55, 0x0cefe3ad,
	0x499081c6, 0x16a8fa82, 0x78bc1540, 0xf61d2323,
	0x1dad315b, 0x2229495b, 0x9c59035b, 0x5b1512b5,
	0xfc15d4ef, 0x1dbf123b, 0xb036b51d, 0x46d50d76,
	0xbf2a91e3, 0x9f541212, 0x760ddc85, 0x2e817832,
	0x2d6c99e6, 0xf6fccc2d, 0x778240bf, 0x4ee64c77,
	0x4a07121d, 0x7c9c825b, 0x15fafa51, 0x431d503b,
	0x8b1d4323, 0x033bf7e8, 0x4990922a, 0x18e91840,
	0x6c82169d, 0x0359039f, 0x008d9b82, 0xf9879629,
	0x8d29862e, 0x03e6f50e, 0x42390340, 0x1d504346,
	0x43235b46, 0x5b402912, 0x6095d7c3, 0xe9503b5b,
	0x162e401e, 0x005303f7, 0xad493149, 0x9c2cd34a,
	0x927843c8, 0xac639f22, 0x11a86b6a, 0x3539e1dc,
	0x546a9f92, 0xd5df555b, 0xbc5bfc0b, 0x15bf221e,
	0x4c03b40d, 0xeb06481e, 0x23c01559, 0x1d507842,
	0xb500920b, 0xfce34e8d, 0xb50b503b, 0xa4dc18fc,
	0xc603d3f8, 0xd5c0362d, 0xd591dfe2, 0x4a50863b,
	0x7167f5d1, 0x3bd7b575, 0x9fb7033b, 0x044643fc,
	0x3b4982e6, 0x49f79950, 0xa8090916, 0x4a4e220b,
	0xdd234a91, 0x2303117e, 0x433e5049, 0x7ef81135,
	0xad12e32e, 0x687755b5, 0x214e121b, 0xd531a092,
	0xe8c0e2ec, 0xfc919f54, 0xfeb5035b, 0x40a4aca5,
	0x0103dd82, 0xb79c48fb, 0xcc1878fe, 0x43431ee9,
	0xa0362a50, 0x1d2e4fc3, 0xb59569fc, 0x3b153bf6,
	0x81c6dd5b, 0xa89fa931, 0x81e2a182, 0x71c78d12,
	0xc7e1efa7, 0xa8142d50, 0x149cd1d4, 0xfc3e4e14,
	0x04502a92, 0x4940401d, 0x29925b49, 0xe68df600,
	0xc3222df3, 0xb54e1e0e, 0x96871515, 0xa43c9796,
	0x0909d52e, 0xf0ca5415, 0xef0cbf6a, 0x2e992939,
	0x71421e96, 0xf6295b54, 0x2c4990b5, 0xd1acbc2a,
	0x148dbc82, 0xa6e2ef16, 0xc56e71e8, 0x922eb4b0,
	0xe85aca92, 0xf6848782, 0x9f210015, 0x3badf609,
	0xd5239929, 0x86daed8d, 0x29f81f2c, 0x67b42a42,
	0xe944122b, 0x3b4e00b5, 0xd53c763b, 0x8635bfa8,
	0x3bf6280b, 0x15310743, 0xb554280b, 0xe3430b8d,
	0x71218d2e, 0x8dbf93c7, 0x9d76fc50, 0xd5002ad3,
	0xdaf7002e, 0x9b259b36, 0x2d77d507, 0x14f68b90,
	0xe25d77c3, 0x310990fa, 0xdcb51515, 0xf53c6af0,
	0x4e9ab53e, 0x69cce8a8, 0x3e8235ef, 0x78ec1ea4,
	0x2d6cc092, 0xad1d3500, 0x78189699, 0x161d4981,
	0x822d9915, 0x9f2d7785, 0x8b1bb01e, 0xd6d6b52d,
	0x46499377, 0x15464040, 0x09d1f343, 0x3e9114d7,
	0x3b238bd7, 0x2916f304, 0x90b58b4a, 0x46500b2d,
	0xe98b90bf, 0xe7df7712, 0x1e040722, 0x28d68de7,
	0x255a3950, 0xf8efef2a, 0xf912d507, 0x2d5b9954,
	0x1276764f, 0x8116548b, 0xfafc8dad, 0x09319f54,
	0x4e313109, 0xc743b58b, 0xf512d122, 0xc34e21dc,
	0x40008793, 0x03071d2e, 0x82217023, 0x404a0078,
	0xca8b7828, 0xc3fb9c7c, 0x9a79eecb, 0x13b7aedf,
	0x7b4a31d3, 0xe34a4384, 0x5b3e2e91, 0xbf750b03,
	0x1d40dc75, 0x094a073a, 0x28dd93d4, 0x094643f5,
	0x50ad1523, 0xc3869dbf, 0xd576843b, 0xf021a091,
	0xb515b590, 0x14fc315b, 0x86d14a4a, 0x50498d54,
	0x12f9408d, 0x0d9fad86, 0x095b0023, 0x15e309d7,
	0xfa78005b, 0x3eb59031, 0x500b1516, 0xf391bc42,
	0x434e3b12, 0x225000dc, 0xe711fc4e, 0x86fcdaf8,
	0x781b00da, 0xa8efb8b3, 0x1e2d77c0, 0x8d2d8d3c,
	0x78cae2e8, 0x5003fc0b, 0x8b030096, 0xf9d5f396,
	0x00c375d7, 0x764f9d07, 0x151ef335, 0x3e0b4ac3,
	0x0b8b298d, 0x1212e612, 0x14fcc89d, 0xef399500,
	0x0b49156a, 0x23fc4e1d, 0xd3bc9643, 0x819aef95,
	0x76761231, 0xed255b4f, 0x153ed509, 0x43f55dc6,
	0x03b8816d, 0xbffa0bd3, 0x282e0028, 0x18a84259,
	0xad07b4f3, 0x99075bfc, 0x032a8299, 0x4a2ed440,
	0xac463182, 0x23bc782c, 0xe3d51654, 0x99d75af9,
	0x16e33128, 0xf6504f43, 0xdcd58bbc, 0x99435490,
	0x15750ef3, 0x9f030075, 0x141bb079, 0x254f8796,
	0x038ddcad, 0xf1434046, 0x154f426b, 0x21e2bc4c,
	0x1d22f36d, 0x2d14c31d, 0xe2dc9112, 0x82c66cdf,
	0xee4c865a, 0xe9cc8d44, 0x711200a0, 0xd7693c11,
	0xbff3f3d1, 0xefa4dd93, 0x2d16f5b5, 0xca50004a,
	0x005069b0, 0x03e42849, 0x8d2db5fb, 0x0976e4bf,
	0x9f3bfc8d, 0x6d4f4236, 0x1d2ea800, 0xe307d187,
	0xa8f3074a, 0xfcf7c531, 0xad49fb54, 0x9f29a80b,
	0x8d3c0353, 0x9bf5e693, 0x22cc535a, 0x2ac6f32e,
	0x22908d31, 0x3b3bb5e3, 0x1218d543, 0xc6d39fbc,
	0x3be3e307, 0xd429e75b, 0xc02d6c29, 0x71e1a822,
	0x6e1f1ea1, 0x7e288b9d, 0x3e729255, 0xd579b40d,
	0x93769df3, 0xe85782bf, 0x289fdaa0, 0xe70315fc,
	0x1dd5b497, 0xddecad3b, 0x1616140b, 0x2a0343fc,
	0x15bf1571, 0x122d2da0, 0x43464a96, 0x936dfa1d,
	0x18184600, 0x31360315, 0xe8b540a8, 0x258d5090,
	0x92a53925, 0x7114e6a8, 0x461bd3ca, 0x49da923b,
	0x2e22fc99, 0xd41df511, 0xd34e2215, 0x12ef99c6,
	0x16463a6d, 0x16992a4e, 0x9dbc951d, 0xb8a1c6fa,
	0xe9cdcbed, 0x90fcf69f, 0xca0bfbdc, 0x2e77ee97,
	0x2e861464, 0xe15a39d5, 0xa8fb402d, 0x861dfc03,
	0xad961135, 0x920d291d, 0x094ead31, 0xa035ad14,
	0xc61d9291, 0x5aa475e1, 0x3b3ba8da, 0x9f235000,
	0xf82a16d1, 0x2e785d96, 0x40158292, 0x2aa831ad,
	0x4f92c0e1, 0x0de69140, 0x0b3c774c, 0x1d87e790,
	0xe31d1643, 0xe3d4d618, 0xc8150303, 0x465bd5e7,
	0x1da84ad1, 0x5b29464a, 0x03a0958d, 0x9c53efd5,
	0xb4cd6048, 0x491dd5ee, 0x53908d31, 0x91e6e99b,
	0xe60b005d, 0x3c864404, 0xefa08b8d, 0x1d004e69,
	0xa8e28282, 0x86b4fce6, 0x96003140, 0x46f78b8b,
	0x000c8686, 0x27a9ee6a, 0x4a4a6936, 0x2d994e87,
	0xf8a48096, 0x912e7897, 0xd55be203, 0x99991650,
	0xef9a752d, 0xe9df0399, 0x776eb071, 0x4e07871d,
	0x12901d4e, 0x0b8209f5, 0xad462d28, 0x3b508ba8,
	0x0300f376, 0x5d78d4e3, 0x3eef4243, 0xf07e4200,
	0x716e4c0d, 0x508df686, 0x4c2d559a, 0x281b4c60,
	0x11ca9ada, 0x1596823b, 0xc3fa28ad, 0x6e4e0bdd,
	0x464a92dc, 0x4a31bf24, 0x258291f6, 0x0303da5a,
	0x252c1182, 0x1f529ea0, 0x23f3c8c2, 0x5bca86d5,
	0x3be6dd6c, 0xa82e4ea8, 0x124e3e59, 0x2d16a8d7,
	0xd53e008b, 0x4f443131, 0x2a9df8d3, 0xbf2de331,
	0x8d5081e6, 0x2a7229a8, 0xd7495bd7, 0xd1d5b549,
	0x50490777, 0x0da71ee6, 0x769d1291, 0x76189dd5,
	0x3b3bd7ec, 0x3ead7512, 0x1e934487, 0x39c34c4c,
	0x9672da55, 0x8bbcc6b5, 0x2a96f691, 0x694e3e53,
	0xa4dca1dc, 0xd382ca3c, 0x5b784a80, 0xcccca0e7,
	0xf3d6d9cc, 0x79d9a7f8, 0x46f76a21, 0xeff04800,
	0x5082ccbf, 0x6c2d2814, 0x3bd59f95, 0x86e61596,
	0x4e5b16f6, 0x540915ad, 0x6ae2006c, 0xd4bfecda,
	0x22adad43, 0x314e8b96, 0xda03e314, 0xb49db540,
	0x2d8b1dd6, 0x6ad3da0e, 0x8d12c616, 0x7570c3f5,
	0xf6e6462e, 0x1e86e643, 0x9f82f54a, 0x9d76762d,
	0x998d0b35, 0x2ab86764, 0x12f33ed7, 0xfdda2d53,
	0xfc160382, 0xd18da5d6, 0x5590f54c, 0xc36c9e68,
	0xd3e477c8, 0x22126e6d, 0x150e8623, 0x8d9f5a03,
	0x9c9b6a12, 0x6a2df503, 0xf3f8b062, 0xe615ec3b,
	0x14d75b46, 0x963ead70, 0x1de20e92, 0xfcec801b,
	0x4050220b, 0x3e121603, 0x91403b16, 0x44f9dd40,
	0x4029904c, 0x3915f6d7, 0x872953a8, 0x9b5bbf87,
	0x81efe646, 0xf387bc28, 0x787e21d5, 0x76bfbf5b,
	0xf75b32c0, 0xcaa967d9, 0xf5e64e6c, 0xeb0b5b5d,
	0xe6465b67, 0xf7595a87, 0x78995900, 0x3e03a4fa,
	0x4f0e0b03, 0x4e3e77dd, 0x1b3c4323, 0x31f5e715,
	0x5239c315, 0xa5e77868, 0xd5f9d92c, 0x2e125b0b,
	0x2e4a14bf, 0xca0d0392, 0xa4dc712a, 0xfc9fb6e9,
	0xd1f5dd16, 0x44f3da78, 0x548b2812, 0x0b439fad,
	0x9f493954, 0x8150221e, 0x0395da87, 0xbce29650,
	0xddd7dd9d, 0x931696c6, 0xc8bc99fc, 0x7e75152d,
	0xcc9f2c96, 0xcc53e9b6, 0x81f34329, 0x3cada003,
	0xe646753c, 0x408b820b, 0x9ae240da, 0x2ddfda6a,
	0xdd2de2c8, 0x1d8d715b, 0x25aca129, 0x0bfb549a,
	0x2c2a9603, 0xfeef2c55, 0xf39dc897, 0xe378818d,
	0x934f930b, 0xc33e9abf, 0xd532acef, 0x28792b37,
	0x80a4152d, 0x3277399b, 0x25284950, 0x4ee3915b,
	0x48b54016, 0x462df9c2, 0x12ef96f9, 0xd36ce912,
	0xef770393, 0x07d7fb2d, 0x9c20dca0, 0x03e1f5dc,
	0x8232a5a1, 0x9090bc2f, 0xca4a1dad, 0xdf9592b8,
	0x504af563, 0x8290bc12, 0x9ffe032d, 0x6c90686a,
	0x030b9216, 0x1d2d9f5b, 0x4808ca07, 0xe72c36dc,
	0xa4925bfc, 0x25789f6a, 0x31039f7e, 0x93c650f7,
	0x4215f992, 0x964ffaec, 0xc0cf5d3c, 0xd5d57797,
	0xba4c1b90, 0x369eee7f, 0x2555efca, 0x433b03d5,
	0xa990994a, 0xca15d3d6, 0x926c03d7, 0xa56a25d3,
	0x23d77782, 0x92404675, 0x20d6b4f7, 0xfb110344,
	0x7e32f02d, 0x408d6ab3, 0xebd331b5, 0xe8dfeb2a,
	0xf340df1b, 0xf715034e, 0xb8e19f54, 0x0b9f90e8,
	0x1614a83e, 0x1d4e8b22, 0x1ff0c586, 0xdd5348e9,
	0xfcd78103, 0x4995e7d7, 0x2914e60b, 0xc396bc82,
	0x8dc64af3, 0x59a82dd7, 0x9f819fe2, 0x1512779d,
	0xd663e172, 0xa9a5b6c1, 0xa920b163, 0x762e4f1b,
	0xb79fe682, 0xb74f751f, 0x034e8694, 0x0f18a41e,
	0x50230ef8, 0xa04a4e4e, 0xd90fd746, 0xda87a886,
	0x35e7ca1e, 0xfa00441f, 0xda8b4029, 0xf55b9b78,
	0xd7ddf0ac, 0xb5549287, 0xd21ffb49, 0x0315c32c,
	0x46d11839, 0xfcdd813b, 0x6ed60d9f, 0x449ac24c,
	0x09da00b5, 0x49e34316, 0xe8bfe3bf, 0x9bc02d8e,
	0x2dfa9f90, 0xfca0789f, 0x8b149900, 0x40504e76,
	0xd793cde7, 0x20d96e1f, 0x73ee4cfd, 0x422246d9,
	0xa422a812, 0x2d1d1127, 0x1d99a1da, 0x7249495b,
	0x6971d750, 0x9c8b3140, 0x511b6836, 0xccc6c04f,
	0x3b9380b0, 0xf90bc06d, 0x8b15dc55, 0xf6bcbf2d,
	0x0c77e691, 0x76796d93, 0x2a854243, 0x7e151277,
	0x124616bf, 0xd5169193, 0xae59bf87, 0x59fbadca,
	0x3b86d555, 0x295ba843, 0xd3daec28, 0x905b9100,
	0x8d85dacc, 0x9ae82831, 0x82930b39, 0x00233e86,
	0x40df4854, 0x77c83596, 0x1f2fd9ed, 0xd71df60e,
	0x1854df87, 0x23f679e9, 0xcaca55ca, 0xc68b036a,
	0x1e19bf95, 0xa995283e, 0xe2a1255a, 0x59148293,
	0xd703accf, 0x2ebf2d77, 0x1d8dad00, 0xf9713e4a,
	0x87d5123b, 0xf9d31287, 0xbdac96e3, 0x80316dc8,
	0x78034e46, 0xe6434a7e, 0x5adfd11e, 0x3ee29fae,
	0x2ef37811, 0x234f3efc, 0xe62ee3a8, 0xa8093e9f,
	0x685a9c32, 0x25a00b14, 0x25869621, 0xe62e3e40,
	0x143551f5, 0x6ed11e50, 0xee62c808, 0x2e4eec4c,
	0x9db4febf, 0x234e764c, 0xe2e2e2f3, 0xbf43819f,
	0x8e2d87a8, 0x2a1b4481, 0x559fdc52, 0xfbc6d59f,
	0x59efb042, 0xf3f36403, 0x409190a0, 0x1e1e2100,
	0x2dc8e987, 0xd7ca2e9d, 0x63d94cd3, 0x9d443b9c,
	0x35035b50, 0x81f39612, 0x2539a49d, 0x0ec3542c,
	0x4a0d2ca4, 0xa8d59d4a, 0xd44a4614, 0xd709d3da,
	0x32e925ac, 0x001e969f, 0xb4fb7e03, 0x028000c0,
	0x963e5325, 0x1be7d1c8, 0xd71690c3, 0xa8b53e40,
	0xcfc876f3, 0x82ebcaa1, 0x9609296a, 0x420e0d71,
	0x119f96f5, 0xfa09ef11, 0xf36d4631, 0x449d86c3,
	0x63f89028, 0x11adf635, 0x3e86e6b4, 0xa1ac259b,
	0xe375e28b, 0xa4e25022, 0xfb864f5d, 0x9596d16a,
	0xefcc3ecc, 0x6aef9be1, 0xc2d92291, 0x4f754c6e,
	0x35b4350d, 0x604c80c6, 0xf5e7d7a4, 0x16f609c3,
	0xc02142bc, 0x9dbf532d, 0x7935c60d, 0x9ff5441b,
	0x964ea0dc, 0x2efcf5c8, 0x3b92c650, 0x23963eec,
	0xc8357550, 0x28b1774c, 0x1d434329, 0xacf344fc,
	0xa11ecbeb, 0x9a3e9fb4, 0x2ed484a8, 0x3c9a4016,
	0xf7a03ef5, 0xd75095cc, 0xa49d15f3, 0x9f9b517e,
	0x4c441531, 0x4448946e, 0x25e7536c, 0x2b25b0a4,
	0xee3ebc4c, 0xc6930d0e, 0xcba4224e, 0x556a5520,
	0x86fb423c, 0x7691862e, 0x21a99453, 0x5b462ee7,
	0xcd71e75b, 0x9dc6faef, 0x39599d4e, 0x32a4b09c,
	0x93226cf3, 0x2e509fbf, 0x8750e681, 0xfcb54350,
	0x87874414, 0x592c9ef8, 0x40d78129, 0xac115499,
	0x9cb40fca, 0x00aca5f0, 0x429209f7, 0xac31d7bf,
	0xa015f5f6, 0x142295e7, 0x4491f3bf, 0x9515556a,
	0x1154a0e6, 0x4fedb82f, 0x9c39e775, 0x4cc00e6a,
	0x9df30d79, 0xa4c0a43e, 0x631e143e, 0xa03918f0,
	0x5dc01ec0, 0xf91e71f3, 0x9f630652, 0x93d714c3,
	0x0d632ce7, 0x1e81789b, 0xc014d523, 0x5ddff8c3,
	0xe328d753, 0x463b46f6, 0xa84376e6, 0x1523310b,
	0x35984321, 0x93e832c6, 0x72bcc093, 0x698692f7,
	0x9e62ac48, 0xfba41b97, 0x5999a829, 0xd7ddf376,
	0x54c04fbf, 0x59fb8b44, 0xa5822350, 0x685255a5,
	0x1b711693, 0x8639b848, 0x21acbf16, 0x358781ac,
	0x3e808687, 0x86f821fb, 0x719d4ed7, 0xa553b4ac,
	0xc36a9e9b, 0xa11beb86, 0xc80f1f48, 0x16f5c887,
	0x25538215, 0x0e77e1e2, 0x3b2ee695, 0xa4ac0e35,
	0x2299828b, 0x43e64a96, 0xa8e34398, 0x96e80914,
	0x44d7965a, 0x87f596cc, 0xc0804fa7, 0x46229686,
	0xc0b07e90, 0xd5f5c051, 0xe3e446a8, 0xe6a82e3b,
	0xb8254f81, 0x55f7cc95, 0x63a12990, 0x55ca8e62,
	0xe7f78b42, 0x43c6ccdd, 0xac9dbfd5, 0x870df8bc,
	0xae445035, 0xbceffeca, 0x4f4f9116, 0x69e2c8ef,
	0x9f32624c, 0xb0df3ed1, 0xc86e0fd9, 0xe3c86d1e,
	0x86443959, 0x48eee86c, 0x6d760b1b, 0x93ac6a87,
	0x3b314999, 0xe38443a8, 0xe6e64343, 0x258ee893,
	0x4086f825, 0x0dccbc21, 0xf3efc83c, 0x4287919f,
	0xf7fb869a, 0x723e6ca0, 0xe64343c0, 0x16091491,
	0x555ac075, 0x82035532, 0xe8952882, 0xa0ac75ac,
	0xf9fb99a8, 0x465bb5bc, 0xdd2ebfe6, 0xf3d971df,
	0x9c8786f3, 0xc3c855b7, 0xe251c0f5, 0xf8c018bc,
	0x9153cb77, 0x860bf3e3, 0xd4bfc835, 0xe61d91e3,
	0x91a8ddd7, 0xcd9dfc3e, 0xb4697e71, 0xa43e7535,
	0xd7151d31, 0x3b124029, 0x86f33e75, 0xdaf7fb2d,
	0xdf3e3c35, 0xedcafe2d, 0x50e271ed, 0x976ea859,
	0x09fc6c11, 0x95fb2931, 0x280916b5, 0x09a442fe,
	0xf85415ad, 0x551be2fe, 0x86d7f878, 0xbcbc8793,
	0xf3a4f5f6, 0x4ec3210d, 0x14a87587, 0x08f86981,
	0xee1884b4, 0x32c83253, 0xe768d325, 0x68320da0,
	0xbff80db4, 0xe3a8e387, 0xe32e1e87, 0xd7096d84,
	0x9328d7e6, 0x877646e6, 0xf0690d0d, 0x753ef56a,
	0x81ef155b, 0x401d0b23, 0x9fe8caa8, 0x28225b16,
	0xe2da9293, 0x209e5572, 0x230b530f, 0x184cb5b5,
	0x810be854, 0x1623b581, 0xac545450, 0xf39db069,
	0xf391f750, 0x54f52100, 0x1ef84c71, 0x423e0db4,
	0x3544933c, 0xa05d114f, 0xc3fa2886, 0xcfeea4d7,
	0x6e2b8787, 0x321ea0f5, 0x539c0897, 0x1bc053a1,
	0x87b4449f, 0x872e4a42, 0x1591186d, 0x09f78e5a,
	0x2144509a, 0x441675f9, 0x6a0df3f3, 0x4fc395bc,
	0xdaf396fb, 0x28461615, 0x0b4e4e29, 0xdd9f2840,
	0xf6164a29, 0x61a5546c, 0xfc91d91f, 0x2ed45975,
	0x3e09f64e, 0x14df7296, 0xf0cacc90, 0x43a49bf0,
	0x86d10e3e, 0xbf44fb4f, 0x9d351875, 0x2271bc3b,
	0x439a544f, 0x160d76bf, 0x2172f7dd, 0x18bc32dd,
	0x0e7eb035, 0xfe8b150e, 0x621f059e, 0x9a6c541b,
	0x7635c81e, 0xd40eec42, 0x16b42bb4, 0xcc512c50,
	0xd1fbb855, 0x7ec6079d, 0x3cd1e675, 0xd716bce2,
	0x5054993e, 0x6df8d709, 0x82919884, 0x9995a892,
	0x4efb96a8, 0x4768fc23, 0x158708b6, 0xf386e34a,
	0x5da05478, 0xfab5e8b0, 0xdf923959, 0xacb077b4,
	0xe3d1443e, 0xf3879d43, 0xd1753ee7, 0x1e079387,
	0xa046c3f3, 0x23868623, 0xfbacef6a, 0x0feb3ef3,
	0x91186963, 0xe2595991, 0x9cb60fbd, 0x22918be2,
	0x8614fcbf, 0x3ef996d7, 0x4f42ecfa, 0x09461491,
	0xf7310993, 0x2596449f, 0x4f933e3b, 0x4c218b3c,
	0xfc16548b, 0xf3797815, 0x53dd3b1d, 0x2959d5fb,
	0xa8464344, 0x4844153b, 0x14464820, 0x814a4096,
	0x938175f3, 0xdd6c5393, 0xdf4fe8a0, 0x0ecdeec8,
	0x0b21775d, 0xa83cd13b, 0xd1911b6c, 0xa8e3f6c3,
	0x8d914f09, 0xe2d1919f, 0x71dd9b99, 0xa5253e91,
	0x351eacf0, 0xca42a555, 0xfecbcb9e, 0xd79f5540,
	0xd5f3e614, 0x0e764040, 0xfafe5382, 0x762e4343,
	0x9d4ed1f9, 0x93a03cd5, 0xe6a8c60d, 0xbd3ef5a4,
	0x9146f75d, 0x445a2142, 0x5addd1d7, 0x14c62e9c,
	0x4043bff5, 0xc6a83154, 0x233132df, 0x4614bf4e,
	0xf5930e3e, 0x91c31175, 0x93c34fe2, 0x12776eb4,
	0x931ec81e, 0x54dff343, 0x80cd1be8, 0x156d867e,
	0xe899f5e8, 0x1b251b8d, 0xdaf53268, 0x2cc61491,
	0x87c8c2cf, 0x2f905267, 0x90e8e297, 0xc0f732e7,
	0xf3e6e6bc, 0x0ef98646, 0xfa82445d, 0xe3e3e643,
	0x9191c8d5, 0x87bc864a, 0x4629da7e, 0xa14f9f9d,
	0x16e3d1b4, 0xa4c89b12, 0x48f878ad, 0xf64a46c0,
	0xe84efcdd, 0x93e85a57, 0x5043bc77, 0x0b4a3b75,
	0x9191f9d1, 0x756c5d21, 0x4ff51682, 0x151ebf93,
	0xfc759dd1, 0xe2cadde6, 0x605453dd, 0x8035a5bd,
	0x403e96ca, 0x92486854, 0x0ec0d5ac, 0x77d50b1e,
	0x9d0f6008, 0xb655f871, 0xfb910eb4, 0x774fdf6c,
	0x8186863c, 0x87d5e62e, 0x92724475, 0xe3e44ebf,
	0x164ed14f, 0x87ee4c4a, 0x2e007e42, 0xace1964a,
	0x00440780, 0x769d9316, 0x77dca422, 0x2215f6df,
	0xe10009d3, 0xc8552a36, 0x9a924cc6, 0x4e16e1cc,
	0xe27e9a81, 0xa82295c0, 0x129616bf, 0xd5f97581,
	0x50f53ef9, 0xfa95f5fc, 0x9b969fc6, 0x3ec6cab6,
	0x03e82b00, 0x55fe9c2d, 0x9b5087df, 0xeef9d50e,
	0x0d08d6cd, 0xfe546979, 0x444f86b4, 0xf9189dc3,
	0x1411691e, 0x8d141423, 0x12c3f93e, 0xe6e312a4,
	0x3bfbbf22, 0xb0180e43, 0xd114070d, 0xf7ef7299,
	0xf650e321, 0xe69dbf90, 0xe8c31e14, 0xfa813b00,
	0xc61582cc, 0x7edf6a77, 0x6ae76a9c, 0x0b40fbc6,
	0xa1e1e723, 0x3b906cfb, 0x754e4fc3, 0x6d35423e,
	0xdd78f8d7, 0x5981910b, 0x0d0eb0c0, 0xf886ef94,
	0x78c0d469, 0x687e511b, 0x1e759ddf, 0x1e5d42b0,
	0x68cd4ceb, 0xe295b652, 0xbcbc4f40, 0xa15d18b0,
	0xdf25eba1, 0x3e492efc, 0x9114443e, 0x93876a78,
	0x91cca8c3, 0x2cac0eda, 0x6c4fe625, 0x5953253c,
	0x42c331f8, 0x912ee781, 0x5b546a91, 0x0b092e8d,
	0xf99391dd, 0xaca44243, 0x9582257e, 0x8d1616bc,
	0x9c1be89a, 0x91c69aac, 0x9f918691, 0x355d4f21,
	0xc0ac6add, 0x7e80ecf5, 0x1ee63c25, 0xb4c6b0a5,
	0x530d1f2f, 0xc6c6dff0, 0x5d1ebf5d, 0x12117e2b,
	0x63c0cb5a, 0x991b1ef0, 0x5529c399, 0x72a0b1ee,
	0x6c9f5dc0, 0xcc3ccd1e, 0xda542192, 0xc63532ef,
	0x111595da, 0x32800e21, 0x325d3bc8, 0xf553956a,
	0x5d78adf8, 0x96296ce2, 0x15403950, 0x4fd73b99,
	0x2e0b1df6, 0x87d99122, 0xd74e9d46, 0x09a8ada8,
	0x7169b450, 0x9de96c55, 0x9a958287, 0xef540951,
	0x86e12c59, 0xe9a4f935, 0x2e35638e, 0xb09da44c,
	0x9e532bfd, 0x1ee6dfed, 0x423e0d3e, 0x77c8699c,
	0xbdd19318, 0x311b3ea4, 0xacdf9d81, 0x68fe69e9,
	0xc36ce2e7, 0x7897fddd, 0x685b8bef, 0x9a441b9c,
	0x788e5582, 0x1b9c6076, 0xe1daac93, 0x2c8e9f9f,
	0x1b5d55ca, 0xa09a5bcc, 0x994925df, 0x99031db5,
	0xa8462816, 0xd186754a, 0x43e37687, 0x969122e6,
	0x6ac0a075, 0x35f3ccef, 0x4f86c040, 0xbc44445d,
	0x4f5325e8, 0x539d2118, 0x93e2fbbc, 0x9dc3530e,
	0x9beed5a1, 0x4f3553b4, 0x5d864fc6, 0x7787c875,
	0xb497d9b0, 0x6c53441e, 0xf5f525dd, 0x68a1971e,
	0xc39beb9c, 0xed9b77c0, 0xe151481b, 0xe259e2eb,
	0xebe2bcf7, 0x958262b4, 0x6872ac86, 0xa52c6c9d,
	0x42b4722c, 0x7292fb95, 0x82e75ac8, 0xe718d71d,
	0x4a0e03f5, 0x936843e6, 0x402e3b1d, 0x759d1540,
	0x789a92e2, 0x9dd1531b, 0x12c309f5, 0xa04296ef,
	0x4f1ebc39, 0x819135c0, 0xc5facc15, 0x931431bc,
	0xf0d91bdd, 0x5153591e, 0x44b4f3cc, 0x6ab48791,
	0xa4b0c297, 0xac35c0d1, 0x86df5d9b, 0x94970ddd,
	0x31bdfdbd, 0x5597c691, 0x55a1f208, 0xe2a029d9,
	0xef55e79a, 0x5d5d5df0, 0x1e3cac11, 0xed517118,
	0x1b32750e, 0xa43c6ae7, 0xfd320d32, 0x2111913e,
	0x821e5a82, 0x283ee3b4, 0xd71d75a8, 0x5dd309e7,
	0xedfec075, 0x0e188e2c, 0x095009c6, 0x4991a016,
	0x59bcbc00, 0x96e6d786, 0x54f60954, 0xa4e34307,
	0x51fdb7ca, 0xf7dfc0a4, 0xc64fc3ad, 0xb0879dd7,
	0xcc60c2bd, 0xa475c391, 0x143c4c0e, 0x25e86afc,
	0xc3ac9cb6, 0xeda5e7f5, 0x14edb863, 0xa19511f3,
	0xa1e815a0, 0xa5efacc0, 0x1239f8b0, 0x67aeb4cb,
	0xc3e7a40b, 0x5d77a5ef, 0x0f2be282, 0x6a6295b0,
	0x7ec8bcd7, 0x0b2323fb, 0x16234082, 0x35460981,
	0x3c425df5, 0x71b4b1f0, 0x3cbfdd54, 0x35757149,
	0x81d5ef53, 0xc3c3f56d, 0x14468699, 0x5a0e24e6,
	0x51cf97c2, 0x86a1950d, 0xc80dc3a0, 0x42d176d1,
	0xcd52c220, 0x9387359e, 0x163eb421, 0x9b3c3ebf,
	0xbcbc2c53, 0x63f859a0, 0x876e6362, 0x976e1e9d,
	0xe2e7593e, 0xb0ac35c3, 0x0ddf9e0f, 0x20ed97f8,
	0x3edd9dec, 0x32bda171, 0x949ee28b, 0xcfb6cc1b,
	0xca64ad93, 0xbf14fc03, 0x28915995, 0x3e3e9650,
	0xbc11b03e, 0x350ef8a1, 0xda639bc0, 0x00357851,
	0x6cbfbcc0, 0x914f0943, 0x75f55bc3, 0xe111c6f9,
	0x1125942c, 0x1835c6bc, 0x779d7676, 0x21f3f380,
	0x526e2f69, 0x549d2bc5, 0x91c635ec, 0x6a1881ad,
	0x8675e8b0, 0x51a172c0, 0xd5979b3c, 0xfd9b8087,
	0xbfe23225, 0x9735a43e, 0x75a5c22f, 0xcd0d9c67,
	0x8614095b, 0x546af896, 0x55e29009, 0x790f9a99,
	0x6ae14f75, 0xd40b3b1e, 0x0916a000, 0x96c3f751,
	0xb5a08186, 0x91f33b4e, 0xb0cfa47e, 0x75f35dac,
	0x2829bf86, 0x40405087, 0xc0499954, 0x59dae1ca,
	0xc05555e7, 0x82869350, 0x18444f87, 0x3ed7a818,
	0xbdedf03c, 0x54930fcd, 0xa035f544, 0x2bf3c309,
	0xf39d35ee, 0x6c86ac3e, 0x0dc34490, 0xeb9776d9,
	0x11df3c9b, 0xd980f84f, 0x3c60200f, 0x35df6aa5,
	0xf3449182, 0x40c7f8d4, 0x78e8f540, 0x9e2f0049,
	0x1ebc21f6, 0x513649f9, 0x4af6c809, 0x3e9fa8a0,
	0x8b9f75ec, 0xc376f6f6, 0x764c0d93, 0xd13e86b4,
	0xc3f39f86, 0x81a009d7, 0xda81bc15, 0x4ffdae2c,
	0x23559fe7, 0x9582c344, 0x9195814f, 0x71e8d52d,
	0x180deeeb, 0x7ed9cb0e, 0x8d752ef6, 0x48406c9f,
	0x2e449277, 0x72534a93, 0xf996a81d, 0xeb9c4cd9,
	0x693c3ea1, 0x2b0d18a4, 0x0dbdcdb1, 0x96ecfd69,
	0x039f9c2a, 0x35420e6d, 0x8282f63b, 0x86f31403,
	0x3bc72ce3, 0x9b55ec2e, 0x4ebf97dd, 0x431d4616,
	0x81863e3e, 0xfce3fc1d, 0xf387c842, 0x76d5c34a,
	0x864ad191, 0x141640e6, 0xbc92f3f3, 0x4c1f0fe9,
	0x7500f9e6, 0x53539d22, 0x9594236d, 0x97acf897,
	0x7511711f, 0x11692b18, 0x4014913e, 0x52f0681b,
	0xecbf5a9b, 0x1b000e87, 0x447140b5, 0x55cf0d6e,
	0xc0fb5532, 0x5db00e2b, 0xa10d18f8, 0x1860aacf,
	0x542390d5, 0xa0682c7e, 0xcb327642, 0x28e74ad5,
	0xe639ed82, 0x1ba44eb5, 0x462ec316, 0x932e3bf3,
	0x79549f93, 0x91464f0d, 0x7e0d9b21, 0x434e5b6c,
	0x86bf4f14, 0xec16e315, 0xbff376d1, 0xd5ee1f6e,
	0xee079d46, 0xc0d187f3, 0x77ed5b93, 0x2cdf0db4,
	0x4f11189c, 0x9fcd6eee, 0xedbdc381, 0x62bdfdbd,
	0xa493f553, 0xa1a1699d, 0x182bd1e6, 0xf02518c3,
	0x3e78e751, 0x69c60dc8, 0xda928614, 0xeec2fdb1,
	0x4efc2800, 0xda1b6976, 0xf3469dbf, 0x39999211,
	0x54b8b662, 0xf84a9a99, 0xd159daf9, 0x6d914e5d,
	0xee3efa9a, 0xf62eb54c, 0x3efbcc81, 0xada8f3c8,
	0x6df3e691, 0x87bf443b, 0x14a85b93, 0x2ee6d415,
	0x69d40b0b, 0xf58718a1, 0x129d87bf, 0x7550f3e3,
	0xa1e9acc6, 0xc89d6e6e, 0x93d74cd9, 0xcbb44ca4,
	0xf686761f, 0xd9956c86, 0xf9ddd1f3, 0x0d6cfb76,
	0x5d2532ee, 0x93693cb0, 0xdde83576, 0xc2639efe,
	0x3115555d, 0xe731b550, 0xfa4f9bc8, 0xe2a0926c,
	0xe281f321, 0xbf99294e, 0xef75ddef, 0x754f9621,
	0x7586ec0b, 0x95f6091e, 0xe7729cf7, 0x4e9193f5,
	0x93dddf96, 0x1ea1c64e, 0x75d7d7d5, 0xdd871ec6,
	0x120ed728, 0xf512f31e, 0x9d2ed90d, 0x93358776,
	0x1e774996, 0xf8cb6087, 0x810d6e39, 0x189f9b6a,
	0xa091184c, 0xf3a19a42, 0x9115b56c, 0xa095f3c0,
	0xa0c60dc0, 0x35813275, 0x21c60d71, 0x63f878a0,
	0x507718ed, 0xef5415f6, 0xfa771f4c, 0x314f9500,
	0x284e3b15, 0xd4bf16c3, 0x699bf89f, 0x9653b0f0,
	0x5d11350e, 0x29751622, 0xa05a9b9a, 0xc3bf8791,
	0xdf78dd3e, 0x9fbfc3d7, 0xbcc6869d, 0x9d9b7593,
	0xf31e2e22, 0x3e77f63b, 0x966dd935, 0xb6b03e0e,
	0x4f324451, 0x0bf0d6a4, 0x1e3c9391, 0x424c874c,
	0x9a87870e, 0x1853a5e1, 0x860e753e, 0xa1c09d9d,
	0x9542df86, 0x863e9359, 0x1818c3c6, 0x18930bcc,
	0x4f6eb49b, 0x16dd0923, 0x3ebdf6bf, 0xa88d6c28,
	0x9316d522, 0x928b96a4, 0x6e18f549, 0x8008bd9b,
	0xfeacb035, 0x921286e1, 0x162d6a78, 0x911e1514,
	0x3e7ebcbc, 0x8681f6f3, 0x9b969391, 0x2d759116,
	0x86f32e23, 0xc075a0c6, 0x4c9db04f, 0x1f979c1e,
	0x4cb4c84c, 0xf577c84c, 0x189b4c75, 0x6a354c4c,
	0x0b2e44a4, 0x68c69fb4, 0x1e7687a1, 0x3e86f3c8,
	0xfbe7a4ac, 0x54c35092, 0xace755e2, 0xd90edf9e,
	0x4ad599a0, 0x224e4ec3, 0x284f0914, 0x12fc2d5b,
	0x5940f72d, 0xe69dc8f5, 0x1b25e250, 0x2c9ca5c2,
	0x7260e1d3, 0x86bc8d9f, 0x0975445b, 0x86aca128,
	0x7112f991, 0x4475915d, 0x9bedc344, 0x3c212855,
	0x91f3911e, 0xa05014d5, 0x35f3ccfb, 0x9ba16e0f,
	0x3586f3d5, 0xf3c31eac, 0xeeb6a571, 0xcbb44c4c,
	0xb40da49b, 0x2c43911e, 0x0787cce2, 0x3e0d86d5,
	0x2125a1c0, 0xccdf3e42, 0x32fee7a0, 0x719d7e62,
	0x4e4ead49, 0x16140916, 0x31504423, 0xad91c68b,
	0x22f61212, 0xfc4e863e, 0x351e1109, 0x42f59c63,
	0xc8a4e99b, 0xc3a09afb, 0x49d50b15, 0x9f184892,
	0x42967693, 0xc6bff31e, 0xbdf0f512, 0xfdd39e32,
	0x1e809dee, 0x21f79d3e, 0x71f5f3ef, 0x9144bdee,
	0x9318bf77, 0x1e870ddf, 0x0f77c0a4, 0xa5773e77,
	0xcf776e0f, 0x82447162, 0x9387a49f, 0x117e39c8,
	0x967e5a82, 0x62d9b0f5, 0x635de2fe, 0x4f44df7e,
	0x9023298b, 0x318b8b31, 0xa83ba03e, 0x996cfb8b,
	0x4928b5e7, 0x4676c6f7, 0x7ed176d6, 0x23a0a563,
	0x3e12ecc6, 0x7586cc44, 0x23ddd531, 0xf971a972,
	0xc8f9acf5, 0x5dec6d4c, 0xee9d4431, 0xd6ed52f0,
	0xe9779b18, 0x18f9bff5, 0xdf93d5d5, 0xc6ef9bd3,
	0x1ef344c3, 0x4cb4810e, 0x6ea1914c, 0xcfac9377,
	0x20600fed, 0x32c094bd, 0x869135c6, 0xdffe2ca0,
	0xb097a13c, 0x2bf85d1e, 0x5321c335, 0x4f9671ee,
	0x8b8b40fa, 0x2215e249, 0x433b81fa, 0x99299015,
	0x00096831, 0xd73e4cfb, 0x72f5f8c0, 0x299f2a67,
	0x008114c3, 0xd16df3ef, 0x878609d7, 0x4f9dd4b4,
	0xd1607871, 0xc376f376, 0xb4934375, 0xb69eef77,
	0x6cc82dc0, 0x1ec8e3c3, 0xc386c659, 0xf68b2275,
	0x87b4a8a0, 0x9df31ecb, 0x1fa4f393, 0x76796e1f,
	0x4ccd0fb0, 0x54a4601f, 0xfc91c840, 0xc0e2fe9f,
	0x4c62eddf, 0x0eecb41e, 0x91fb9f4a, 0x0d186e9b,
	0x292e4049, 0x8b499099, 0x4a0b1f32, 0x31c6a86d,
	0x295b292d, 0x9f93ef2d, 0x5b009b69, 0x87bce88d,
	0xa0c891fc, 0x4ed1e35b, 0xd4874622, 0x93c60f4c,
	0xd19d12fc, 0x9dd10e93, 0x8786a4df, 0xeecbd9d9,
	0x35ef8bc8, 0x1e184c18, 0xbcf9f5fa, 0x3cc37544,
	0xc8435dc0, 0x9146c8e9, 0x77c84429, 0x736eb487,
	0x2b1eacf5, 0x9feecb6e, 0x3ef9a455, 0x5425df0b,
	0xf097ac4f, 0x9e25c2a9, 0x0e3e91c3, 0xb421fdc3,
	0xfaa84e90, 0xa0294939, 0x92ad2b25, 0xa85b7844,
	0xa0ddf6fc, 0x547531f6, 0xf6e7e955, 0xf614bc3e,
	0x1e6e6dfc, 0x1691fc2e, 0x879de3fc, 0xbfc84c6b,
	0x6a9f144a, 0xb4769e5d, 0x9d5d08b0, 0x189ba43e,
	0x4459f5bf, 0xbc4cd6c0, 0x0071efc8, 0xb07544c3,
	0x9d44f535, 0xd7d10760, 0x76c6e79a, 0x4ceec6b0,
	0x3cc021b4, 0xdfcba4b4, 0xf84ceee1, 0xfe72bf3e,
	0xaca1a054, 0x5abdbd9c, 0x0d18c668, 0xf335fd35,
	0x281296ac, 0x44bcef9a, 0xef40aacb, 0x4e8df721,
	0x5b408181, 0x31fb40f7, 0xf5595578, 0xbf4e3e14,
	0x6e1e1222, 0xd593f512, 0x462e2e43, 0x75d7071e,
	0x4291fcc8, 0xdd917e5a, 0xa4d9ca8e, 0x6d9d9f78,
	0x3e221493, 0x444c35da, 0xb59fdd81, 0x1e91444e,
	0xb41ed521, 0xc6d175f8, 0x871e9bcc, 0xcbee6d76,
	0x5d92ac11, 0x32ac4fc0, 0xddc8f06e, 0xeb55d1a4,
	0x53f8a09b, 0xf08eb1a0, 0x18358611, 0x80a477ee,
	0x00c0c077, 0xa412f649, 0x879d1fb6, 0x401d86dd,
	0x59f72821, 0xfba02154, 0xfafc9290, 0x3b4ebf50,
	0xa435bf16, 0x9d51c322, 0x23f63b46, 0xc8bf9243,
	0x9703936d, 0xdaf3aca1, 0xd56a7754, 0x44a09b86,
	0xa8f6fc46, 0x3ec05d5b, 0xfa59ef16, 0x7ed7a8d7,
	0xb418b4cd, 0x71daf811, 0x4cee1e0e, 0xaea43576,
	0x3c7e68ae, 0x9b3253df, 0x409bb00f, 0xb167978e,
	0x3e795db1, 0xf0a560a1, 0x0e875d11, 0x4cb0b41e,
	0x49ad3518, 0x1e758631, 0xe9c84c08, 0x22469d4c,
	0x9a6c3c81, 0x2d9f9054, 0x908ba08d, 0x162ef615,
	0x149f43f6, 0x1ec0285b, 0x0b46e387, 0x9d92c686,
	0xef87ee76, 0xd518b4f8, 0xf39f12bf, 0x5949ef46,
	0x1416a0d5, 0x4435efad, 0xe295fbd7, 0x0e40a492,
	0xcb35d1b6, 0x11789611, 0x873559e6, 0xeb54c818,
	0xfbdfa1ef, 0xed675ae7, 0xefd963e9, 0x60521fb1,
	0x970d32cb, 0xb6fd2f9e, 0x1818cd63, 0x62cd0e71,
	0x43317777, 0xc3a816d5, 0x76d53297, 0x0b3b467b,
	0x54753992, 0xd772428d, 0x2d007299, 0x404abf0b,
	0x44549a00, 0x76c32323, 0xfb9691e3, 0xb02c423e,
	0xb51d16bc, 0xd440e96e, 0x9324079d, 0xb4f0715b,
	0x9f2840f6, 0x21929146, 0xb077f591, 0x1e54b4f0,
	0xf0bca460, 0x9d4c87ee, 0x18f79a76, 0x5171a00e,
	0x0ed56a9c, 0xfdf01b9b, 0xbdb6fd9e, 0x881f65ee,
	0x0d1832eb, 0xf09cbd60, 0xdda4bdee, 0x695a59d7,
	0x4e9a8de6, 0x4abfcadd, 0xd1d5fcbc, 0x49034677,
	0x5b32b0ef, 0x29f5bcbf, 0x492df600, 0xd52e4e49,
	0xd5ca538d, 0xb49de62e, 0xf900f3f9, 0xca7ee62e,
	0x00289071, 0x50d7e312, 0x914c7684, 0x9bc0e24a,
	0x72e29f2d, 0x714f4a43, 0xd16e1821, 0xf5f51818,
	0x2b69ef4c, 0x3587989d, 0xa4fe42a8, 0x78327271,
	0x7607d53c, 0xee32c393, 0x80201ff8, 0x201ffd1f,
	0x5d0fd9dd, 0x32a52097, 0xdf9ecd9e, 0x9ce1fba0,
	0x1503b523, 0x43163e77, 0x2ee3a84e, 0x6c502292,
	0x166acddc, 0x909f5915, 0x22d7fcb5, 0x15f34ef6,
	0xd5f03c4f, 0xe9779de6, 0x44bfd535, 0xfa75422e,
	0x2329f6e7, 0x81fcad44, 0x87da4f96, 0xc83c3c07,
	0x7890542d, 0xb7d3533e, 0x87cfdac7, 0xa46ca40e,
	0x4c7181bd, 0x3ee75077, 0x82a0760d, 0xc84f557e,
	0x6d433e9b, 0xf3ec864a, 0x5a1fcd2b, 0xeeb477a1,
	0x9e9c9c81, 0xe2bd1ff0, 0x39b1ede1, 0x32a19055,
	0x162c29d7, 0x4307c8a8, 0xbfda15fc, 0x163eef93,
	0xbc2d4c1e, 0x99955049, 0x592d31b5, 0x95234387,
	0xf6590016, 0xc89de31d, 0x55328686, 0x9df07853,
	0x29312246, 0xb886d722, 0xbf92fee7, 0xbc777643,
	0xb549e2c8, 0xf0b7e15a, 0xd96a91b4, 0xed8e6cd9,
	0xee539c9e, 0x55c01e9d, 0x3581f37e, 0x4cfb78df,
	0xd14a76b4, 0x75929f6d, 0xaa1fc275, 0xd7a8a1b8,
	0x6371fb6c, 0x6af01bae, 0x1b6a3ca1, 0x6921498b,
	0x1d3149ad, 0x43257676, 0xa8492816, 0x4022c877,
	0x4e3196b5, 0x8bca9500, 0xf6ad2828, 0xe3e62ee3,
	0xd42ed5bf, 0x44f3e3f1, 0xe7a02177, 0xbf4c6e51,
	0x9df69193, 0x49fc2987, 0x1e0e4e31, 0xe28b49e3,
	0xf5f7ef1e, 0x4455dffc, 0xfdd90d68, 0xa555310d,
	0x1ec0bd08, 0xb0bd6c59, 0xa89191c0, 0x9d4c1d9d,
	0xd1f3f3d4, 0x75509d9d, 0xc84cf8f7, 0xf7754c4f,
	0x3c0e5d78, 0x533c3cb0, 0x6380cdf0, 0xcb2b94ae,
	0x28285b31, 0xf6add750, 0x5031224e, 0x5da44f3e,
	0x31d59fe7, 0x777ee159, 0xb54e285b, 0x07e3e307,
	0x1d4e9fa0, 0xe7c34698, 0xc395e73c, 0x961ef542,
	0x86fce692, 0x812295f5, 0x939116f6, 0xe1e2f8a8,
	0x8159f03c, 0x6c12bdd5, 0xc09154fb, 0xa5ef5953,
	0xacbff8b1, 0xd9a144a4, 0x1491f64f, 0x87bf8744,
	0xf3b49d2b, 0xdfdfdf1e, 0x6ddae7f7, 0xcc21c34f,
	0xd181f580, 0xa4fbd5ec, 0x0e975325, 0xed4cc2cb,
	0x92498de1, 0xa85bf614, 0xf59d9659, 0xd67611ef,
	0x0b1d903c, 0xd690f7b5, 0x15b50b22, 0x1e1d151d,
	0xbf2d9028, 0xdc6a9a91, 0x3ee75490, 0x44123e92,
	0x594e9154, 0x23d79f0e, 0xefc09009, 0x11e1a4b5,
	0x8776cd4c, 0x18eecbcd, 0xa43efc11, 0xbd226c9f,
	0x1ec00db0, 0x6a877575, 0x8109469d, 0xdd1efb91,
	0x95dd320e, 0xc2cd53df, 0xe292d7ed, 0xdd42ddd5,
	0xc3ddc62b, 0xc0f58142, 0x0e1bbc4f, 0xf0df6011,
	0xacefa0dc, 0x7efcbfe9, 0xd5e9e759, 0xd6cbbc29,
	0xd54a6ca4, 0xe99fdc16, 0xa8992286, 0x228114e3,
	0x4f86dd54, 0xd6acd575, 0xf5918d90, 0xd16abc0d,
	0x0b2246d3, 0x22c076c7, 0x9bda9014, 0x1812d5fb,
	0xd5d14c4c, 0xeeee4c87, 0xc6a4c042, 0x91fafabf,
	0xf5759d44, 0xa09f9650, 0x91d7c696, 0x186add4f,
	0x9ffb9f77, 0x4c1815d7, 0xc692594c, 0xf9752132,
	0xfef7cf79, 0xe2f8c79b, 0x9fe2536c, 0x695582f5,
	0xc8775959, 0x71c8d5e9, 0xfc9f51eb, 0x80c8e74e,
	0x91fcf518, 0x916ac3d5, 0x1da85043, 0xc343d5bf,
	0x815d0315, 0xe9bce6c6, 0x93f390e7, 0x1eed6ac8,
	0xf6e69d5d, 0xb492ee35, 0xf07114fc, 0xc8f5d5bc,
	0x0012d418, 0xd577eef3, 0x2d936a6a, 0xdde7a886,
	0x8bf5c8bf, 0xbc86284e, 0xdfd1c3e2, 0x446a7192,
	0x75c30e9b, 0xc887bfc3, 0xa1da5d6a, 0xf7751e75,
	0x5d396ca1, 0xfb624c63, 0x3ec01bfe, 0xd95d32c0,
	0xf391916c, 0xa1bf4f93, 0x436c72cc, 0xb4f3f612,
	0xf3bc3e91, 0x5bef91a8, 0xd14343a8, 0x23bf4007,
	0x6c9f0e50, 0x55f59f16, 0x866d1e55, 0x77e9c89d,
	0xe6bf9df3, 0x0ecd4c15, 0x2b71ddc8, 0x11caf6e2,
	0x919175b4, 0xf3cd9d87, 0xfcd5c8df, 0xfb15861d,
	0x8281169f, 0x09fa8bf7, 0x75d5bc9f, 0xdf4244c0,
	0xe7440d42, 0x50873e9f, 0x6cd72895, 0x4fda3c53,
	0xe7e21b69, 0x6a8ec2c5, 0xdfa0f853, 0xb43c0d3e,
	0x12d1a816, 0x99bfc39d, 0x87818d6c, 0xd5d523d7,
	0xd595d5ef, 0x14fc46f3, 0x4000a8d7, 0x8d869d12,
	0x5b8b2128, 0xad4086fc, 0x4fbf4f82, 0x9d189393,
	0xf346f9c3, 0x976393bf, 0xc8e23c9b, 0x1b9b9f44,
	0x44439d2c, 0xb4d9d34f, 0x227644df, 0x31bca8e3,
	0xa1f58b75, 0x22fbf7cc, 0x75bc6ca0, 0xc078f544,
	0xa84a8696, 0x1575bfc3, 0xfa49238d, 0x5dc05a0e,
	0x8ee7fbbd, 0xa452b1aa, 0x81fedfc3, 0xacc80e86,
	0x6dbf3b31, 0x4e5b864c, 0x77257800, 0xc30bf646,
	0xc814f5d5, 0x867712f3, 0x03314612, 0xf5757744,
	0x162d9d12, 0xe307463b, 0xb44c4650, 0xc83bbfef,
	0x96873bbf, 0x18bc0046, 0xc8bf09ef, 0x1fa19f3e,
	0x4fc69d87, 0x42c05d93, 0x2e461e0e, 0x3e222ee6,
	0xc015fa29, 0x3ed7d512, 0x69ccfb59, 0x4fcc4259,
	0x75fc93c6, 0x40f3a415, 0xc6d7b58d, 0x53552cf0,
	0xe7959a54, 0x71532fed, 0x96a011c6, 0x91808691,
	0x711d1523, 0x5978f0d3, 0x4c77f82e, 0x91230b44,
	0x775b8b75, 0xbf9dd512, 0x15b59d9d, 0xf3932d12,
	0x50bfe684, 0x042ed4a8, 0x9b931d16, 0x91311696,
	0x03504e23, 0xc38b6df3, 0xbc8d90bc, 0xd975d586,
	0x5996e377, 0x8d21f586, 0x434693f6, 0x5054e691,
	0x3efbf7ad, 0x9f9176d1, 0xe2eb549f, 0xc3aca072,
	0xf387863e, 0x294e4f21, 0x6a96ad90, 0xf562b12b,
	0xc61429da, 0xf6d10d9e, 0x166ca0e7, 0x8721430e,
	0x77d10bd5, 0xfbc63c08, 0x11936d42, 0x469dbf0e,
	0xef5b8dc3, 0x07504fe7, 0x95b52218, 0xd5e21503,
	0x4ef60e93, 0x158dd440, 0x4ad5a0ca, 0xdc4efc5b,
	0x39f02828, 0x5075f59d, 0x54292831, 0xb6ebef75,
	0xd6d9442b, 0xe7b51694, 0x4fd51e77, 0x78e16c31,
	0xc88654da, 0x9f0d439d, 0x215351a0, 0x6e601b95,
	0x09ad441e, 0x6c72fcd7, 0xc0a0099f, 0x5bec80a5,
	0xf88786fa, 0x9ac392c0, 0x9186f97e, 0x910eece6,
	0x73b09f82, 0xe1c3c89b, 0xe2c37732, 0x6dbf8df9,
	0x9f12c312, 0x4afc9931, 0xbfbf9df3, 0x4640f6bc,
	0x3100435b, 0x00903146, 0x4cf5e8e2, 0x8b16234f,
	0xddca788b, 0x3e008112, 0x78ade2fc, 0xd69e9fda,
	0x357eb479, 0xa82846a4, 0x9d12463b, 0x555befef,
	0x1ec3fe92, 0xcbb40df3, 0x0e6951f8, 0xcb60bcc0,
	0xd1169fb4, 0x6c6ca8f3, 0x5b4029da, 0x55559c5a,
	0x214fe2ad, 0x5af0c01b, 0x4f0d0da5, 0xb58150ec,
	0x77785429, 0x00a82e21, 0xd586a45d, 0x93e6d52e,
	0x770dac35, 0x15f3911b, 0xf3c3879d, 0x3128bf46,
	0x31e6d129, 0x03901d5b, 0xd65d9f12, 0x23b58b4c,
	0x2d5a5349, 0x9029c81e, 0x09d7d590, 0x2b8e8b00,
	0x44f7ec97, 0x21124cbf, 0x4c9da844, 0x5b3edd3c,
	0x2e4e9296, 0xc2d9121e, 0xd99e325a, 0x4c0f6ef3,
	0x91d5bc18, 0xf5d71d2e, 0xa1541be1, 0x39e15325,
	0x78ec50a0, 0x1b5dfe55, 0x7e11710d, 0x153e14a4,
	0xc34a23f3, 0x72094491, 0x2ea881e8, 0x769df3e3,
	0xef9dd9ae, 0x87f34c12, 0xfafbd32d, 0x3187f39d,
	0xe62e8615, 0x49280316, 0x4ce2e73b, 0x1dadad2b,
	0x092dccad, 0x90901687, 0x4f8642dd, 0x1e48b5a0,
	0x09d742bf, 0xdfcd1fa1, 0xcc9f9d75, 0x164e4fda,
	0x1dfcbc44, 0x0d769144, 0x0e4fc30d, 0x779bdf0e,
	0x2efc3ca4, 0x910bf591, 0x9f32a054, 0xfb919f6c,
	0x92f5955b, 0x2f3c71cc, 0xc22fd91b, 0xe8d3719c,
	0x4f00ec12, 0xbc129d3e, 0x00959f78, 0x93c8ece3,
	0x49f3e90f, 0x1246291d, 0x4028ad2e, 0xbf9d9d1e,
	0x12bfc64a, 0x91868287, 0x078b1646, 0x3199b5bf,
	0x91ef9122, 0x2300f82b, 0xf503dfc6, 0x49ef6ad5,
	0x908082fa, 0x1ee91e18, 0xbc442ed5, 0xa8229396,
	0x09c6936d, 0xd5d54a16, 0x18f30993, 0x1e1e5d1e,
	0xf559c396, 0x75691bc0, 0xfb90fa50, 0x95a8a890,
	0x91a0c0e7, 0xfdeeb4c6, 0xb67477d9, 0xa09297d9,
	0x07872196, 0xfb3275b4, 0x2d44bc2d, 0x35ef7846,
	0x1d760f1f, 0xe331003b, 0x35dc0b4a, 0x072d0707,
	0xbc9ff9c8, 0x129d96ca, 0xf61d3b0b, 0xe8b5f631,
	0x9ef89f8d, 0x09efd6fd, 0x2d927871, 0x4032750d,
	0xbf3e625b, 0xd535793e, 0x15423e14, 0x863bd532,
	0x0dd52e2e, 0x9d76e621, 0xe9073ea4, 0xc0efc82b,
	0x6afb5bc3, 0xb49e9c60, 0xe8312875, 0x5d0e449a,
	0x1414b59c, 0xc2b0d509, 0xb6d9c2d1, 0x5a08b1b1,
	0x3ad7ef91, 0x864f9d8b, 0x46fc1d5b, 0x96dd4a46,
	0x2ee681d3, 0x87355422, 0x87bf4646, 0x7646b418,
	0xe22dd1e3, 0xd5d4bf9f, 0x23314614, 0xe195b512,
	0xe9bc5554, 0x3ea0a920, 0x77bfdad5, 0x16007e3c,
	0x4e44212d, 0x427196bf, 0x86c7c8ec, 0x2346e480,
	0x12127682, 0x968787ec, 0x0900f787, 0xc344cb76,
	0x71758787, 0xb4ed63a4, 0x8b72e786, 0xa40d6a82,
	0x164e0942, 0x6918c6a8, 0x60a176d4, 0x87a5b1ee,
	0x2e7e940e, 0xb56d9191, 0x5b461443, 0xc6e75b46,
	0x6dd57012, 0xbfc8d791, 0x4cc6280b, 0x461dc34c,
	0x00442e04, 0xd52e1d15, 0x9ae3e3a8, 0x6c819115,
	0x4c158b8b, 0xdaa8b6b0, 0x11bf869b, 0x5b2e1e3c,
	0xf6a835f3, 0x358d7544, 0xbfb41ed5, 0x76071880,
	0xe30009bf, 0x92e3e396, 0x932895a4, 0x8669ee69,
	0xfb441e75, 0x9d3c9f9f, 0xe75b8bc3, 0x874a4f54,
	0xda4a14e7, 0x60fddf7e, 0xf86e842b, 0xa8840e2b,
	0xd586da2e, 0xddec4232, 0xfc9114c3, 0x9531f581,
	0xf93b4693, 0x1607e32e, 0x966d1d40, 0xfc31fb3c,
	0xe22e3107, 0xd4d49186, 0x5907e6da, 0x9209e3e1,
	0x3b95299a, 0xbffcbff3, 0x0d0b81bc, 0x14c3bf1e,
	0x4644c050, 0x46939143, 0x46e376f6, 0xf3c807cd,
	0x874aa887, 0xf5e6dd86, 0x14c3e7f3, 0xc818cd44,
	0x3e21d10d, 0xbfc3c391, 0x555b8b3e, 0x15814e39,
	0x919628fa, 0x4c7777da, 0xe4d9d4d9, 0x40c784f9,
	0x22774afc, 0x9f827e57, 0xe2d52135, 0xdce74290,
	0xbfecd5bf, 0x3ef51640, 0x4ad18415, 0xa88b72dd,
	0xfc15a809, 0x15f3e3e2, 0x2c76f903, 0x40939651,
	0x8d8d8ba0, 0xe34e91bf, 0xe98b8dbf, 0xfb9f4e18,
	0x46e8da28, 0x9d806dbf, 0x4e008b4e, 0x1487c8e4,
	0x86bf9114, 0x14c0fc4f, 0x2311efd7, 0xa46e0da4,
	0xf6f89b91, 0x4f823ebc, 0xccbc1418, 0xdd50998b,
	0x14a4963c, 0x2b1e75d7, 0xe3c37e0e, 0x113e0eec,
	0x72122350, 0xb5b50992, 0x0bef7886, 0xb49f9595,
	0x849d8712, 0x12f32ee3, 0x124c43d1, 0xbc322595,
	0xef3e0950, 0x153b120b, 0x7776f354, 0x81d1009e,
	0xf6fc2d91, 0x0e50f52e, 0x778b5918, 0x8296bcc6,
	0x9d036c6a, 0x939a43e6, 0x91ca8bf6, 0xf5754cee,
	0xbfd71600, 0x9f953e93, 0xfa9c6cad, 0x4c1f6078,
	0xfb1bdfc3, 0xf99275e7, 0x7593c880, 0xe2fa925b,
	0x8681914f, 0xb0449f14, 0x21546893, 0xec421151,
	0x296a2949, 0xfab58b8b, 0x49bfec3e, 0x91755400,
	0xf66d4a93, 0x9dd72ee3, 0x03d9d1ac, 0xd5c8e932,
	0x9a921212, 0x31121496, 0xb06d4fe2, 0xd5d4b42b,
	0x143112bf, 0x8115ace6, 0xcbef55f3, 0xdcdaf6df,
	0x469fef6c, 0xc335d44a, 0xbf5d5528, 0x49f5e96e,
	0xf9968649, 0x40549046, 0x48f0688b, 0x0d4c7797,
	0xfc11ca42, 0x6042ef6c, 0x3e867977, 0x9595fe59,
	0xfada4f03, 0xd196e3d7, 0x6cb55496, 0x3a98ec68,
	0x9f160bb5, 0x2999904e, 0x1d1dd58d, 0x469f4eb5,
	0x40bf401e, 0x5a22b5f6, 0xdd54b05a, 0xf9f9508d,
	0x72b5d74a, 0x3e099321, 0x96c68d6a, 0x0046439d,
	0x23a81d4a, 0xa02d3c4a, 0x775de73c, 0xfb292279,
	0x8691f5c6, 0xec126dc8, 0xbffb5b14, 0x8b211e80,
	0x87c3c3b5, 0x593ee3f9, 0x3ca5fe8b, 0x0d80c86a,
	0x9f3cfe4f, 0x69957591, 0x6c69fd1f, 0x966a39fc,
	0x16f3e229, 0x814314dd, 0x4f399042, 0x6e272180,
	0x16312240, 0x5b0bade3, 0x15f92e22, 0x168dad1d,
	0x1dfc099f, 0x9b904029, 0xfc4ee9e1, 0x595b0040,
	0x99906ce8, 0x4e3bf649, 0x00c6128b, 0xcc8d4e3b,
	0xad162223, 0xc3e987f5, 0x2be228fc, 0xe2e314b0,
	0xa1f51409, 0xccf76dc6, 0x3575286c, 0x95c30db4,
	0x4f2dfc03, 0x92233b50, 0x87ac5949, 0xe6d191a0,
	0x7e355b81, 0xee3c350d, 0x545b32b6, 0xfbfe7231,
	0xfb6ae23e, 0x93e6e609, 0xf9964f8b, 0xd4d979bd,
	0x160b2829, 0x49403be3, 0x78771150, 0x5b2d234e,
	0x96e42da8, 0x2d86f646, 0x8d4e1877, 0xdd14280b,
	0xcc39546a, 0x46d53b5d, 0x920ed5d5, 0xfa78b5f6,
	0x8d31a8f7, 0x91d593e3, 0xd5311550, 0x2891bf07,
	0x3c9514f6, 0x058e773c, 0x690ee25a, 0xc3117e54,
	0x038695e2, 0x00b50787, 0x44e28bf7, 0x149111df,
	0x4350bf43, 0x323287f6, 0x4fc362bd, 0xdd8254bf,
	0xc3c0c6f5, 0x75e4814a, 0x76e6d73e, 0x767976d4,
	0x2e0badca, 0x2de343e3, 0x96e182fc, 0xd540ad5b,
	0x8715e6d5, 0x75d53e44, 0x2542d52d, 0xd55449e1,
	0xb95b6abc, 0x07d49d75, 0x4478fce4, 0xe9f31416,
	0x16098def, 0x16030050, 0x09280b09, 0x0bf84cf9,
	0x3cfa2899, 0xb9eb9bed, 0x535d5d62, 0xf5f0111b,
	0x3ee70086, 0xef548775, 0x545331b5, 0x4ef55ad3,
	0x59149146, 0x21bf871d, 0xc66c7e08, 0x54e7320d,
	0x22e2324c, 0x53df8428, 0x04e476d7, 0xf52e6be4,
	0x013ee751, 0xf9161509, 0x5b31bc96, 0x1549b54e,
	0x42222350, 0x0bc322c6, 0xe7e76c42, 0x0015158b,
	0xe2d5289a, 0xd52e98e7, 0xd515fc46, 0x9b1212d5,
	0x093193da, 0x90162216, 0x030b034e, 0x6c2cda2d,
	0x559a2829, 0x71c3df9e, 0x5aacb5a1, 0x2d121f27,
	0x9f549fbf, 0x0b53cbf5, 0x62422323, 0xa8f635dd,
	0xcae8c6a8, 0x53974f23, 0x5b439121, 0x224a75a1,
	0x729aac18, 0xf595fae6, 0x842e98d1, 0xf96b0223,
	0xc8b4fb6c, 0x92144e5b, 0xf6998d09, 0x4622298d,
	0x81fc1de3, 0x4cd5fc86, 0xfefe1b68, 0x50299055,
	0x3b16ad6c, 0x50e323a8, 0x2323b52e, 0x774629fc,
	0x86934cb4, 0x23124ef6, 0x2328000b, 0xc32d5b91,
	0x8150508d, 0x3eef9144, 0x1f789f8b, 0x771e4c77,
	0xbcbca0f3, 0x152577e7, 0xdf3c0b4e, 0x23f375b4,
	0xf52214fc, 0xc31ee681, 0xa0e3e39d, 0x8781a1a0,
	0x4efa9f6a, 0x39dd99e7, 0xd4e3d784, 0x7bd493f5,
	0xe96e2331, 0x23a8f616, 0xad162222, 0x1d314923,
	0x15f64a4a, 0x71c8814e, 0x82e82578, 0xc38b2939,
	0xa88b0b16, 0x2331168d, 0x318b2309, 0xf3281d49,
	0x77ee776e, 0xa815468b, 0x999031fc, 0x7592ad99,
	0xf69f6c09, 0x8199f631, 0x326996e7, 0xc875c351,
	0x86750e18, 0x8b63edef, 0xc6bc9028, 0x168614c6,
	0x44430b1d, 0x87d73e16, 0x1d6d6d87, 0xe6009a54,
	0xd78642c7, 0x119acc39, 0x07f5953b, 0x98249386,
	0x68ec288b, 0x1df6b58b, 0x2dbf1da8, 0x99282890,
	0x1403994e, 0x810b4afc, 0x902dc31e, 0xf309b590,
	0x3100164e, 0x4e5bd731, 0xad2dfa25, 0xb5905bb5,
	0x154c4ce8, 0x9d40e2dd, 0x39ca3682, 0x5bfb9672,
	0x40441500, 0x3228fc86, 0x7e6ea444, 0x76164ae7,
	0xf36e0d87, 0xe29b32e2, 0x91c61dad, 0xfc3122e6,
	0xc06c3149, 0x757e9f54, 0x9681c644, 0x9572fef5,
	0xf54ef342, 0x95956c39, 0xe69acc3b, 0xe311f86d,
	0x5381ad16, 0x22b59915, 0x15492440, 0x5bb5f7ad,
	0x3ee79240, 0xd5bc3195, 0x31a086ec, 0x1275905b,
	0x8de2fc23, 0xef44c0c3, 0x03429d2d, 0x49902803,
	0x86955b31, 0xd5e7035b, 0x2d77620d, 0xbfb4d3fb,
	0xe95d77b5, 0x2db5293e, 0x77fe5db4, 0xda8d3181,
	0x3cc5792b, 0x95ee4491, 0x0946004e, 0xe79292e6,
	0x20039150, 0x929a6c59, 0x3e35df5d, 0xad5b8d91,
	0xc6091696, 0x5553fb55, 0x8732594f, 0x76e4ec0d,
	0x5b21e64e, 0xd5b52872, 0xbcbcd7bf, 0x8badb55b,
	0x5354a0f7, 0x6e1b8292, 0x03ca1e3c, 0xd5a1295b,
	0x93bf90e2, 0x4ea162e9, 0xfc12bf31, 0x490b9f09,
	0x95da3449, 0xe3000091, 0xc6dac04c, 0x3e9b7718,
	0xc6c01544, 0x8286919a, 0x6d69b4c8, 0x549a3131,
	0xeef4ed9b, 0xc60d69cf, 0xe3f6f30b, 0x9254e796,
	0x9bdadd91, 0x549f9554, 0x39cacaa0, 0x222986e6,
	0x3e008616, 0x5d5982fb, 0xc6c69ad7, 0xfe7ea716,
	0x0b3e752e, 0x59e7bc9d, 0x77c8ddf6, 0xadd7bf2e,
	0xdf77558d, 0xf0cf6ca1, 0x8d82f0e9, 0x3ec3fb90,
	0xd9f090cc, 0xf63ef377, 0xad435028, 0x161e1223,
	0x959fb55b, 0x295b0bd7, 0xeea4d70b, 0x42776e1f,
	0x03fce6da, 0x32e9c811, 0x092192c8, 0x78cc16fc,
	0x1ffd1be7, 0xb4cda908, 0x16d18686, 0xad50239a,
	0xc390ad09, 0x598df7fb, 0xa059548b, 0x14169586,
	0xf5fa4f14, 0xc6e7dae7, 0xd13ef629, 0x7ec63990,
	0xa0dd8791, 0xda8dc8bc, 0x1f82e1f7, 0x54d7d5d5,
	0xbc212190, 0xc89f919f, 0xb578ca63, 0x43a8b5ad,
	0x3c77e731, 0x7eeecb71, 0x8badb540, 0xe29fef50,
	0xf7782592, 0x03431531, 0x4c2d3128, 0x925b1160,
	0x434ef392, 0xf7d960d5, 0x911550ef, 0x233e16fc,
	0x2b6c5509, 0x3c62692b, 0x444f423e, 0x8b4031bc,
	0x11f52315, 0x99bf213c, 0x0b141616, 0x235b4f50,
	0x81c659d7, 0xdd6c95fc, 0x729509dd, 0xc6cc75e7,
	0x1d149643, 0xf312d5c6, 0x323c5b4e, 0x999f9135,
	0x8d967828, 0x442dc3f7, 0x905b810d, 0x313b31b5,
	0x143e319f, 0x2bb6a935, 0x96448112, 0x22502203,
	0x9c552515, 0x1da83b03, 0xc749005b, 0x4646bf46,
	0xd7f577e9, 0xef691ee6, 0xe603142d, 0x2ed7d518,
	0xf5bce2f3, 0x87a4f8f8, 0x4f4cbffc, 0x25efbc9f,
	0x35df5982, 0x435bc3bd, 0x3bf6a850, 0x166ca816,
	0x95b06c29, 0xfba05990, 0x86592959, 0x18f9932e,
	0xd4e6d176, 0x3b91e66d, 0xebdd00e3, 0xe791f3c8,
	0xbc429d46, 0x1e4c96fb, 0x2cfcfc81, 0x4a862299,
	0xf6fc8bbc, 0x1fb0f9d5, 0x119d1876, 0x225b4e90,
	0x3ce1e800, 0x00ad124c, 0x40251b95, 0x43fc5b46,
	0xa0e9ee6e, 0x1e8d3e86, 0x4c78e686, 0xa84e18e9,
	0x5177f018, 0xc3098b2d, 0x441e2e31, 0x1153cac6,
	0x6c6c5b6c, 0x96a43525, 0x3b432350, 0x284ee800,
	0x32c0538b, 0x53e139a0, 0x84727295, 0xa5d14f86,
	0x1dd4e340, 0x2e4a4e2e, 0x78cc9909, 0xd30e70f9,
	0xddd5c8f8, 0xc34e465b, 0x28e6120d, 0xf9d32322,
	0x99035090, 0x2e87e643, 0x60b0964f, 0xad4015c8,
	0x54c66a8b, 0xbf4078d7, 0x31ca2a78, 0x234ed73b,
	0x6a9fd187, 0xe6c3329c, 0x96787809, 0x09409f18,
	0x9f59699b, 0x3e95e791, 0x3e4f964a, 0x915d923e,
	0x31168b31, 0xf675fb54, 0x8715728b, 0x9f219516,
	0xed720381, 0x951b9cac, 0x5b6d8639, 0x35f9d195,
	0x504e464a, 0xfcfca8f6, 0x113e1414, 0x2c18874e,
	0xfa793532, 0x75f6a814, 0x1693bf1e, 0xcf2b46d5,
	0xf69078cc, 0xd71d463b, 0x77eeca99, 0x6cad2377,
	0x5921621b, 0xa8930b81, 0xd5fb9586, 0xa84981f3,
	0x14284025, 0x424fa4a1, 0xbfe39a50, 0x958d4a95,
	0x8691dfda, 0xd79281f6, 0x42e63bc3, 0x4f7595da,
	0x54e2bf21, 0x231491b5, 0xf9429659, 0x7e69c740,
	0xe28b3154, 0x6c5a9e3c, 0x6cc04286, 0x046dd1f5,
	0x2987fc4e, 0x15504631, 0x22bfa84e, 0xcf87932d,
	0x92214cbc, 0x93e31529, 0xd5bf874c, 0xa56e1843,
	0xbc5b5b8e, 0xfa86eff3, 0xb4865b8b, 0x9d0991bf,
	0xf5bdd9b4, 0x4e0bd116, 0x1eb45031, 0x7892e29b,
	0x1431e8ca, 0xd7c6dffb, 0x09e60981, 0x288e96ec,
	0x00006ccc, 0x86ef9f59, 0xe33b2e16, 0x42bff7c6,
	0x495b8d93, 0x2ed791e8, 0x91bc4f96, 0x5d7593dd,
	0x6ccc4391, 0xcc9f3271, 0xedc8b475, 0x0498e4cc,
	0x4497030b, 0x99314ec3, 0xa892c303, 0x1b032121,
	0xb7aaef2a, 0x9d0043da, 0xe6e6d19d, 0x774c6ec8,
	0x442da1f0, 0x213c95f5, 0x8d03da9f, 0x2e4a461d,
	0x35dce9b0, 0xbf9d4fa7, 0x77e946d5, 0xad18b0df,
	0x122efc14, 0x72fe9b0d, 0x4e002378, 0xe1ef1ed5,
	0xc3dd6c55, 0x90fb959f, 0x14fc31f7, 0xf5a05b31,
	0x6c9ff3f9, 0xbf43b5e2, 0x53110cc6, 0x3ec3a88b,
	0x866d4a86, 0xf6e7fbfb, 0xf0b4e4a4, 0x04982455,
	0xcde9cd00, 0xbfe2caac, 0x35eb3414, 0xbcefa1f8,
	0x58a9c859, 0x9ff68df5, 0xe6494087, 0xa196c89d,
	0x0b5b3ee9, 0x46bcbf09, 0xe39ffc3b, 0x1d1d12bf,
	0x4f0ef3d1, 0x9dc68dd7, 0x3c6e4a95, 0xd5ee77a0,
	0xf50b1da8, 0xc3321eac, 0xcaddd378, 0xfb913e0b,
	0xbffbfbc0, 0x7899bc42, 0x998b0b55, 0xfb404028,
	0x90f5f59f, 0x9f2915f6, 0x39d37eac, 0xda82dd40,
	0xf53a6d81, 0xf99686f6, 0x2b803a84, 0x84e304d1,
	0xcde967a8, 0xd5bcb7c3, 0x77e9aefc, 0xbff69935,
	0x629eac0b, 0x49ad593c, 0x5b232a49, 0x16f6bc23,
	0x7e164ec3, 0x4ef39d75, 0xe3400016, 0x9903da2e,
	0xbf9144f6, 0x16fc3199, 0xb0dfdd15, 0x4c9dc335,
	0xc09582b4, 0x23f69a9a, 0x50f64f46, 0x594a3109,
	0x09a8c659, 0x116c2dc6, 0xfc4614d7, 0x1b54863e,
	0x3e092139, 0x95c3434e, 0x1125ae54, 0xc0f6091b,
	0x84e46df5, 0x849814e4, 0x5a96e476, 0x047904c6,
	0xf52dd742, 0x2e4c77d1, 0xf821a81d, 0x9fa890e7,
	0xed0fa414, 0x954054df, 0x5b4675a8, 0xfcad1603,
	0x039adf9f, 0xe6c81222, 0xfc43da23, 0x3e53914f,
	0x75e754f9, 0x16f6bfc6, 0x96fb150b, 0x91506df3,
	0xef77b496, 0x498bb58d, 0x223b9943, 0x8654adbf,
	0x14a875df, 0x3cac9bc0, 0x25721644, 0xa0e212d7,
	0x4add2aca, 0x82152ea8, 0x59a09f42, 0x905bb53e,
	0x6d7b6d86, 0xd77b0484, 0x25118646, 0x044a4296,
	0xfc16f5c3, 0x5b764c40, 0x904a311d, 0xda6c9bef,
	0x631f52f7, 0x5bdd1212, 0x0315464e, 0xd51db500,
	0xd53254f6, 0x7e6a401d, 0x07e30346, 0xf9d4d5e3,
	0x82a8dad4, 0x504e2275, 0x40993915, 0xdc8d503b,
	0xef5dccf7, 0xec213211, 0x2231965b, 0x9bdada95,
	0x12439d91, 0xf76d6975, 0x822af759, 0xccf7f690,
	0x352d5496, 0xc3a76d6d, 0x001559a1, 0xa84922e8,
	0x4a1501f9, 0x0c3b84e4, 0x71421696, 0x3a2403b0,
	0xe62e9244, 0x14f31239, 0xf690f615, 0x5b4f6eef,
	0x2fe95129, 0x289ae886, 0x502a4903, 0xe62eb529,
	0xe6dddd4e, 0xf75a1dd4, 0xe64ee3d5, 0x5b23e6e3,
	0x2d3ef340, 0xdd4040d7, 0x1d0040c6, 0x78903146,
	0x5afe5d78, 0x189d2d51, 0x2c729923, 0x1631fc72,
	0xb54e28dd, 0x9f7511a1, 0x5bb529b5, 0xcc4082ad,
	0xef3c6a55, 0xe759d744, 0x9015f7fb, 0x812315f7,
	0xf93efa00, 0xf94f78d7, 0x2e4f4324, 0xece4e684,
	0x142e4eef, 0x99fc3b86, 0xfbf69050, 0x9f776990,
	0xd9ee9529, 0xe85b153e, 0x90b59059, 0x164e4ef6,
	0x4a4ff6f6, 0x3e005b1d, 0xf7a8d515, 0x504e4950,
	0x87d5e350, 0x40e74631, 0x50825b8b, 0x5192495b,
	0xef8bfb2c, 0x0b16bc6c, 0x2a555bca, 0x8646dd3c,
	0x504931c3, 0xfcbf544f, 0x4990908d, 0xe26ca178,
	0x6ae73c55, 0x9f78ca82, 0x1529a89f, 0xc6a709a0,
	0x93d18b4f, 0xe6939598, 0x86c7433a, 0xf9f97035,
	0x3b49425d, 0x0b6d3b3b, 0x404a23ad, 0x5a9cbd2a,
	0x96b5e8ef, 0xfa31fc3b, 0xf6fcfbdd, 0x220b222e,
	0xe6faa800, 0x4a2e3b4a, 0x54285b40, 0x1d2ef603,
	0x75211dd4, 0x40a128f6, 0xd5162323, 0xcae8991d,
	0x59e29f51, 0xb58bf5fa, 0x9c555be2, 0x431e465b,
	0x3b16f6bf, 0xa846164f, 0x82e19f4e, 0x1869ca5a,
	0x8b9af0ac, 0xe2fba92c, 0x50d73ee6, 0xd10e35e8,
	0x3bda965a, 0x429509e4, 0x7b42fa29, 0x6d700404,
	0x5004d1c0, 0x42153b1d, 0x9f4a2303, 0x90923953,
	0xdd289940, 0x91a8e33b, 0x1d0bd791, 0x09501dd4,
	0xa8291550, 0x2dbf23f3, 0x4431298d, 0x4ab514dd,
	0xf880d1d1, 0x5b680381, 0xe34e00fc, 0x3c0329f6,
	0x03eb6c2c, 0xe768eff7, 0xc0821629, 0x43d1404e,
	0xec0b0b24, 0x28a82922, 0x71c8e931, 0x869d3e72,
	0x852aae81, 0x4e32bde9, 0x91a823a8, 0xf5ec21da,
	0x843b4efc, 0xd76886f1, 0x044af984, 0x6d98244a,
	0xd514d7d3, 0xe7e81d1d, 0x994396da, 0xb55b8b68,
	0x964f5000, 0x234a3be6, 0x311446e6, 0xdd993b0e,
	0x15432916, 0x145b1de3, 0xe3b51550, 0x92000bfc,
	0x62ee32d3, 0xf5489e48, 0x160b123b, 0x93a00093,
	0x9bfe8128, 0x551b9bbd, 0x40a09031, 0x16d5d790,
	0x0923b515, 0x4ef68d91, 0x9e11df29, 0x94036c9a,
	0x486acf69, 0x1163efed, 0x0990424f, 0x84e393dd,
	0xa8d7f5f9, 0x6ce6043a, 0x023a3ad7, 0x1ed43aec,
	0xf640a87e, 0x5bb5a8f6, 0x40f6fc31, 0xb5295b40,
	0x91444acc, 0x46009623, 0x12163b23, 0xf6a85bee,
	0x50ca99b5, 0xd74e4a43, 0xe6fca893, 0xbcb543e3,
	0x9c2b8d21, 0x0b3c52ca, 0x5a782e23, 0x46504344,
	0xd69095d4, 0x319059ac, 0x0000b58b, 0xa49950f6,
	0x865099d7, 0xfaa8efc0, 0xfa69a454, 0xaa39da55,
	0x9b9f690f, 0xa1c25bef, 0xa8a0cc54, 0x84f187e6,
	0x84849843, 0x6b6b3a04, 0x840284e4, 0x117684f1,
	0x9dd5d444, 0x955b0b50, 0x3131918b, 0xbf8bb528,
	0x31812214, 0xb549adfa, 0xe9781550, 0x8622d9b6,
	0x090300fb, 0x39164ed5, 0x2e128611, 0xa082e62e,
	0x40163b96, 0x22eff0bc, 0x991b2d50, 0x98d7f6d5,
	0xef51dde6, 0x5b5b313c, 0x16091422, 0x124315f6,
	0xc831ad4a, 0x92dadf4f, 0xf691c0ca, 0xbd2c0059,
	0x6c8b6e5e, 0xefae392d, 0x23fca0e7, 0x768287e6,
	0x8484f104, 0x07f19824, 0xf1022e84, 0x81f1846d,
	0x03e3d791, 0x1b6a3bfc, 0xbf932268, 0xd99fc62e,
	0xac8d75b4, 0x0349fa15, 0x1fc85b15, 0x86403c27,
	0xfc161622, 0x5150d5dc, 0xda0928e1, 0x1e7e964e,
	0xad22224a, 0x4096dc2d, 0x82538b50, 0x1ee30b22,
	0x1b3903a7, 0x99998be1, 0xe60d0e75, 0x46f6ad4e,
	0x9d282886, 0x81e77882, 0x86929131, 0xd7ae2ddd,
	0x2dfe0fb6, 0x092d9c55, 0x4616d731, 0xbf699843,
	0x2ee4e476, 0x84433bf1, 0x048484e4, 0x8487c698,
	0x2a404050, 0x2c9250fc, 0x43039b32, 0x076a7576,
	0xeb35930e, 0x8bad92ed, 0xf0964e5a, 0x4a6c5aa9,
	0x29404075, 0xeddf0050, 0x82d59048, 0x2d778192,
	0x3b969550, 0x9954b632, 0x558203f7, 0xf94aadef,
	0x9f777587, 0x2931bc39, 0x09790d96, 0x99292931,
	0x35d7953e, 0xb53e636d, 0x4fe635ef, 0x31255a4f,
	0x8dcced93, 0xade8b7b8, 0x3bf3e714, 0x9f901d40,
	0xb587840e, 0x24ec866b, 0x4684e498, 0x7186b076,
	0xf78b3100, 0x5a18e33e, 0x0709e251, 0xee42d73b,
	0x1042ef2b, 0xf7c3df0f, 0x48693278, 0xe6fc7706,
	0xfcade78d, 0xa995a493, 0xc33586fe, 0x93c8c375,
	0x16f9fb5b, 0x1b9cbdc7, 0x1b82917e, 0x9dd51603,
	0x5b0be67e, 0x59fb2dcc, 0xd58035f6, 0x42904028,
	0x4fd38186, 0xb5540e18, 0x0b44fc22, 0x92488ef5,
	0x557187d7, 0x4982b736, 0x0b827e4e, 0x76a8141d,
	0x550b84d4, 0xececd784, 0xe6d1e484, 0x3ae4d40d,
	0xef750943, 0xca24a823, 0x22e7966c, 0x9db516e3,
	0x9b7590d1, 0x001d772f, 0xae3e9621, 0xfc5bb736,
	0x4078002e, 0x8e5d76f9, 0xd5c879aa, 0x40f93e43,
	0x9611fbfc, 0xfe521f2c, 0xe744152c, 0x0d918609,
	0x8be6a87e, 0x3e4ebc2d, 0xe6f37787, 0x40282943,
	0xb4f50e75, 0xfc16d3b0, 0xfadde85b, 0x1b9cc354,
	0x9286f6e8, 0x9055aba1, 0xe8b8e18b, 0xc0d74a91,
	0x2823869b, 0xd1119ae3, 0xf1020284, 0xf1f1f1f1,
	0xbf235996, 0x4950491d, 0x8286e831, 0x073b29e8,
	0x6a3e2829, 0xbffc774c, 0xbf80ec9f, 0x9a0e0fee,
	0x77addd11, 0x81f52dc0, 0x464a3b22, 0x78769650,
	0xd5ef9f5a, 0x59c65a29, 0xad8be1cc, 0x3b2ebfe6,
	0x96f61d2e, 0xd5fc8b59, 0x16759d77, 0xe691292a,
	0x9fbc3b07, 0x8b498dc3, 0x2df5502e, 0xfbef536c,
	0x6c4fc6e7, 0x23bf3cef, 0x7c2c727e, 0xdf03b76a,
	0xc081982e, 0xb04f863e, 0x076bd407, 0xe4d1d1c6,
	0x1d22f7f5, 0xef91431d, 0x4915fbc3, 0x40990329,
	0xd7144999, 0xfc4046c8, 0x0744ddd7, 0xdaa579a7,
	0xdfb539f4, 0x90917791, 0x464ebf22, 0x42914a40,
	0xdd3eefa0, 0x5bf6cc28, 0x96237514, 0x40917687,
	0x3b288682, 0x4e2e14fc, 0xd722b4f3, 0x4c0b9f15,
	0xd7a8e6f3, 0x0bb54e14, 0xcc9c1b86, 0x7832b5fb,
	0x78783544, 0x28c39ffb, 0xbd488eda, 0x0eef2ca1,
	0x87e65df3, 0x0735840d, 0xd4766dc0, 0xe476e307,
	0x4614322a, 0xe1ca032e, 0xf64e2895, 0xd48d4e14,
	0x15760b43, 0x5b4e3bfc, 0x1d5be793, 0xe2bc9b99,
	0x438b4297, 0x2d710d5b, 0x92dadd28, 0x22221507,
	0xbcad2212, 0x14319a2d, 0x6dd1bf81, 0xf8c78035,
	0x162ebd2a, 0x2ea8bf96, 0x2216d786, 0x9f03bf0d,
	0x873bc344, 0xe8fc504a, 0xca2c2c59, 0xddda31e2,
	0xcdbc9344, 0x9adda06a, 0xbd9bf7ca, 0xc3d55352,
	0x9384e642, 0x07f90286, 0x6de4c346, 0xe4d10776,
	0x1dd7447e, 0x3ebff3d1, 0x0059312d, 0x430b8b15,
	0x3be40078, 0x000b22e3, 0x49230e1d, 0x549a4e03,
	0x2e8d86bd, 0xe253822d, 0x035ab5a0, 0xfcf65b9f,
	0x75fa16e3, 0x158b2d09, 0x82783129, 0x0e78874f,
	0x40ec11ec, 0x1691444f, 0xf6160efc, 0x4486694f,
	0x4643d70d, 0xca314a44, 0x8ee2e2ca, 0x3b75cc6c,
	0xfabc5028, 0xc3b54e81, 0x8042b590, 0x59fc9379,
	0xf54a43df, 0xe39802f3, 0x01a8d702, 0xc77be424,
	0x1df6f500, 0x9a1111fc, 0xfa2d8db5, 0x5000f609,
	0x4e40998d, 0x3b3b3146, 0xe3958140, 0x44861d50,
	0xe62e7535, 0xbc5a9bbf, 0xe75b2849, 0x4ef631d5,
	0x3199e62e, 0x03a89f1d, 0x8bb5c003, 0xd507d114,
	0xd19d501d, 0x87774212, 0xf5917622, 0x5bccbca0,
	0xd5439a12, 0x78fcf6e3, 0x5503ef6c, 0x3e8dbcef,
	0xad152829, 0x14143131, 0x1e6954a8, 0x42814cbd,
	0x8693e492, 0x8476f1d1, 0x404f043b, 0xc721d104,
	0x401d22f6, 0xbc962c2d, 0x8badade2, 0x314090fc,
	0xa8f678da, 0x163b070b, 0x14124303, 0x4ea83e46,
	0x432ebf9f, 0x68672187, 0xa8f50bf6, 0x1db5f623,
	0x28dd462e, 0xfb4f2e14, 0x8d91caca, 0x2e151d5b,
	0xe32efc46, 0x184ca4f6, 0x5040d13b, 0x3140a06c,
	0x46fc9235, 0x783e1422, 0xbc48dcbc, 0x54a0e255,
	0x9a50b58d, 0x40b5ad09, 0xfd7193a8, 0x784f6e6e,
	0xf9c77696, 0xe3846dc6, 0x11ec9351, 0x87b0d146,
	0x0329435b, 0x9f7732e7, 0x00293154, 0x31ad2899,
	0x502e2a15, 0xf6bfbf1d, 0x4a5bd12e, 0x4afc4343,
	0xd7d5123b, 0x7877c076, 0xd58d3b29, 0x4a0b1d31,
	0x0b4ef9e6, 0xa887932e, 0x16a054ca, 0x4ad715bf,
	0x3b1d490b, 0x0f6087e3, 0xdff9ec0e, 0xfc293903,
	0x3b31dd93, 0x6c869291, 0x25681e3e, 0x942abc1b,
	0x9514ddbf, 0xca4f814e, 0x9b524f78, 0x6cc62b60,
	0xec864e93, 0xca76d591, 0xac045be1, 0x049d3cec,
	0xe63b4092, 0x51699fc3, 0xb58b4990, 0x2ead9078,
	0x1d1231f6, 0xe60b0929, 0xe89f93e3, 0x43161523,
	0x966d2292, 0xc0774f2e, 0xe6434328, 0xf6435b14,
	0x2ee640e3, 0x09916d04, 0x4e997892, 0xfe035429,
	0x29448278, 0x1f0c4afc, 0x90819671, 0x009f8254,
	0x030922c3, 0xfb7edfd7, 0x3c325332, 0x9e323c2d,
	0x5b42a876, 0xa0229600, 0x9b799523, 0xef3ef81b,
	0x3eddd7a8, 0xfee396e2, 0x87e31b6c, 0xd1f3d50d,
	0x96e62242, 0x4ebf499a, 0x40292949, 0x99159a82,
	0x281d0923, 0x81adfcad, 0x50e8f535, 0xd7f6295b,
	0x9f6a4fd7, 0x939f4631, 0x4a15d53b, 0xf343464e,
	0x2ee3d792, 0x3bd72350, 0x2e3b8787, 0x9a901d3b,
	0xf7ae9ae8, 0xb197f6b5, 0x15f7e8ae, 0x54e7fb42,
	0x2228a84c, 0x44e27e8b, 0x8de29744, 0x774cd7bf,
	0x9f15284e, 0xad1d4e92, 0xe7fa8b23, 0xefa8a831,
	0x358081f7, 0xf97e42a1, 0x936d9a3e, 0xa109c7a0,
	0x0787ecf5, 0x31121d46, 0xf799315b, 0x299959da,
	0x22031549, 0xa89099fc, 0x0be2f5c6, 0x2343d51d,
	0xb58da82e, 0xfce7d576, 0x40439109, 0xbfb4d1bf,
	0x8e2214d1, 0xfc1453ca, 0x433b154e, 0xf6fc2907,
	0xfacacc40, 0xc82d8b00, 0xcacaf0dc, 0x77690339,
	0x155bade7, 0x9dd1c682, 0x3e4f120d, 0x59bf75bc,
	0x8bf6a83e, 0x90ddfb49, 0xc01ef943, 0xc028a03e,
	0x87a15332, 0x39e1869d, 0xa881e895, 0x5d96427e,
	0x40e69612, 0x29151d43, 0xe2adad8b, 0xf582caa0,
	0x4e231590, 0x141603bf, 0xfcf5420e, 0x1d503bf6,
	0x9f96e64e, 0xdd28161d, 0xef51ca03, 0xfc464a16,
	0x4c0b9929, 0x288da803, 0x00e31d1d, 0x2e090b2e,
	0x16effc22, 0xa8595b22, 0x8e55a0da, 0xb12582c8,
	0x54032d60, 0x6d93bf96, 0x4486bc87, 0x79a12d22,
	0x31f6f59f, 0xe89371dd, 0x86f63b29, 0xf709d786,
	0x5d639e39, 0x71fe5975, 0x6c4081c6, 0x95d311c5,
	0x1509fce7, 0x8b962d46, 0xa81d2899, 0x8718149f,
	0x3b751d14, 0x3edd2800, 0x432e9621, 0xf6e34e31,
	0x86093b3b, 0xad599a40, 0xb52afb12, 0x5bd53b14,
	0x91292323, 0x49fcf64e, 0x501d430b, 0x312e502e,
	0x14462246, 0x09a80b29, 0xcdec92ad, 0xd37646e9,
	0xc0da3c77, 0x87bf0e3e, 0x8618e7f3, 0x3ce718c3,
	0x3ea8fbac, 0x959def9a, 0x1481adad, 0x998b8644,
	0x18ef1b1b, 0x1ba03993, 0xa04ff50d, 0x21248692,
	0xad0b238b, 0x908b2900, 0x40294a9a, 0x03a71691,
	0x4646233b, 0x75c65bd7, 0x1d2dd5c3, 0x1d1d4efc,
	0x2142a83b, 0xf5fbef72, 0xf616445b, 0x4af6463b,
	0xbffc5b29, 0x2922143b, 0x1d1d500b, 0x125b23e3,
	0xe34e4ebf, 0x098ba023, 0x9d0753b5, 0x77b49187,
	0x44c86ad9, 0xf3809d35, 0x93977514, 0x6a5d78bf,
	0x93448b21, 0x4018f3f5, 0x3e490028, 0x95d778dd,
	0x9d53e1e1, 0x0d6cfa4f, 0xd7599175, 0x81f9c6e4,
	0x16155b49, 0x284931fb, 0x09bf1500, 0x1507504e,
	0x50e34646, 0x11322e43, 0x3b127746, 0x043b501d,
	0x861d4a50, 0x5b2afeac, 0xe3e6d5e3, 0x4a433b1d,
	0x0b46b52e, 0xe6429200, 0x2355952d, 0x8db5f5a8,
	0x16fcd53b, 0x16031531, 0x87849fa8, 0x04129112,
	0x77f5bc79, 0x3e804c44, 0xb04c9514, 0x224fca86,
	0x0009fb44, 0x539da700, 0xa0b54090, 0x4096423e,
	0x955348eb, 0xd98181a8, 0xa7f9355d, 0xd1760478,
	0x99b54050, 0x99286c50, 0xa814dc4f, 0x16430bf6,
	0x2ed4f9a8, 0x0eda963a, 0x1dbfd7bf, 0x15404a0b,
	0xfcf64007, 0x4e2814e3, 0xa8129343, 0xe33b46e6,
	0x8243b5f6, 0x4f6cf725, 0x3ea032ef, 0xef4999fc,
	0x23b53b12, 0x44904050, 0x1540429d, 0xcc96bf81,
	0xbc1616f5, 0x910df89b, 0x3577909a, 0xe3e3e3c3,
	0x50b54a81, 0x0e938bb5, 0x0d442231, 0x82594f53,
	0x6d5562fd, 0x21f9e693, 0x844086c7, 0x3ad74fd7,
	0x8d294950, 0x1803adfa, 0x7871ddd3, 0x1615994e,
	0x3b827e42, 0xd5f94323, 0x152e4af3, 0x433b4043,
	0x4309231d, 0x6ce8f516, 0xd7a892a8, 0x5b2e1dd5,
	0x0925000b, 0xb5ef90ef, 0x8d3efc16, 0x3131add5,
	0x492e1d46, 0x44ef0b5b, 0xc0994221, 0xf7e8b093,
	0x994ee6e7, 0x719f55e7, 0xcf60d744, 0x15ec9316,
	0xfb5bf623, 0x2e915099, 0x35428631, 0xfe3551f0,
	0x44714f18, 0xec2e84e4, 0x84d78192, 0xec4a969a,
	0xe7280b50, 0xef421dda, 0xec693577, 0x164a40bc,
	0x95827139, 0x4646032a, 0x4a4e5003, 0x1dfc314e,
	0x16155b42, 0x92822222, 0x2314224e, 0x16d51df6,
	0x15825403, 0x14b51686, 0xadfc2e09, 0xadf6e33b,
	0x21e3e3fc, 0xf9a1d793, 0xd53be72e, 0xecd11bf5,
	0x861243c8, 0x9322b5e7, 0xd61efcc3, 0xc6c3c087,
	0xf97e2195, 0x87e64042, 0x2d11d7a8, 0x9111efb4,
	0xddbfc3ef, 0x98d4e382, 0x044ee676, 0x6cc08682,
	0x59720bd7, 0xfb81e6d7, 0x9fca7ee2, 0xda9add4c,
	0xe6e60bca, 0x3b23b592, 0x033be650, 0x15994e8d,
	0x46506840, 0x314a4314, 0xad594fd5, 0x1de33b4e,
	0xa040a040, 0xe30b5b15, 0xadad154e, 0xf7d74643,
	0x82221d50, 0x8777f586, 0x310b3b3b, 0x2275500b,
	0x5044f344, 0xd7fbcc29, 0x0fb4f6e6, 0x7eac794c,
	0x93f85d5a, 0x8714a818, 0x35bf8693, 0x5496dfdf,
	0xc6a8d3f0, 0x983b8791, 0x4fe4e404, 0x6de4d1d1,
	0xc675bc43, 0x72adbf0b, 0xf9bf50f5, 0x9529bc5b,
	0x819116f7, 0x4615d55d, 0x0b2e50e3, 0x3100408d,
	0x4e405049, 0x1dbf1d22, 0x1540c64e, 0x501d3bf6,
	0x5b549049, 0x161d9000, 0x90e89aa8, 0x39409150,
	0xf8a8ddca, 0x43e6776a, 0x29ad436d, 0x29281529,
	0xd74e1646, 0x8114fa28, 0xb0f55043, 0x59f87218,
	0x357e53df, 0x8143294a, 0x42c6f378, 0x95954444,
	0x82c6719b, 0x6dd1914f, 0xf995d793, 0x0e6d35d1,
	0x4fe93507, 0xbf159221, 0x22d5fc31, 0x09fa2d90,
	0x554ae331, 0x22f9e303, 0x49bf15d7, 0x5003828b,
	0x2803fb28, 0x157840ad, 0x2dd71d2e, 0x29fb49fc,
	0x29d70b81, 0x49318bb5, 0x905139a8, 0x5d3900fb,
	0x810978ed, 0x91e9b04c, 0x9949814a, 0x23fc90b5,
	0x461de840, 0xf65b16e3, 0xa1e2a82e, 0x40162d1e,
	0x44d3ccfc, 0x00c68791, 0xfa0386b7, 0xa0f575fc,
	0x9f68354e, 0xe4e6e44f, 0xe4860b86, 0x76e409d3,
	0xa032e64a, 0x8d2832dc, 0xe646002a, 0x09a05bd5,
	0x7e094e4e, 0xd11843e2, 0x90e3d5e3, 0xf6498b5b,
	0x9f959928, 0x9296e886, 0x5942da4e, 0x15e78b59,
	0xad507200, 0x3b16501d, 0x6c82c091, 0xacbc9fe3,
	0xfc1225ed, 0x8dd5acd7, 0x5b5b22d5, 0xa84950b5,
	0xa8b54040, 0x439afad7, 0x149a4a0b, 0x4e6c182e,
	0x468086b5, 0xf8bf146d, 0x8b512532, 0xf5214322,
	0xe711c692, 0x21a8966d, 0x6c3b8196, 0xa76d6d4a,
	0x8b9940fc, 0x71bcfee8, 0x463be9da, 0xa78177c8,
	0x4f231d43, 0x3bc63be2, 0x09a8f92e, 0x299000e7,
	0x235b1540, 0x8609fc75, 0x09094431, 0x0bd714a8,
	0xb5ad23ad, 0x4e3b0b1d, 0xfcca86c6, 0x21c3cc46,
	0x8ba8e2f8, 0x31720da4, 0x6749c3d5, 0x8be74482,
	0x9ab51550, 0x4a955a4f, 0xa8a875e6, 0xe8a84e40,
	0x87f33ead, 0xef8bd793, 0xe7e29468, 0xbfa8424e,
	0x7ee79111, 0x42bf6dd1, 0x421681c6, 0xe6841d98,
	0xa0e7f503, 0x32818eca, 0xd109461e, 0x12a1806d,
	0x4ae6004e, 0x2e8d3b0b, 0x31fcbf07, 0x99a8da09,
	0x8631400b, 0xd523f64e, 0x50d5ad75, 0x163b0b1d,
	0x1d5bfc5b, 0x09fcfc2e, 0xbfd5f33e, 0x951b824a,
	0x9023313c, 0x40823211, 0x62954f93, 0x299f3c97,
	0x6c498d5b, 0xe6f9790e, 0xc314e4d4, 0xe893314a,
	0x86220990, 0x9f542395, 0xe7e7fe51, 0x35871578,
	0x9693faf5, 0x2c5d9f93, 0xe69221dd, 0x7b040443,
	0x2de20bd5, 0xdabc629f, 0x14969fc3, 0x3cdc77ac,
	0x4fe30bbf, 0x3b501da8, 0x001d911d, 0x00cc5d96,
	0xd546ad49, 0x14008da4, 0x22dde2f5, 0xbf9f9350,
	0xfc2e4250, 0x81091d4e, 0xfc1475fc, 0x9f920b5b,
	0x49149f2d, 0x28e7df81, 0x21284e91, 0x90353521,
	0x28909050, 0x162275ac, 0xcc166de3, 0x2d93864f,
	0xd791599f, 0x95fe15e8, 0x90726ae1, 0xf9146c55,
	0x54fc096c, 0x86e4c690, 0xfb9616d1, 0x7b843ae3,
	0xc378861d, 0x719fa572, 0xfadd3e86, 0x7735772d,
	0x4abf2386, 0x2ea82222, 0x291240a8, 0x44a1977e,
	0xc69309bf, 0x3114f6ec, 0xa8032dda, 0x75755ae6,
	0x501d82da, 0xfb54fca8, 0x50e61475, 0x599223d5,
	0x8bfc1ec3, 0x49cc7249, 0x8650e8ad, 0x9fbcecd7,
	0x50160b49, 0x8b4e4486, 0xa03e4e16, 0xa0dd91f5,
	0x96dd54c0, 0x95ad6c03, 0x54fe958b, 0xd7e69625,
	0xe2e29942, 0x71219892, 0x430bbc84, 0x78840746,
	0x21219115, 0x934a14d6, 0x1bbc5900, 0x4f6a5378,
	0x14bf44d7, 0x758b16ad, 0x5435cad7, 0xc3ecee5a,
	0xec0946a8, 0x1dfc8121, 0x8dcc2396, 0x14d544bf,
	0x4a4a4476, 0x9af79146, 0x2331fca8, 0x2da12346,
	0x9981d181, 0x4903ca99, 0x4029956c, 0x143ef53e,
	0x2ee35091, 0x159addbc, 0x6ae2ad40, 0x44969692,
	0x78facc9f, 0xad559554, 0x78398b25, 0x3bec95e1,
	0xe2dd9600, 0x819a0996, 0xd47e44f1, 0xece3d4b5,
	0x329bbf43, 0x5ba83ec8, 0x2de81622, 0x93e9cc95,
	0x4e913191, 0x16409949, 0x00c0826c, 0x3577b162,
	0x00154e46, 0x23fc1d16, 0x234e1d3b, 0xd5142123,
	0x2e922140, 0x2882ef4a, 0x223b430b, 0x9211814e,
	0x22bf9d9f, 0x5be27215, 0x2de854ef, 0xdd90e891,
	0x4314a809, 0x8b9023f6, 0x22409a29, 0x9f915bfc,
	0x5a952c5b, 0x8b907e55, 0x152854a0, 0x6c8dfbfa,
	0x9a215940, 0x0b28a814, 0x84c55d87, 0x163b8644,
	0x4c67825b, 0xade3c39b, 0xe9c32d49, 0xbfc69f9f,
	0xbf81953e, 0xe6a85449, 0x545025fa, 0xe32b2f32,
	0x0e50fc22, 0x28319386, 0xd7a8e64e, 0xd56c1b40,
	0x9d5a9771, 0x59297587, 0x430b464e, 0xda637e99,
	0x994e099f, 0x0993e6e3, 0x5bfa9114, 0xbc6a7829,
	0x22a85b77, 0x3ebf2999, 0x2e879ff5, 0x144a0b14,
	0xfe252c9f, 0x54e71b1b, 0xf75959fa, 0x29fa2928,
	0x789639f7, 0x3ba80950, 0x873ca581, 0xc687df46,
	0x21c395fb, 0x906c6cef, 0xe78b2999, 0x46a8f869,
	0x00adad53, 0xe795ebc3, 0xfc232e43, 0x1e02934a,
	0x9ab52281, 0x92442223, 0x31281522, 0x774c2951,
	0xc879d962, 0x071223f6, 0x2c254643, 0x7687c600,
	0x4a3b0931, 0xc38296e6, 0xbf91294e, 0xfe8d5b14,
	0x4e9bcc5d, 0x82ec9f15, 0x2e2e86e2, 0xc0530e93,
	0x53cc0ee7, 0xfaf5acf0, 0x6c7e29b5, 0xc6d1f516,
	0x5b8d72d7, 0xe3a0c679, 0xc0efbccc, 0xd16c5d9d,
	0xbf76efb0, 0x035995dd, 0x8da0da6c, 0xa891429b,
	0x8b9f7e2c, 0x123ce944, 0x4e46bf96, 0xd377934e,
	0xa0e72df5, 0xeb824f44, 0x8d5b495d, 0x9bbdefe8,
	0xbd63aaf0, 0x2e2293d1, 0x9c25f3e3, 0xc687e7bc,
	0x46f90bd7, 0xf53cefda, 0xbf5d4a3b, 0x5449adfc,
	0x864fc3bc, 0x78d18109, 0xe343a85d, 0x829c7186,
	0xa58e9572, 0x3181b1bd, 0xa0039939, 0xdd091596,
	0x6c59f7a0, 0x0b4f32ec, 0xf842f5fb, 0xc75a6987,
	0x4f914c3c, 0x9f9fbc53, 0x9f9000f7, 0xf822ddc3,
	0x8b596208, 0x2c71a0d7, 0xa8159386, 0x5aee6dd1,
	0xfb4f8682, 0xacf7213c, 0x3131ad3c, 0x9ea4d778,
	0xc20f63fd, 0x3b3b4460, 0x6ae8f93b, 0xf5188654,
	0x9d7591fa, 0xc368e1c8, 0xc3dd154e, 0x9f1528fc,
	0xd14e913e, 0xf30e4381, 0xa8438744, 0xcada5181,
	0x55951b51, 0x95fe251b, 0x54285540, 0xddf5f900,
	0x5954cccc, 0x544291c0, 0x6cd3da15, 0x82111b91,
	0x02800100, 0x7693dd2c, 0xaccc5df3, 0x9a713ec3,
	0xf0d90edf, 0xb068dfcb, 0x62df9efd, 0x39cc5d71,
	0x391bfefe, 0x68eb1bd7, 0x6897ebc0, 0x71f86911,
	0x51f87197, 0x8e698eda, 0x5665c497, 0x8fbebea3,
	0x47bebbce, 0x2bbe6547, 0x04472634, 0xc43ac465,
	0xd9840867, 0x2b798079, 0x242480c4, 0x04e47b7b,
	0x0424986d, 0x84846d80, 0x0c84f1f1, 0x3a047b37,
	0x67f49802, 0xc5c5cf24, 0x24a72464, 0x37043798,
	0xc5cf3737, 0x5d87f554, 0xfd1b5139, 0xb493f9c2,
	0x11114f71, 0xa5399a81, 0x0eebc22f, 0x551bc663,
	0x68555411, 0x5197f839, 0x6ca532fe, 0xf8698e1b,
	0x7e69d3eb, 0x5a9c9ce1, 0x5626ce65, 0xd038d8c4,
	0x3047657a, 0xd93356c4, 0x08be474d, 0xc26d47ce,
	0x808079a3, 0xce80cf08, 0x8080d9c4, 0xe4242408,
	0x24c7043a, 0xe484e4e4, 0xf1f13a3a, 0x84e498c5,
	0x013784f1, 0xa7247037, 0x247b9870, 0x377b0498,
	0x37f40c67, 0x18a4c3c6, 0x0fbddf9e, 0xd74f0e2f,
	0xc0c0a442, 0x32215469, 0x6271f832, 0x54541b0e,
	0x5d11fe1b, 0x0dfdb01b, 0x559ea5fe, 0x7e97eba5,
	0xeb9c52f8, 0x699eeb69, 0x3d4dc48f, 0xd238d847,
	0x8ac4301a, 0x6747473d, 0xbebebe3d, 0x79c2658f,
	0x80272627, 0xcecf2780, 0x8076e4c4, 0x0124986d,
	0xf19837a7, 0x7b98843a, 0x7b0104d4, 0x7937983a,
	0x7bd4843a, 0x702479a7, 0x01377057, 0x01017ba7,
	0x2401c779, 0x2008a5c6, 0x2f63c018, 0x5996cd0f,
	0xf85d9654, 0xe1a053f8, 0x6cdff868, 0xa559df63,
	0x1b9e9ca5, 0x69085269, 0x9ea5eba5, 0x9e8ea5a5,
	0x52529e9c, 0x3dc0f852, 0x473d5665, 0x745ec1d8,
	0x3dc48f05, 0x4dbbce26, 0x2bce8f65, 0xa33dc2ce,
	0x6d565689, 0xa7e479c2, 0x0876d189, 0x24989867,
	0x013aa767, 0x087b6d67, 0x019898d4, 0x67983a7b,
	0x016d7924, 0xa7017b7b, 0x0c707064, 0xe3a73a24,
	0x700104a7, 0xcd0fd9f8, 0xa571711e, 0x5535c2d9,
	0xf87e951b, 0xa01b2153, 0xf7599afe, 0xa1df9ca1,
	0x9eeb62a1, 0xd99c9e68, 0x9eeb4869, 0x1b1bb1fd,
	0x9e526268, 0x26a91b8e, 0x6689418a, 0x6130ce66,
	0x56c430d8, 0x3dcec126, 0x6565c465, 0x3dc4473d,
	0xa9671010, 0x792410e4, 0x8404f180, 0x0ccf9898,
	0x97849837, 0xf1f19826, 0x3a84f1d4, 0x70043a7b,
	0x70987067, 0x370124a7, 0x24a77019, 0x84a70101,
	0x37a72464, 0xcb2b083e, 0x95393e18, 0x622b3521,
	0xdfdf5525, 0x6cdf92f8, 0xf7fb7259, 0x111b9797,
	0x1ba155a5, 0x9e2f97df, 0xa5a5b069, 0x6952edb1,
	0x2fa5eb55, 0x891cf853, 0xc4a35fde, 0xd8661a74,
	0xde888874, 0xc4c44756, 0x65a34d56, 0x3d65bb56,
	0x6767563d, 0x80cfc727, 0xe479f108, 0x0167673a,
	0xcfc77bd3, 0x6de479cf, 0x01a7d402, 0xc5cf70a7,
	0x7070700c, 0x3a3a7b01, 0x7b7b9804, 0x797b9824,
	0x19c57bf9, 0xc80d3254, 0xcc2191c3, 0x1142763e,
	0x5da16253, 0x54e2f532, 0x21a0da92, 0x691b0e97,
	0x97535311, 0x9e1b1169, 0x1b5db09c, 0xf852fda5,
	0x52eb6868, 0xa3dba99e, 0x56587d1c, 0xa31a7a66,
	0x658f5ed8, 0x3d41ea5f, 0x26c4c44d, 0xc4c465c4,
	0x273dc4c4, 0x7b6780a9, 0x976d07a9, 0xa7987bc7,
	0xa7f42406, 0x98cf97c5, 0x24768401, 0x67cf3767,
	0x70c7a70c, 0x02020470, 0x013af107, 0xde0c9898,
	0x01982480, 0xc3911654, 0xe1c632c3, 0x2195f5a0,
	0xc3cf8044, 0xcc9a59ac, 0x81e2971b, 0x9569dfec,
	0x51690d11, 0x11212121, 0xfe696997, 0x71eb6997,
	0xa99e9c1b, 0x894d1cf8, 0x7a58f21c, 0x8a8a308f,
	0xce746188, 0xa326a63d, 0x26dede7d, 0x7a08c43d,
	0x4d7a7447, 0x8065c7cf, 0x58cf0dc4, 0xcf989808,
	0x67eacf79, 0xf4847901, 0x6d677024, 0xa7247b98,
	0x7b7b040c, 0x0c04043a, 0x3a3a0470, 0xf4cf7b98,
	0x7b7b24e4, 0x4f09e84f, 0x495d1b25, 0x92f73e59,
	0x91767676, 0x3942dadf, 0x21537121, 0xccc67911,
	0x82119597, 0x39e12197, 0x727168c2, 0xd9699778,
	0xb1eb8eeb, 0x894183a9, 0x7a89a3af, 0x3d266566,
	0x3d7af230, 0x2665a2a3, 0x26262656, 0x80a93d56,
	0x8a79f279, 0x8008a379, 0xcf081808, 0x64373701,
	0xcfab8a24, 0x80d179e4, 0x0170a770, 0x98370c0c,
	0x840498a7, 0x9898d402, 0x0401c724, 0x24e4247b,
	0xf1983798, 0x86a8a853, 0xb7fe39da, 0xc6a01b6c,
	0xe6874fc6, 0xd186f5dd, 0xdfc07135, 0x59964271,
	0x485568f8, 0x7e5511fe, 0x685521f8, 0xf89c6925,
	0x68395597, 0x58a3db8a, 0x4d588a7a, 0xa365cece,
	0x6674f256, 0x658f8926, 0x89893d26, 0x67271026,
	0x4d799879, 0x08a33d79, 0x372480a9, 0xc5676737,
	0x26061cf4, 0x98cfcf98, 0xc50ca989, 0x0498700c,
	0x986d843a, 0xd33af102, 0xf1019824, 0x04c77937,
	0x01803770, 0x21e8fb8e, 0x48625371, 0xe6f87851,
	0x4fc396d1, 0x4f4296d7, 0xf84f5111, 0x6921c671,
	0x69697e69, 0x97f8975a, 0xfef8115d, 0x6808a92c,
	0xaa556948, 0x7a8a7d4d, 0x411a8958, 0x3d8fa366,
	0x6630f26f, 0xa365c4c4, 0x4d892626, 0x6f8a26a3,
	0xa9a9c5ae, 0x70cf80a9, 0x2480c779, 0xcfc737a7,
	0xcf676fb8, 0x707979e4, 0x37c58aa7, 0x040ca701,
	0x01d47b79, 0x7be43ad4, 0x3ac70c19, 0x2498f4c7,
	0x9876a704, 0x68115552, 0x3c62eda5, 0x4f7ed3fe,
	0x86ccda76, 0xf7e896df, 0x68aeae54, 0x68256871,
	0x9ea56942, 0x71f8f8eb, 0x97ebd362, 0x555269eb,
	0xa99eaa97, 0x1a4d83de, 0xc4be7af2, 0x888841de,
	0x8f1a6630, 0xce8fcec4, 0x5630c456, 0x67cf6610,
	0xa3066fb7, 0x3da96580, 0x01a7cf10, 0x70c727c7,
	0x3a98c706, 0x8a242480, 0xcf37c5cf, 0x04277027,
	0x70f1707b, 0x8498070c, 0xe401a724, 0x987b04e4,
	0x98017b7b, 0xb00ddfa0, 0x55489e63, 0xd1f8fea1,
	0x4fe7546d, 0x2954557e, 0x4894481b, 0x8e78fe51,
	0x5a391182, 0xeb951bfe, 0x5a6969eb, 0x55eb111b,
	0x2648a98e, 0xd06613db, 0xa3c11af2, 0x7a7a56a2,
	0x3865d0d0, 0x8a263dc4, 0xa33d3d56, 0x4110ce30,
	0x3dde8c8c, 0x0ca94d67, 0x67377079, 0x677bcf01,
	0x3a76d327, 0xc2f1f104, 0x277079cf, 0x7041cf67,
	0x6d01c701, 0x98f90457, 0x79c7a77b, 0x7b7070e4,
	0xc70c2424, 0xe2775d59, 0x8e5da59e, 0x860d7168,
	0xe2fe86f9, 0x95e1a153, 0xa59ccfcc, 0x68684232,
	0x5aa5a059, 0x7e55e148, 0xdf39fe97, 0x559c691b,
	0x2610e81b, 0x65c489db, 0x663889ce, 0x8a4d89e5,
	0xa326896f, 0xc456c426, 0x7a3d4d8a, 0xa98030ba,
	0xc258ab6f, 0xcf27893d, 0x79c53727, 0x113a24c5,
	0xd4e47bc7, 0x84847904, 0xf4677bcf, 0x70265637,
	0x010c24c7, 0x707964c7, 0x0424d1c7, 0x7bf17b70,
	0xcfc70104, 0x25781b68, 0xeb68a0bc, 0x9a821b6c,
	0x955dc6d7, 0x544f21e7, 0xeb2cf8df, 0x5a68a5ac,
	0xa1537139, 0x69115d1b, 0x6969829c, 0x08a552eb,
	0x5626979e, 0xd0ce58de, 0x8fe06674, 0x5656417d,
	0x56565889, 0x263d7a89, 0x89652641, 0x3d47cec2,
	0x38aa10a9, 0x047b983d, 0x67c77979, 0x673acf27,
	0x6b80f180, 0x79798098, 0x67cf0479, 0x9898cf26,
	0x37040104, 0x01645770, 0xa7796dc5, 0x7b04f13a,
	0x01e43a84, 0xca8e6853, 0x1bf8f5cc, 0x86a411df,
	0x9a4f87c3, 0x7e3e1121, 0xa1519ec6, 0x681ba5a1,
	0x69eb6855, 0x1b7169f8, 0x51fe699c, 0x08108ed3,
	0xde892748, 0x88d04d41, 0x335ece65, 0x2630a3a3,
	0x7a565630, 0x264730ce, 0x3dc4c48a, 0x79d9653d,
	0xc289794d, 0x24e4d126, 0xcf019898, 0xc7796779,
	0xd4043a79, 0x0c0c7904, 0xa779040c, 0x04989879,
	0x0c7b7b24, 0x0cb96464, 0x043a7b98, 0x01240401,
	0x98840298, 0x0dc2ca55, 0x21c6dd21, 0x4fa4a1ed,
	0x59c0c686, 0x81c6c342, 0xfe7e6925, 0x8e529eeb,
	0x979c6953, 0x7e115d97, 0x8ecf25c5, 0xc2b8aa48,
	0x6f264daa, 0x8f65267d, 0xc48fa3de, 0x1a38ba88,
	0xf226897a, 0xc4a338d8, 0x8a2665c4, 0x56c2a9a3,
	0xc28c8027, 0x6d76d908, 0xc70101de, 0xaaae7998,
	0x79a76df9, 0x017ba7d1, 0x5637a324, 0x24cf37cf,
	0x1924370c, 0x0c3734b9, 0x02d40e04, 0x24987b84,
	0xe4847004, 0x0d626a71, 0xfbe7a475, 0xc0ac68fe,
	0x4295e8cc, 0x8ef86992, 0x711b7e2c, 0xfd529768,
	0x2fb06962, 0xfe6962a5, 0x1b395194, 0xedaa485a,
	0x4189dea9, 0xdea326de, 0x658f267d, 0x33d85eba,
	0x1a30f265, 0xbec47aba, 0xde4126c4, 0x8aa30856,
	0x088acf3d, 0xcf7610d1, 0xa7676724, 0xcf9c6779,
	0x80242497, 0x7067a701, 0x8098cfa3, 0x3770a780,
	0x01700170, 0xc70cf470, 0x01017080, 0x01247001,
	0xf48424c5, 0xcd6e2b6e, 0x7e4f750d, 0x39a05351,
	0xcce854a0, 0xcff87e51, 0xe11b8e8e, 0x602fe151,
	0x60d9df2b, 0x51aea562, 0x11f897a9, 0x52a15252,
	0xde566f4d, 0x1789a356, 0x5ebec441, 0xce47ba45,
	0x7474f289, 0x478f745e, 0x5f413dc4, 0x5856c408,
	0x3d8a8a79, 0x080889d1, 0x7979a967, 0x21976f67,
	0x80cfcf10, 0x1089a998, 0x6556cfc4, 0xa76701ce,
	0xf4575701, 0xcf1957b8, 0x04a77080, 0x0ca72401,
	0xc5980119, 0x2b1ea1b1, 0xd3f9189d, 0x1ba5a57e,
	0xeb786839, 0x5269eb42, 0x321b8e5a, 0xa5252cfe,
	0x63c2539e, 0x97b797a1, 0x6868c208, 0x9c688e55,
	0x1056de4d, 0x835608c4, 0x5eba5626, 0xce65475e,
	0xc41a65ce, 0x66be618f, 0x5c4d268a, 0xa356f23d,
	0x89898ac2, 0x807af2d9, 0x67de2710, 0x80581c94,
	0xcfa7c767, 0x670c243a, 0x08760479, 0xe4f1e408,
	0x37249824, 0x24b90c01, 0x987b3a04, 0xf4199898,
	0xc7067919, 0x8718eecd, 0x3ce17921, 0x55ac971b,
	0x9cf86855, 0xfe71c669, 0xfd9752f8, 0x69559769,
	0x52ecd92b, 0x809c9cf8, 0x9c0ed92b, 0x4d428e21,
	0x8098c78a, 0x17833dc2, 0x38338f65, 0x338fce38,
	0xcea389ce, 0x5f656574, 0x5c412656, 0x5641c43d,
	0x8926897a, 0x27561008, 0x80678a4d, 0x6dabb2ea,
	0x04a76727, 0xc7cf9824, 0x84d18404, 0x848498e4,
	0x987b0424, 0xcf2404f1, 0xa70cc5d4, 0xf437cfc5,
	0x37f498c5, 0xf5a42bcb, 0x55f054f8, 0xfb1b9797,
	0xcf9cdf55, 0x86217197, 0x0fb662df, 0xc2c248fe,
	0x9c3cd108, 0x08f89cfe, 0x11aaceb1, 0x4d2769d3,
	0xc4de2767, 0xde4dde56, 0x61bebebb, 0x663df261,
	0xc41ac4a3, 0x8a65a3d8, 0x4bde8a89, 0xf21aa326,
	0x897a5838, 0x893da958, 0x6f377989, 0x80cf5757,
	0x79047980, 0x84809880, 0x803a7924, 0x79708011,
	0x240cece4, 0x80040284, 0x0c278004, 0x0ca90cc5,
	0x0137ec84, 0x71936ed9, 0x53636aa1, 0xcce70d9e,
	0x82fe51fe, 0x21f811b7, 0xc263a511, 0x38b1a597,
	0x8e2f3a2b, 0x5a8e4272, 0xf80ed1a9, 0x6f6f11e1,
	0xc5790cf4, 0x264126c4, 0x5ebb4733, 0x7ad8bed8,
	0xd266657a, 0xf23da330, 0xa2898926, 0xf23d4ddb,
	0x1a1a7af2, 0x4d56a389, 0x068a2767, 0x80c7c537,
	0x987b3a98, 0xd4678001, 0x800484a9, 0x010c2787,
	0x84cfec70, 0x7b982498, 0x98a976c7, 0xe4040ca7,
	0xf19801e4, 0xccb46a79, 0xeb7e53fb, 0xdd86acc0,
	0xa168519a, 0xcf71e768, 0x68559c2c, 0x20fde21b,
	0x395d91d1, 0x93955d72, 0x210e7687, 0x4d6f4839,
	0x04cf8ade, 0x6541a998, 0xbad847bb, 0x89bababa,
	0x30d8d8d8, 0x3d267ad2, 0xb24d5656, 0x89a3414b,
	0xf2891089, 0xa3107a56, 0xcf418a10, 0x24cf4d41,
	0x7979e479, 0xf9cf6704, 0x0898cfcf, 0x243784d1,
	0x0c702404, 0x76791937, 0x04047bcf, 0x677b9824,
	0x02a727e3, 0x71719739, 0xa551eb72, 0x1171c311,
	0x785ae1dd, 0xf8df55ae, 0x7268ac2b, 0xf88efefe,
	0xc6f9df79, 0x7b7be404, 0xf86da7a7, 0x274ddef8,
	0x65268a8a, 0x65a9a73d, 0xba3d3d8f, 0x3838ba38,
	0x7ad0ced8, 0x56a3d2f2, 0x30471041, 0x89415fe5,
	0x3d6f8a26, 0x56c48989, 0x793d8c89, 0x79c5941c,
	0x1a79c267, 0xa9cf2779, 0x3ae47980, 0x983a3ae4,
	0x70f47001, 0xa9796419, 0x840284c7, 0x79677b98,
	0x0424cfe4, 0x181e531b, 0xe7c00d18, 0xc77ef9c3,
	0x51fee178, 0x42a154e7, 0x55716871, 0x97792139,
	0xd1ec9c69, 0x79e4f942, 0x6d1121d3, 0xc7988acf,
	0x265689c7, 0xce3da356, 0x611c2688, 0xba4538d8,
	0x887447ba, 0x1a888858, 0x88336689, 0xaf41ea8a,
	0x561c6f56, 0x561c1a8a, 0x4dc5ea4d, 0xa7944ddb,
	0x3dd924cf, 0xa379f40c, 0x07e48079, 0x3770c5d1,
	0x19b8f4a7, 0x7904f457, 0x24800467, 0x7b980124,
	0x79799898, 0xa88662fd, 0x81238621, 0xc67e53c6,
	0xaf1be29a, 0xd31ba59b, 0x1b1be7eb, 0x210e214f,
	0x96978079, 0xecd37951, 0x98ec93f9, 0xdea77b06,
	0xde06cf80, 0xce26c489, 0xd0db661a, 0x5eba3888,
	0xd0d0ceba, 0x7af2d874, 0xce7474d2, 0xc5f2c430,
	0x268acf10, 0x58566656, 0x7901276f, 0xcfcf37c7,
	0x79cf6706, 0x2401a93d, 0x79010180, 0xf4016d79,
	0x01a70c19, 0x7b98010c, 0x7079a798, 0xa70c7970,
	0x3a7be4e4, 0x21faf5ac, 0x0d329e69, 0x97962192,
	0x5242f74f, 0x5a3953ed, 0x76f95425, 0x11ecec6d,
	0x1121a771, 0x76114295, 0xa7e4046d, 0xde79a779,
	0xcff4cf67, 0x6589c447, 0x56eace66, 0x05052f47,
	0x74ba5ebe, 0x1a305e05, 0xc43d741a, 0xa3668f26,
	0x1067563d, 0x88cff2a9, 0x6f677967, 0xc5376757,
	0xa79867de, 0x046767c5, 0x794d8006, 0x0c94b967,
	0x3757640c, 0x04043a70, 0x4da72498, 0x980c2479,
	0x01012404, 0x558e5a71, 0xa4cb1b55, 0x24d1a4df,
	0x79f87ed1, 0x8011a562, 0x79d16d80, 0xd39c5ac7,
	0x6d692511, 0xd3c704d1, 0xb7c7a967, 0x2404481c,
	0xce4d2479, 0x65086574, 0x411a3026, 0x38d98f74,
	0xf23005ce, 0xf2615e74, 0xc2c2741a, 0x263d66c2,
	0xce891a89, 0xc2083065, 0xc567cf79, 0xb941c527,
	0x0c37cf37, 0x3a798a01, 0x41807979, 0xf457f4c5,
	0x370c6417, 0x79c580f4, 0x67248084, 0x37c5c526,
	0x01982424, 0x55a94877, 0x0e1ea16a, 0x690e0ec3,
	0x5a5555d3, 0x0ef8cfa5, 0x717151c6, 0xece4ec9c,
	0xc676846d, 0x48678e51, 0xafafafab, 0x6780a9ab,
	0xc2a770cf, 0x1a2fc48f, 0x05386506, 0x08c2d9d9,
	0x8861d27a, 0x66f2d07a, 0xcec41a1a, 0x2710d965,
	0x2b087927, 0x80802410, 0x98017974, 0x707006a7,
	0x0cc56767, 0xcf89de70, 0xc5980124, 0x191964f4,
	0x4ba757e5, 0x67cf04f4, 0xcf670779, 0xa7cfc567,
	0x37a724a7, 0xe10620ee, 0x9c6a3ca1, 0x2cf8350d,
	0x558e4825, 0x0d7671a5, 0x690dfb0d, 0xe4046dec,
	0xd10ee401, 0xf9a99c84, 0xb37caa11, 0x109e7c05,
	0x3d796737, 0x884788a3, 0x04042479, 0x24808080,
	0xd8746727, 0x30d21ace, 0x26c4083d, 0xcf26c426,
	0x08d98008, 0x8a3da379, 0x671ad07a, 0x37010179,
	0xa7a70424, 0x4d5f27a9, 0xa779cf79, 0x6470a70c,
	0x17346457, 0xe484e401, 0x068079a7, 0x70cf67cf,
	0x70a7693a, 0xc8f8bdcd, 0x429e4454, 0x083c800d,
	0x531bca8e, 0x0e84967e, 0xf811d3f8, 0x04043e98,
	0xf90e8498, 0x04f9f197, 0x7c05fde4, 0xa7972ffd,
	0x8a274164, 0xbe74ce74, 0x8079088f, 0xcfe480d9,
	0x7930a989, 0xe48008c2, 0x652f796d, 0x1080793d,
	0x652b8f79, 0xf90480d9, 0x27a3d2a9, 0x70f4cf27,
	0x7b047b01, 0x068cc580, 0x01a76780, 0xf457190c,
	0x19e51957, 0xe402e424, 0x8ad427c5, 0x7956cf67,
	0x0484f104, 0x0e3c3c71, 0xdf6925df, 0x065a7121,
	0xcc959e67, 0xcdd480a4, 0x80a7210e, 0x24049880,
	0x8084e424, 0x97848498, 0xd2aadff8, 0x79674811,
	0x1037f47d, 0x2b88c405, 0x2f2404d9, 0x79d93a2b,
	0xfd894d4d, 0xa7240180, 0xd9667a67, 0x797979e4,
	0x7bced933, 0x24e408a3, 0x7a10cfe4, 0xa7a76794,
	0x80793a80, 0xa7a7ae80, 0xc7c57e9c, 0x70370124,
	0xc557f464, 0x98047080, 0x6798cf79, 0x79cf79cf,
	0x98f10298, 0x0de85a7e, 0xd9b05d86, 0xb18e253e,
	0xc6a05394, 0x5a6d80df, 0x7b8480c6, 0x6d76ecec,
	0x980401c7, 0x85d49779, 0x3fc5cfcf, 0xcf5694cf,
	0x80f40c57, 0xd9d93dd9, 0x0498796d, 0x79d92424,
	0xd9c267a9, 0x98e408c2, 0x8479cfa7, 0xa39880cf,
	0x8008ce08, 0x4d80cf56, 0x08c2e408, 0x89a3c567,
	0xcf089804, 0x3a9811f9, 0x37247b7b, 0x37577019,
	0xa7a7b957, 0x98a7c770, 0x27016407, 0xcfcf79cf,
	0x04240479, 0x1b258211, 0x4ce271ae, 0x0d9e6c80,
	0xc01bdf4f, 0x6d71d181, 0xf8543b04, 0x79f9ec39,
	0x7e010cc7, 0x8cd148af, 0xb937d3b7, 0xcf8079c5,
	0xe4807024, 0x807b8080, 0x80047647, 0xd9987970,
	0x047b043a, 0x706779e4, 0x80e40498, 0x79ce08cf,
	0x277b2f08, 0x56d11079, 0xa9a9808a, 0x0408a9a3,
	0x98047980, 0xd3ec043a, 0x98047067, 0x64570164,
	0xa70119e5, 0x0401cfa7, 0xcf67cf6d, 0x674d01c5,
	0x76a76724, 0x57fb5318, 0xd944aced, 0xd142115a,
	0xf9eca10e, 0xc69c796c, 0x78921bc0, 0x70f8ec7e,
	0x06cf6757, 0xb77ec506, 0xb83fc5b8, 0x248024f4,
	0x80797001, 0x807bd908, 0xd9c22404, 0x6dce79c2,
	0xcf80cf24, 0x370c2498, 0x010124cf, 0x84c208cf,
	0x7d802410, 0x7a0e086d, 0x8908c2af, 0x08e40610,
	0xc7042408, 0x7924d3ec, 0x70191937, 0x34370c01,
	0x98a73734, 0x79c50179, 0xc53767c5, 0xa7797027,
	0xe4790101, 0x9e5397cf, 0x0d86f53c, 0x691b5d08,
	0x4f1b5dc3, 0x6c97e271, 0x7e51da68, 0x06c7ec24,
	0xb7f4571c, 0x98247bc7, 0xc53724c5, 0xf4d979f4,
	0x3da741b9, 0x373a47d9, 0x04809898, 0x7b84987b,
	0xcf80e4e4, 0xcf70247b, 0x047908a9, 0xd97b7b7b,
	0x4176d9d9, 0xaf08e410, 0x79e48f7a, 0xcf667967,
	0xd3cf7ba9, 0x242406f4, 0x0c980170, 0x5f570ca7,
	0x70c75719, 0x3767c564, 0x27cff4f4, 0x0170f4f4,
	0xc524c579, 0x3c626262, 0xf586dff8, 0xd9c063fd,
	0xc3704add, 0xf90e0e21, 0xe404e44a, 0x3467d16d,
	0x196419f4, 0xc534c5c5, 0x6f412757, 0x17c21067,
	0x7b246419, 0x04842be4, 0x24247984, 0x7b842b2b,
	0x89043ad9, 0x67a7986d, 0x65a908a9, 0xcf243d66,
	0x677b0137, 0xf2a9804d, 0x8a107908, 0x3dc456a9,
	0x2448e4a9, 0x9804c5a7, 0x24042424, 0x19640101,
	0x0c37640c, 0x4d016737, 0x70cff44d, 0xc5cf6770,
	0x41c5c779, 0xd99797b7, 0xc0d7c05d, 0x6dc3080f,
	0xc0536d6d, 0xf84ff921, 0x80680eec, 0xb2f4763a,
	0xf4941c57, 0x4106a70c, 0xc5946737, 0x193d278a,
	0x7b7b0cf4, 0x7be4247b, 0x808098d9, 0x849802cd,
	0x79c284d4, 0x24242480, 0x79083d27, 0xc27908a9,
	0x24768f08, 0x67807901, 0xcf372779, 0xcf6d6708,
	0xf4f9f96d, 0x01987bc5, 0x24042401, 0x01240c01,
	0x01017004, 0x70012424, 0x6dc72737, 0x27677984,
	0x8ac567cf, 0xb03c2f9b, 0x4f9521b4, 0x766abdb1,
	0x3e212580, 0xd1244342, 0x24f1f997, 0xc501800e,
	0x79986437, 0x01980cc5, 0xcf24a767, 0x19268f79,
	0x84a70ccf, 0x04e43a84, 0x7bd49879, 0x80040208,
	0x7b80847b, 0x98cfe404, 0xc2987b79, 0x047980a3,
	0x3d6d2480, 0x8079cf37, 0xcf564167, 0x793a8098,
	0x8479e4e4, 0x047b0c7b, 0x040c6401, 0x19573701,
	0x04a76419, 0x0667987b, 0x79274d41, 0xcf79c5c5,
	0x5656d367, 0xaced6eee, 0x8b78dff8, 0x2b9df02c,
	0xe47ed30e, 0x846d7b71, 0x3a049802, 0x24013a6d,
	0xd401c524, 0xc58004d3, 0xcfc77b24, 0x703a2010,
	0xe4a77037, 0xe4d13a80, 0x04f180c2, 0x20d4e4be,
	0x043a3a30, 0x01080424, 0x80708479, 0x980880f1,
	0x80d90479, 0x6737c53d, 0xa98910ea, 0x796d79cf,
	0x04cff180, 0x70010102, 0x9898a701, 0x64377024,
	0x24376464, 0x983a3a98, 0xc5de56cf, 0x064d6437,
	0x678a3d67, 0x532bb09e, 0xfe6c3c39, 0x78626e69,
	0xe4874f71, 0xf1e6e421, 0x6d4fe46b, 0xa724047b,
	0xf1370104, 0x0c64cf46, 0x80279804, 0xf1792b24,
	0x98c7243a, 0x80d97b80, 0xd4d404e4, 0xd9022420,
	0x98983a6d, 0x04e40424, 0x0884f17a, 0xce1080e4,
	0x04040498, 0x67100810, 0x7979c279, 0x37797906,
	0x370cd470, 0x24980401, 0x01019898, 0x0c04a77b,
	0x7b010cc7, 0xa798987b, 0x37cf79cf, 0x37f419de,
	0x798a4d6f, 0x55bdc0df, 0x924f4ce8, 0x48790e6a,
	0xe676f8cb, 0x846de421, 0xf9a77602, 0x3701377b,
	0xf9c50498, 0x709421d4, 0x98983724, 0x3a08e43a,
	0x04797037, 0x7b7b8004, 0xe42b04e4, 0x043a802b,
	0xa9808080, 0xd92bd9c4, 0x79f12bc2, 0x019804cf,
	0xd1049898, 0xcfc58a08, 0x01808004, 0x67c724cf,
	0xd3f9ec0c, 0x01040401, 0x7b982470, 0x19f170a7,
	0x7b570c24, 0x7979d398, 0xf480cfa9, 0x4d3706a7,
	0xcf4d7aaf, 0x971eaced, 0x4239c0df, 0x3c6df90d,
	0x51f95d69, 0x984243f8, 0x046d843a, 0x0ca7340c,
	0xb7575737, 0x70db8084, 0xa77037de, 0x84d92bf1,
	0x790464c5, 0x2b04a979, 0x01843ae4, 0x803a047b,
	0x7b042479, 0xd984d97b, 0x24d4c22f, 0xa7242401,
	0xa77b2480, 0x80793d27, 0x2498e408, 0x64cfa770,
	0x0c6d6434, 0xa7247001, 0x01010ca7, 0xc50224a7,
	0x24707b79, 0x7904243a, 0xc5ec10cf, 0x6fc5cf41,
	0x67267a89, 0x7e0ddfb0, 0xdf592111, 0x86f90487,
	0x9cd1a01b, 0x8001a787, 0x2424e4c6, 0xa757b80c,
	0x67702401, 0xdec5276d, 0x04a7c534, 0x80e48404,
	0x37013acf, 0xc204a3cf, 0x043a3a04, 0x802004d9,
	0x3ae48001, 0x80f1d43a, 0x8084e4c2, 0x01700c01,
	0x019804a7, 0x3a797bcf, 0xcf9880e4, 0x67c56737,
	0xa7ec01f4, 0x06ec01c7, 0x240170d3, 0x04f1010c,
	0x0c57046d, 0x3da77b24, 0x6dcfc508, 0x4dc5def4,
	0x10101a4d, 0x32327178, 0x91c3c671, 0xc0917bd1,
	0x79d1dd59, 0xc2f82176, 0xcfec691b, 0x98c51734,
	0x8001043a, 0x7041c797, 0x67068967, 0x04e48098,
	0x376437e4, 0xd904010c, 0x80043a04, 0x24799824,
	0x6d2bf198, 0x797b2b79, 0xe4042498, 0x670c7001,
	0x0101a70c, 0x3a7b987b, 0x37e49824, 0x79cf08c5,
	0x70340c70, 0xa704f901, 0x240cc5f4, 0x37e40401,
	0x67707b76, 0x04043764, 0xa90689cf, 0x678a13cf,
	0x565627c5, 0xbdb4a479, 0xd14af9ec, 0xf96d766d,
	0x047b040c, 0x63b080d1, 0x37d36da1, 0x047b37f4,
	0x04700c7b, 0xc52470cf, 0x0cc5a724, 0x2404010c,
	0x70010104, 0x840404c7, 0x7bd9243a, 0x79800104,
	0x80d99804, 0x80793a79, 0xa7987b04, 0x2470640c,
	0x2480a779, 0x98249804, 0x24a70801, 0x27a7cfcf,
	0x986464c7, 0xa7705770, 0x2401cfae, 0xc5a77b04,
	0x7098f176, 0x98a757b9, 0xa9cf2498, 0x56897d27,
	0x102756cf, 0x3c7e60b0, 0xf991f986, 0x6d76b46d,
	0xd1248784, 0x8735d9d9, 0x573779e4, 0x98013757,
	0x04a91957, 0x6f847970, 0xa7970467, 0x012479c7,
	0x98042498, 0x3a3a6d3a, 0x6d980c98, 0x2484c27b,
	0x7b04f124, 0x800198e4, 0x0c249898, 0x7b247070,
	0x08086470, 0x79706724, 0x240ca724, 0x79013701,
	0x0c700137, 0x37a7010c, 0xc7a798c5, 0xc501f198,
	0x0c0c7bd9, 0x70a77919, 0x792756cf, 0x8a8a67cf,
	0xcfcf2767, 0xc079eeb6, 0xdd437621, 0x21792c96,
	0x6d6df85d, 0x6d986d98, 0xc7c50111, 0x01047070,
	0x7bc70cf4, 0x6984243a, 0xec0e7b7e, 0x988052e4,
	0x7b7bcf64, 0x04f198e4, 0x242401a7, 0x84f13a3a,
	0x0cf1f16d, 0x010180cf, 0x04010498, 0x043a9898,
	0x0837c50c, 0x983a0479, 0xc7702424, 0x9867cfa9,
	0x04017070, 0x01703a24, 0x70010470, 0x24012470,
	0x5764a7a9, 0x6724c564, 0xcf79c5cf, 0x4d67cf37,
	0x79cf3d67, 0xf5f82bd9, 0x9a4243ec, 0x692c533e,
	0x01f9801b, 0xa76d3a98, 0x3a24d1ec, 0x370c98d1,
	0x3a049801, 0x84844801, 0xd1f1e47b, 0x678097aa,
	0x7bf12437, 0x0198e484, 0x3a047b70, 0xf1f1f184,
	0x707bf1cd, 0x24797079, 0x01010198, 0x7b980404,
	0x04700c70, 0x04a70101, 0xa704987b, 0xa904cfa9,
	0x042424cf, 0x372401f1, 0x98700164, 0x04571901,
	0xc5010479, 0x2426de56, 0xc53770c7, 0x27277967,
	0xc5cf80cf, 0x6dc6d9b4, 0x95ccd176, 0x865d78fb,
	0x7998e484, 0x80f9d104, 0x98f1e476, 0x1937d402,
	0x0101a757, 0xf1048079, 0xd1846d04, 0x2479c579,
	0x9898047b, 0x0c703a3a, 0x983a98a7, 0x7b2b766d,
	0x80cfe402, 0x79c2d980, 0x9801a724, 0x04980124,
	0x3a3af17b, 0x9898987b, 0x8098043a, 0xcf80e4a7,
	0x24a72470, 0x0c70700c, 0x01646464, 0x080c640c,
	0x10a72467, 0x79c5de4d, 0x0cc50824, 0x898ac57b,
	0xc7809889, 0xa8d1d10d, 0x4f860eda, 0xd1f96df3,
	0x84ecd7e4, 0x98ec7124, 0xa7f1847b, 0xa2370237,
	0x242737b9, 0x76c69879, 0x847bcff9, 0xf1982424,
	0x37e40204, 0x2770980c, 0x04982498, 0xe4e47b7b,
	0x67a9e404, 0x24d92b47, 0x01012424, 0x24040170,
	0xf1a7043a, 0x9801247b, 0x0498f104, 0x799884a7,
	0x987b24a9, 0xc77057c7, 0xa767a767, 0x67377070,
	0x088004c5, 0xc77941cf, 0x70a7700c, 0x27cff479,
	0x79797989, 0xc64280b4, 0xe46df521, 0xe6e46d6d,
	0x93788484, 0xe4e46d01, 0x70d4cf7b, 0x34ec0cf4,
	0x04a737f4, 0x9879cf70, 0x987024c7, 0x02a72404,
	0x01d47b04, 0x700c0ca7, 0xf1017024, 0xd4023a98,
	0x24f17b24, 0x3ae46de4, 0x0101a73a, 0x70247b04,
	0x0401043a, 0x01247b3a, 0x7b04e424, 0x2698987b,
	0x7b677027, 0xcfcfcf24, 0x10cf27cf, 0xcfcf01cf,
	0x79010101, 0xcf79de79, 0x79987070, 0xa910cf70,
	0x79801010, 0x72956248, 0x84d7e395, 0x6dd47be3,
	0x240484e6, 0xe4f9987b, 0x01e3c504, 0x240c3704,
	0x3a9898a7, 0xaec5679c, 0x0c37a701, 0x84707b70,
	0x02f10104, 0x0101577b, 0x3a7b7b04, 0xf1d43a98,
	0x3af101c2, 0x010476e4, 0x01e4f101, 0x98a77b80,
	0xa724983a, 0x0498f9f1, 0x24e49801, 0x7998a73a,
	0x374d981a, 0x04790104, 0x37a7cf80, 0x24c201cf,
	0x3a048098, 0xc5564d04, 0x98377070, 0x80a96798,
	0x98a9898a, 0x55fba1ca, 0x7bda84a0, 0x6df13aec,
	0x3a84d125, 0x98f98498, 0x98e4707b, 0x0124707b,
	0xec04e404, 0xc58ac770, 0x01a794c7, 0x840104a7,
	0x7b040484, 0x043798f1, 0x7b7b017b, 0x7b04047b,
	0x3a7b3a24, 0x24012498, 0x7bf12b98, 0xf16de498,
	0xc798f13a, 0x04a779f1, 0x0124c7a7, 0x80f10c70,
	0x80c70424, 0xa7249870, 0x26c72479, 0x0108cf79,
	0x79a77904, 0x0c798079, 0xc50170f4, 0xcf243737,
	0x80af5827, 0xe2969fca, 0xe47ed159, 0x6d6d7b80,
	0xf13a6d11, 0x24807b7b, 0x017b9801, 0x04987070,
	0x6f7b84f4, 0xa7017006, 0x703724cf, 0xd1647037,
	0x7024043a, 0x3a7b3a04, 0x3a243a6b, 0x3a806d04,
	0x982404f1, 0x24980484, 0x983a0404, 0x02019824,
	0x24027902, 0x01246d6d, 0x9804a7a7, 0x01f17037,
	0xcf19cff4, 0x017079cf, 0x24372498, 0x248080e4,
	0xcf017b3a, 0x79a701c5, 0xf4377067, 0x7ae467a9,
	0x67678910, 0x9b725553, 0xc37980d1, 0x84766d0e,
	0x3a987b04, 0xd4d4983a, 0x040c70c5, 0xf1046434,
	0x987b0119, 0xa704a724, 0x0c809824, 0x01672427,
	0x702404e4, 0x24983a0c, 0x013a023a, 0x02240424,
	0xcf026bf1, 0x3a3a0401, 0x98017b04, 0xf198f17b,
	0xe4f1246b, 0xcf0104e4, 0x6498a70c, 0xcf84a70c,
	0x79017b24, 0x08080879, 0xe4c70cc7, 0x01371080,
	0x7b7b7b04, 0xa70c3780, 0x0c707030, 0x88fdc737,
	0x26a9cf10, 0x3c55a054, 0x716e2480, 0x71796976,
	0x04f92487, 0x9898983a, 0x70370c37, 0xe4a7b8a2,
	0xe470c764, 0x94705724, 0x9898803a, 0x8037c7cf,
	0x2498983a, 0x24049801, 0x700102a7, 0x028098c5,
	0xe46b047b, 0xf13a0424, 0x04013af1, 0x24240276,
	0x983a3a84, 0x24010124, 0x3770a7a7, 0x84027ba7,
	0x80a76470, 0x98c73798, 0x84c767c7, 0x3acff408,
	0x700c9898, 0xa70cc701, 0xcfc5a779, 0xc408c737,
	0x6710798a, 0x3e92a8d3, 0x6976a724, 0x1ba1325d,
	0xd16da7ec, 0x70376d87, 0xc5249801, 0x80376457,
	0x0cc570a7, 0x00000000,
};
// clang-format on
