#include <sys/types.h>

#include <dw/doo2.h>

// clang-format off
Doo2ShardSet DOO2_SHARD_SETS[6] = {
	{ 0, 0, 0, 0, 0, 0 },
	{ 0, 0, 0, 0, 0, 0 },
	{ 0, 0, 0, 0, 0, 0 },
	{ 0, 0, 0, 0, 0, 0 },
	{ 0, 0, 0, 0, 0, 0 },
	{ 0, 0, 0, 0, 0, 0 },
};

u_long DOO2_D_80071B5C[33] = {
	0x00000000, 0x00000000, 0x00000000, 0x00000000,
	0x00000000, 0x00000000, 0x00000000, 0x00000000,
	0x00000000, 0x00000000, 0x00000000, 0x00000000,
	0x00000000, 0x00000000, 0x00000000, 0x00000000,
	0x00000000, 0x00000000, 0x00000000, 0x00000000,
	0x00000000, 0x00000000, 0x00000000, 0x00000000,
	0x00000000, 0x00000000, 0x00000000, 0x00000000,
	0x00000000, 0x00000000, 0x00000000, 0x00000000,
	0x00000000,
};

u_long DOO2_D_80071BE0[193] = {
	0x00000000, 0x00000000, 0x00000000, 0x00000000,
	0x00000000, 0x00000000, 0x00000000, 0x00000000,
	0x000d0000, 0x283c0012, 0x00380000, 0x6c616373,
	0x726f5765, 0x0072006b, 0x000025c9, 0x00060023,
	0x00003604, 0x00260700, 0x000d0000, 0x28620012,
	0x00380000, 0x57676e61, 0x006b726f, 0x25c90072,
	0x00230000, 0x3c040006, 0x07000000, 0x00000026,
	0x0012000d, 0x00002888, 0x6f700038, 0x726f5773,
	0x0072006b, 0x000025c9, 0x00060023, 0x00004204,
	0x00250700, 0x000d0000, 0x28ad0012, 0x00380000,
	0x6c616373, 0x72004465, 0x00263900, 0x06002300,
	0x00480400, 0x23070000, 0x0d000000, 0xd0001200,
	0x38000028, 0x676e6100, 0x00720044, 0x00002639,
	0x00060023, 0x00004b04, 0x00230700, 0x000d0000,
	0x28f30012, 0x00380000, 0x44736f70, 0x39007200,
	0x23000026, 0x04000600, 0x0000004e, 0x00000407,
	0x00001200, 0x12001300, 0x002b0a00, 0x2800b600,
	0x2a000000, 0x0d000000, 0x33001200, 0x38000029,
	0x79656b00, 0x6d617246, 0x00830065, 0xa9010005,
	0x23000026, 0x04000600, 0x00000000, 0x00002607,
	0x12000d00, 0x00295900, 0x72003800, 0x57746f6f,
	0x586b726f, 0x0a005500, 0x06002300, 0x00040400,
	0x26070000, 0x0d000000, 0x7f001200, 0x38000029,
	0x6f6f7200, 0x726f5774, 0x5500596b, 0x23000a00,
	0x04000600, 0x00000008, 0x00002607, 0x12000d00,
	0x0029a500, 0x72003800, 0x57746f6f, 0x5a6b726f,
	0x0a005500, 0x06002300, 0x000c0400, 0x25070000,
	0x0d000000, 0xca001200, 0x38000029, 0x61726600,
	0x6e43656d, 0x00550074, 0x00230004, 0x10040006,
	0x07000000, 0x00000023, 0x0012000d, 0x000029ed,
	0x466e0038, 0x656d6172, 0x04005500, 0x06002300,
	0x00120400, 0x24070000, 0x0d000000, 0x11001200,
	0x3800002a, 0x74616400, 0x00630061, 0x04010003,
	0x06002300, 0x00140400, 0x26070000, 0x0d000000,
	0x37001200, 0x3800002a, 0x4c747300, 0x00706f6f,
	0x00030063, 0x23000401, 0x04000600, 0x00000018,
	0x00002807, 0x12000d00, 0x002a5f00, 0x6e003800,
	0x6b747865, 0x6d617266, 0x55004e65, 0x23000400,
	0x04000600, 0x0000001c, 0x00001f07, 0x12000d00,
	0x002a7e00, 0x70003800, 0x00550078, 0x00230004,
	0x1e040006, 0x07000000, 0x0000001f, 0x0012000d,
	0x00002a9d, 0x79700038, 0x04005500, 0x06002300,
	0x00200400, 0x24070000, 0x0d000000, 0xc1001200,
	0x3800002a, 0x746f6d00, 0x4e6e6f69, 0x03005500,
	0x06002300, 0x00220400, 0x24070000, 0x0d000000,
	0xe5001200, 0x3800002a, 0x6f6f6c00, 0x746e4370,
	0x03005500, 0x06002300, 0x00230400, 0x21070000,
	0x0d000000, 0x06001200, 0x3800002b, 0x616c6600,
	0x00550067,
};

u_long DOO2_D_80071EE4[9730] = {
	0x00230003, 0x24040006, 0x07000000, 0x00000004,
	0x00000012, 0x00120013, 0x00002c3f, 0x003800b6,
	0x001f0000, 0x000d0000, 0x2b3b0012, 0x00380000,
	0x55006469, 0x23000a00, 0x04000600, 0x00000000,
	0x00002707, 0x12000d00, 0x002b6200, 0x70003800,
	0x70747261, 0x05008300, 0x24fe0100, 0x00230000,
	0x04040006, 0x07000000, 0x00000024, 0x0012000d,
	0x00002b86, 0x746d0038, 0x6300706e, 0x01000300,
	0x0023000c, 0x08040006, 0x07000000, 0x00000025,
	0x0012000d, 0x00002bab, 0x6f6d0038, 0x6e6f6974,
	0xf7007200, 0x23000028, 0x04000600, 0x0000000c,
	0x00002407, 0x12000d00, 0x002bcf00, 0x76003800,
	0x62697369, 0x5500656c, 0x23000100, 0x04000600,
	0x00000034, 0x00002607, 0x12000d00, 0x002bf500,
	0x6f003800, 0x63735f6e, 0x6e656572, 0x01005500,
	0x06002300, 0x00350400, 0x23070000, 0x0d000000,
	0x18001200, 0x3800002c, 0x5f636c00, 0x006e7470,
	0x00020055, 0x00060023, 0x00003604, 0x00230700,
	0x000d0000, 0x2c3b0012, 0x00380000, 0x635f636c,
	0x5500746e, 0x23000200, 0x04000600, 0x00000037,
	0x00000407, 0x00002000, 0x12000100, 0x002c5f00,
	0x1000a300, 0x000a0000, 0x00000000, 0x00000003,
	0x03005508, 0x00002000, 0x12000100, 0x002c7f00,
	0x1000a300, 0x000a0000, 0x00000000, 0x00000003,
	0x03005508, 0x00001200, 0x12001300, 0x002e9f00,
	0x2000b600, 0x24000000, 0x0d000000, 0xb5001200,
	0x3800002c, 0x66666f00, 0x65736e65, 0x04005500,
	0x06002300, 0x00000400, 0x24070000, 0x0d000000,
	0xd9001200, 0x3800002c, 0x66656400, 0x65736e65,
	0x04005500, 0x06002300, 0x00020400, 0x22070000,
	0x0d000000, 0xfb001200, 0x3800002c, 0x65707300,
	0x55006465, 0x23000400, 0x04000600, 0x00000004,
	0x00002107, 0x12000d00, 0x002d1c00, 0x77003800,
	0x00657369, 0x00040055, 0x00060023, 0x00000604,
	0x00270700, 0x000d0000, 0x2d430012, 0x00380000,
	0x617a6177, 0x626f7250, 0x3f007200, 0x2300002c,
	0x04000600, 0x00000008, 0x00002707, 0x12000d00,
	0x002d6a00, 0x77003800, 0x4c617a61, 0x00747369,
	0x2c5f0072, 0x00230000, 0x0c040006, 0x07000000,
	0x00000022, 0x0012000d, 0x00002d8c, 0x616d0038,
	0x00706878, 0x00040055, 0x00060023, 0x00001004,
	0x00220700, 0x000d0000, 0x2dae0012, 0x00380000,
	0x6d78616d, 0x00550070, 0x00230004, 0x12040006,
	0x07000000, 0x0000001f, 0x0012000d, 0x00002dcd,
	0x70680038, 0x04005500, 0x06002300, 0x00140400,
	0x1f070000, 0x0d000000, 0xec001200, 0x3800002d,
	0x00706d00, 0x00040055, 0x00060023, 0x00001604,
	0x00210700, 0x000d0000, 0x2e0d0012, 0x00380000,
	0x617a6177, 0x04005500, 0x06002300, 0x00180400,
	0x22070000, 0x0d000000, 0x2f001200, 0x3800002e,
	0x646e6900, 0x55007865, 0x23000100, 0x04000600,
	0x0000001a, 0x00002107, 0x12000d00, 0x002e5000,
	0x66003800, 0x0067616c, 0x00010055, 0x00060023,
	0x00001b04, 0x00250700, 0x000d0000, 0x2e750012,
	0x00380000, 0x6e756f73, 0x64695f64, 0x04005500,
	0x06002300, 0x001c0400, 0x26070000, 0x0d000000,
	0x9b001200, 0x3800002e, 0x69687400, 0x79546b6e,
	0x55006570, 0x23000300, 0x04000600, 0x0000001e,
	0x00000407, 0x00002000, 0x12000100, 0x002ebf00,
	0x1000a300, 0x000a0000, 0x00000000, 0x00000003,
	0x0a005508, 0x00002000, 0x12000100, 0x002edf00,
	0x1000a300, 0x000a0000, 0x00000000, 0x00000013,
	0x01005508, 0x00001200, 0x12001300, 0x002faa00,
	0x8000b600, 0x24000000, 0x0d000000, 0x15001200,
	0x3800002f, 0x646f6d00, 0x72006c65, 0x002b0a00,
	0x06002300, 0x00000400, 0x24070000, 0x0d000000,
	0x39001200, 0x3800002f, 0x72617000, 0x72006d61,
	0x002c7f00, 0x06002300, 0x00380400, 0x29070000,
	0x0d000000, 0x62001200, 0x3800002f, 0x7a617700,
	0x73614d61, 0x00726574, 0x2e9f0072, 0x00230000,
	0x58040006, 0x07000000, 0x00000023, 0x0012000d,
	0x00002f85, 0x616e0038, 0x7200656d, 0x002ebf00,
	0x06002300, 0x00680400, 0x21070000, 0x0d000000,
	0xa6001200, 0x3800002f, 0x66696c00, 0x00550065,
	0x00230001, 0x7c040006, 0x07000000, 0x00000004,
	0x00000026, 0x00120007, 0x00002fd0, 0x50670038,
	0x4e545241, 0x23005245, 0x03000500, 0x00000000,
	0x2edf0072, 0x00430000, 0x00140000, 0x309c0012,
	0x00380000, 0x74726150, 0x706f6853, 0x63656843,
	0x0111006b, 0x00000000, 0x00740121, 0x01060000,
	0x0000053e, 0x000b2013, 0x00001d01, 0x00080400,
	0x22070000, 0x002faa20, 0x00002000, 0x12000c00,
	0x00303300, 0x75003800, 0x00444963, 0x00050023,
	0x00000401, 0x03005500, 0x00002000, 0x12000100,
	0x00305300, 0x1000a300, 0x000a0000, 0x00000000,
	0x00000007, 0x03005508, 0x00002800, 0x12000c00,
	0x00307b00, 0x70003800, 0x00747261, 0x000b0023,
	0x00001d02, 0x00000400, 0x72070000, 0x00303300,
	0x00001d00, 0x12000c00, 0x00309800, 0x69003800,
	0x05002300, 0x00030100, 0x00550000, 0x00040007,
	0x00200000, 0x00010000, 0x30bc0012, 0x00a30000,
	0x0a000010, 0x00000000, 0x00000900, 0x00550800,
	0x0025000d, 0x00070000, 0x30e10012, 0x00380000,
	0x53637567, 0x646f4d50, 0x00230065, 0x00030005,
	0x55000000, 0x27000300, 0x07000000, 0x08001200,
	0x38000031, 0x73756700, 0x7478654e, 0x61657241,
	0x05002300, 0x00000300, 0x00550000, 0x00280006,
	0x00070000, 0x31300012, 0x00380000, 0x41737567,
	0x53616572, 0x6b636174, 0x05002300, 0x00000300,
	0x00550000, 0x00250006, 0x00070000, 0x31550012,
	0x00380000, 0x75426267, 0x6c655379, 0x0023006c,
	0x00030005, 0x55000000, 0x27000700, 0x07000000,
	0x7c001200, 0x38000031, 0x63756700, 0x706f6853,
	0x65646f4d, 0x05002300, 0x00000300, 0x00550000,
	0x00220003, 0x00070000, 0x319e0012, 0x00380000,
	0x61436267, 0x23006573, 0x03000500, 0x00000000,
	0x00070055, 0x00000025, 0x00120007, 0x000031c3,
	0x75670038, 0x74634163, 0x006d6f43, 0x00050023,
	0x00000003, 0x03005500, 0x0000c700, 0x12001400,
	0x0032ec00, 0x53003800, 0x43706f68, 0x616d6d6f,
	0x1100646e, 0x00000001, 0x44012100, 0x06000003,
	0x0005a001, 0x0c204300, 0x001d0200, 0x20040000,
	0x07000000, 0x0c205306, 0x001d0200, 0x24040000,
	0x07000000, 0x0c206306, 0x001d0200, 0x28040000,
	0x07000000, 0x0c207306, 0x001d0200, 0x2c040000,
	0x07000000, 0x0c02a306, 0x001d0200, 0x30040000,
	0x07000000, 0x0b201306, 0x001d0100, 0x38040000,
	0x07000000, 0x30bc2022, 0x20220000, 0x000030e1,
	0x31082022, 0x20220000, 0x00003130, 0x31552022,
	0x20220000, 0x0000317c, 0x319e2022, 0x20220000,
	0x000015af, 0x15d72022, 0x20220000, 0x00001d60,
	0x00000020, 0x0012000c, 0x000032aa, 0x68730038,
	0x2300706f, 0x01000500, 0x00000013, 0x00030055,
	0x00000021, 0x0012000c, 0x000032cb, 0x46620038,
	0x00646e69, 0x00050023, 0x00001201, 0x07005500,
	0x00001d00, 0x12000c00, 0x0032e800, 0x69003800,
	0x05002300, 0x00100100, 0x00550000, 0x00040007,
	0x00200000, 0x00070000, 0x330c0012, 0x00380000,
	0x54494267, 0x05002300, 0x00000300, 0x00550000,
	0x0020000a, 0x00010000, 0x332c0012, 0x00a30000,
	0x0a000010, 0x00000000, 0x00001300, 0x00550800,
	0x00120001, 0x00130000, 0x34160012, 0x00b60000,
	0x00000020, 0x00000023, 0x0012000d, 0x00003361,
	0x616e0038, 0x7200656d, 0x00330c00, 0x06002300,
	0x00000400, 0x22070000, 0x0d000000, 0x83001200,
	0x38000033, 0x69727000, 0x55006563, 0x23000a00,
	0x04000600, 0x00000014, 0x00002207, 0x12000d00,
	0x0033a500, 0x70003800, 0x746e696f, 0x06005500,
	0x06002300, 0x00180400, 0x25070000, 0x0d000000,
	0xca001200, 0x38000033, 0x74616300, 0x726f6765,
	0x00550079, 0x00230004, 0x1a040006, 0x07000000,
	0x00000020, 0x0012000d, 0x000033ea, 0x73750038,
	0x00550065, 0x00230003, 0x1c040006, 0x07000000,
	0x00000028, 0x0012000d, 0x00003412, 0x65640038,
	0x6574656c, 0x6574695f, 0x0055006d, 0x00230003,
	0x1d040006, 0x07000000, 0x00000004, 0x00000022,
	0x00120001, 0x00003438, 0x001200a3, 0x00000a00,
	0x7f000000, 0x08000000, 0x332c0072, 0x00280000,
	0x00070000, 0x34600012, 0x00380000, 0x45544967,
	0x4e495f4d, 0x23004f46, 0x03000500, 0x00000000,
	0x34160072, 0x00d40000, 0x00140000, 0x35f40012,
	0x00380000, 0x656b614d, 0x706f6853, 0x7473694c,
	0x00011100, 0x21000000, 0x00023401, 0x68010600,
	0x43000009, 0x02000c20, 0x0000001d, 0x00001004,
	0x53060700, 0x02000c20, 0x0000001d, 0x00001404,
	0x63060700, 0x02000c20, 0x0000001d, 0x00001804,
	0x73060700, 0x02000c20, 0x0000001d, 0x00001c04,
	0x83060700, 0x02000c20, 0x0000001d, 0x00002004,
	0x93060700, 0x02000c20, 0x0000001d, 0x00002404,
	0xa3060700, 0x02000c20, 0x0000001d, 0x00002804,
	0xa3060700, 0x02000c02, 0x0000001d, 0x00002c04,
	0x13060700, 0x01000b20, 0x0000001d, 0x00003004,
	0x20220700, 0x00001d60, 0x32ec2022, 0x20220000,
	0x00003438, 0x15af2022, 0x001f0000, 0x000c0000,
	0x35530012, 0x00380000, 0x0078616d, 0x00050023,
	0x00001201, 0x03005500, 0x00001d00, 0x12000c00,
	0x00357000, 0x6a003800, 0x05002300, 0x00030100,
	0x00550000, 0x001d0003, 0x000c0000, 0x358d0012,
	0x00380000, 0x00230069, 0x13010005, 0x55000000,
	0x23000300, 0x0c000000, 0xb0001200, 0x38000035,
	0x75427000, 0x00230066, 0x10010005, 0x63000000,
	0x01000300, 0x00200003, 0x000c0000, 0x35d00012,
	0x00380000, 0x63705362, 0x05002300, 0x00160100,
	0x00550000, 0x00200007, 0x000c0000, 0x35f00012,
	0x00380000, 0x79754262, 0x05002300, 0x00110100,
	0x00550000, 0x00040007, 0x003f0000, 0x00140000,
	0x36d80012, 0x00380000, 0x656b614d, 0x6c6c6553,
	0x7473694c, 0x00011100, 0x21000000, 0x0000c801,
	0x1e010600, 0x2200000b, 0x001d6020, 0xd7202200,
	0x22000015, 0x00343820, 0x00002100, 0x12000c00,
	0x00365400, 0x76003800, 0x65756c61, 0x05002300,
	0x00080100, 0x00550000, 0x001f0003, 0x000c0000,
	0x36730012, 0x00380000, 0x006d756e, 0x00050023,
	0x00000701, 0x03005500, 0x00002300, 0x12000c00,
	0x00369600, 0x70003800, 0x00667542, 0x00050023,
	0x00000401, 0x03006300, 0x00030100, 0x00000021,
	0x0012000c, 0x000036b7, 0x53620038, 0x006c6c65,
	0x00050023, 0x00000201, 0x07005500, 0x00001d00,
	0x12000c00, 0x0036d400, 0x69003800, 0x05002300,
	0x00030100, 0x00550000, 0x00040007, 0x00200000,
	0x00010000, 0x36f80012, 0x00a30000, 0x0a000010,
	0x00000000, 0x00000400, 0x00550800, 0x006e000d,
	0x00140000, 0x378b0012, 0x00380000, 0x656c6553,
	0x74497463, 0x11006d65, 0x00000001, 0x04012100,
	0x06000001, 0x000bf801, 0x0c02a300, 0x001d0200,
	0x20040000, 0x07000000, 0x0b201306, 0x001d0100,
	0x28040000, 0x07000000, 0x31082022, 0x20220000,
	0x00003155, 0x319e2022, 0x20220000, 0x000015d7,
	0x30bc2022, 0x20220000, 0x00001d60, 0x00000021,
	0x0012000c, 0x00003787, 0x46620038, 0x00646e69,
	0x00050023, 0x00000201, 0x07005500, 0x00000400,
	0x00002700, 0x12000700, 0x0037b200, 0x67003800,
	0x776f446c, 0x6972506e, 0x23006563, 0x03000500,
	0x00000000, 0x000a0055, 0x00000025, 0x0012000c,
	0x000037d7, 0x49530038, 0x446d6574, 0x00776172,
	0x00050023, 0x00000003, 0x14005500, 0x00002500,
	0x12000c00, 0x0037fc00, 0x53003800, 0x6d657449,
	0x65766f4d, 0x05002300, 0x00000300, 0x00550000,
	0x00760014, 0x00140000, 0x39c10012, 0x00380000,
	0x6e65704f, 0x6d657449, 0x00011100, 0x21000000,
	0x00010001, 0x2c010600, 0x4300000d, 0x02000c20,
	0x0000001d, 0x00001804, 0xa3060700, 0x02000c02,
	0x0000001d, 0x00001c04, 0x13060700, 0x01000b20,
	0x0000001d, 0x00003004, 0x20220700, 0x0000378b,
	0x37b22022, 0x20220000, 0x000037d7, 0x18e62022,
	0x20220000, 0x00003155, 0x00000022, 0x0012000c,
	0x00003894, 0x706f0038, 0x44496e65, 0x05002300,
	0x00040100, 0x00550000, 0x00230003, 0x000c0000,
	0x38b70012, 0x00380000, 0x72644170, 0x05002300,
	0x00030100, 0x00630000, 0x04010003, 0x00002600,
	0x12000c00, 0x0038dd00, 0x70003800, 0x72614248,
	0x05002300, 0x00100100, 0x00830000, 0x9c010005,
	0x12000013, 0x13000000, 0x6b001200, 0xb6000039,
	0x00000800, 0x00001e00, 0x12000d00, 0x00390d00,
	0x78003800, 0x04005500, 0x06002300, 0x00000400,
	0x1e070000, 0x0d000000, 0x2b001200, 0x38000039,
	0x55007900, 0x23000400, 0x04000600, 0x00000002,
	0x00001e07, 0x12000d00, 0x00394900, 0x77003800,
	0x04005500, 0x06002300, 0x00040400, 0x1e070000,
	0x0d000000, 0x67001200, 0x38000039, 0x55006800,
	0x23000400, 0x04000600, 0x00000006, 0x00000407,
	0x00002a00, 0x12000c00, 0x00399500, 0x73003800,
	0x74726174, 0x00230052, 0x1d02000b, 0x04000000,
	0x00000028, 0xdd007207, 0x28000038, 0x0c000000,
	0xbd001200, 0x38000039, 0x6e697700, 0x00230052,
	0x1d02000b, 0x04000000, 0x00000020, 0xdd007207,
	0x04000038, 0x12000000, 0x13000000, 0x67001200,
	0xb600003b, 0x00002400, 0x00002300, 0x12000d00,
	0x0039f600, 0x72003800, 0x00746365, 0x38dd0072,
	0x00230000, 0x00040006, 0x07000000, 0x00000026,
	0x0012000d, 0x00003a1c, 0x69770038, 0x6365526e,
	0x00720074, 0x000038dd, 0x00060023, 0x00000804,
	0x00220700, 0x000d0000, 0x3a3e0012, 0x00380000,
	0x6e635f66, 0x00550074, 0x00230004, 0x10040006,
	0x07000000, 0x00000021, 0x0012000d, 0x00003a5f,
	0x6f6d0038, 0x55006564, 0x23000400, 0x04000600,
	0x00000012, 0x00002207, 0x12000d00, 0x003a8100,
	0x6c003800, 0x4e656e69, 0x04005500, 0x06002300,
	0x00140400, 0x22070000, 0x0d000000, 0xa3001200,
	0x3800003a, 0x694c6e00, 0x5500656e, 0x23000400,
	0x04000600, 0x00000016, 0x00002507, 0x12000d00,
	0x003ac800, 0x6d003800, 0x4c4e7861, 0x00656e69,
	0x00040055, 0x00060023, 0x00001804, 0x00210700,
	0x000d0000, 0x3ae90012, 0x00380000, 0x72747461,
	0x03005500, 0x06002300, 0x001a0400, 0x24070000,
	0x0d000000, 0x0d001200, 0x3800003b, 0x6c6f6300,
	0x7864695f, 0x03005500, 0x06002300, 0x001b0400,
	0x2b070000, 0x0d000000, 0x38001200, 0x3800003b,
	0x766f6d00, 0x75665f65, 0x8300636e, 0x01000500,
	0x00000014, 0x00060023, 0x00001c04, 0x002b0700,
	0x000d0000, 0x3b630012, 0x00380000, 0x77617264,
	0x6e75665f, 0x00830063, 0x14010005, 0x23000000,
	0x04000600, 0x00000020, 0x00000407, 0x00002200,
	0x12000100, 0x003b8900, 0x1200a300, 0x000a0000,
	0x00000000, 0x00000005, 0xc1007208, 0x25000039,
	0x07000000, 0xae001200, 0x3800003b, 0x49576700,
	0x574f444e, 0x05002300, 0x00000300, 0x00720000,
	0x00003b67, 0x0000007d, 0x00120014, 0x00003ca0,
	0x49530038, 0x4d6d6574, 0x0065766f, 0x00000111,
	0x01210000, 0x000002b0, 0x0e2e0106, 0x20430000,
	0x1d02000c, 0x04000000, 0x00000010, 0x02a30607,
	0x1d02000c, 0x04000000, 0x00000014, 0x20130607,
	0x1d01000b, 0x04000000, 0x00000020, 0x2a202207,
	0x22000019, 0x00315520, 0x91202200, 0x2200001a,
	0x00310820, 0x8b202200, 0x22000037, 0x003b8920,
	0x00002300, 0x12000c00, 0x003c4e00, 0x70003800,
	0x00726441, 0x00050023, 0x00000301, 0x03006300,
	0x00040100, 0x00000028, 0x0012000c, 0x00003c76,
	0x65720038, 0x23007463, 0x02000b00, 0x0000001d,
	0x00001804, 0x00720700, 0x000038dd, 0x00000026,
	0x0012000c, 0x00003c9c, 0x48700038, 0x00726142,
	0x00050023, 0x00001001, 0x05008300, 0x139c0100,
	0x00040000, 0x009b0000, 0x00140000, 0x3dbf0012,
	0x00380000, 0x65744953, 0x6172446d, 0x01110077,
	0x00000000, 0x01d00121, 0x01060000, 0x00001048,
	0x000c2043, 0x00001d02, 0x00180400, 0x06070000,
	0x000c2053, 0x00001d02, 0x001c0400, 0x06070000,
	0x000c2063, 0x00001d02, 0x00200400, 0x06070000,
	0x000c2073, 0x00001d02, 0x00240400, 0x06070000,
	0x000c02a3, 0x00001d02, 0x00280400, 0x06070000,
	0x000b2013, 0x00001d01, 0x00300400, 0x22070000,
	0x00196f20, 0x55202200, 0x22000031, 0x003b8920,
	0x00001e00, 0x12000c00, 0x003d5900, 0x70003800,
	0x00230079, 0x05010005, 0x55000000, 0x1e000400,
	0x0c000000, 0x77001200, 0x3800003d, 0x00796f00,
	0x00050023, 0x00000301, 0x04005500, 0x00001e00,
	0x12000c00, 0x003d9500, 0x6f003800, 0x00230078,
	0x02010005, 0x55000000, 0x26000400, 0x0c000000,
	0xbb001200, 0x3800003d, 0x42487000, 0x23007261,
	0x01000500, 0x00000011, 0x00050083, 0x00139c01,
	0x00000400, 0x00002800, 0x12000700, 0x003de700,
	0x67003800, 0x6f436375, 0x49746e75, 0x006d6574,
	0x00050023, 0x00000003, 0x03005500, 0x00006800,
	0x12001400, 0x003e9600, 0x43003800, 0x6b636568,
	0x6e696f50, 0x01110074, 0x00000000, 0x00c00121,
	0x01060000, 0x0000117c, 0x000c02a3, 0x00001d02,
	0x00100400, 0x06070000, 0x000b2013, 0x00001d01,
	0x00180400, 0x22070000, 0x0030bc20, 0x08202200,
	0x22000031, 0x00378b20, 0x38202200, 0x22000034,
	0x003dbf20, 0x00001d00, 0x12000c00, 0x003e6c00,
	0x69003800, 0x05002300, 0x00040100, 0x00550000,
	0x00260007, 0x000c0000, 0x3e920012, 0x00380000,
	0x61424870, 0x00230072, 0x02010005, 0x83000000,
	0x01000500, 0x0000139c, 0x00000004, 0x00000012,
	0x00120013, 0x00004153, 0x003400b6, 0x00280000,
	0x000d0000, 0x3ed00012, 0x00380000, 0x74636572,
	0x72617453, 0x00720074, 0x000038dd, 0x00060023,
	0x00000004, 0x00260700, 0x000d0000, 0x3ef60012,
	0x00380000, 0x74636572, 0x006e6957, 0x38dd0072,
	0x00230000, 0x08040006, 0x07000000, 0x00000025,
	0x0012000d, 0x00003f1b, 0x63750038, 0x436e6957,
	0x55006d6f, 0x23000300, 0x04000600, 0x00000010,
	0x00002907, 0x12000d00, 0x003f4400, 0x75003800,
	0x63654463, 0x5065646f, 0x00656761, 0x00030055,
	0x00060023, 0x00001104, 0x00280700, 0x000d0000,
	0x3f6c0012, 0x00380000, 0x72546375, 0x50736e61,
	0x00656761, 0x00030055, 0x00060023, 0x00001204,
	0x00270700, 0x000d0000, 0x3f930012, 0x00380000,
	0x69446375, 0x61507073, 0x55006567, 0x23000300,
	0x04000600, 0x00000013, 0x00002707, 0x12000d00,
	0x003fba00, 0x75003800, 0x61725463, 0x6e45736e,
	0x00550064, 0x00230003, 0x14040006, 0x07000000,
	0x0000002b, 0x0012000d, 0x00003fe5, 0x63750038,
	0x6f636544, 0x69466564, 0x6873696e, 0x03005500,
	0x06002300, 0x00150400, 0x24070000, 0x0d000000,
	0x09001200, 0x38000040, 0x46637500, 0x74737269,
	0x03005500, 0x06002300, 0x00160400, 0x29070000,
	0x0d000000, 0x32001200, 0x38000040, 0x44637500,
	0x6c62756f, 0x66754265, 0x00550066, 0x00230003,
	0x17040006, 0x07000000, 0x00000029, 0x0012000d,
	0x0000405b, 0x6c750038, 0x69746341, 0x75426576,
	0x55006666, 0x23000c00, 0x04000600, 0x00000018,
	0x00002507, 0x12000d00, 0x00408000, 0x75003800,
	0x42524c6c, 0x00666675, 0x000c0055, 0x00060023,
	0x00001c04, 0x00260700, 0x000d0000, 0x40a60012,
	0x00380000, 0x6f546c75, 0x6e694c70, 0x00550065,
	0x0023000c, 0x20040006, 0x07000000, 0x00000029,
	0x0012000d, 0x000040cf, 0x6c750038, 0x6c6c614d,
	0x694c636f, 0x5500656e, 0x23000c00, 0x04000600,
	0x00000024, 0x00002807, 0x12000d00, 0x0040f700,
	0x75003800, 0x6172546c, 0x694c736e, 0x5500656e,
	0x23000c00, 0x04000600, 0x00000028, 0x00002c07,
	0x12000d00, 0x00412300, 0x73003800, 0x6b636174,
	0x766f6d5f, 0x75665f65, 0x5500636e, 0x23000d00,
	0x04000600, 0x0000002c, 0x00002c07, 0x12000d00,
	0x00414f00, 0x73003800, 0x6b636174, 0x6172645f,
	0x75665f77, 0x5500636e, 0x23000d00, 0x04000600,
	0x00000030, 0x00000407, 0x00002200, 0x12000100,
	0x00417500, 0x1200a300, 0x000a0000, 0x00000000,
	0x00000005, 0x96007208, 0x1200003e, 0x13000000,
	0xdb001200, 0xb6000041, 0x00013c00, 0x00002900,
	0x12000d00, 0x0041b000, 0x75003800, 0x6c614d6c,
	0x4c636f6c, 0x00656e69, 0x000c0055, 0x00060023,
	0x00000004, 0x00270700, 0x000d0000, 0x41d70012,
	0x00380000, 0x746e6f66, 0x6c727443, 0x53007200,
	0x23000041, 0x04000600, 0x00000004, 0x00000407,
	0x00002c00, 0x12000700, 0x00420700, 0x67003800,
	0x456e6957, 0x6e69676e, 0x726f5765, 0x0023006b,
	0x00030005, 0x72000000, 0x00417500, 0x00002300,
	0x12000100, 0x00422a00, 0x1300a300, 0x000a0000,
	0x00000000, 0x0000007f, 0x03006308, 0x00010100,
	0x0000002b, 0x00120007, 0x00004255, 0x49670038,
	0x5f4d4554, 0x4d4d4f43, 0x00544e45, 0x00050023,
	0x00000003, 0x07007200, 0x2b000042, 0x07000000,
	0x80001200, 0x38000042, 0x54706700, 0x426b6c61,
	0x65666675, 0x00230072, 0x00030005, 0x63000000,
	0x01000300, 0x002a0003, 0x00070000, 0x42aa0012,
	0x00380000, 0x546c7567, 0x416b6c61, 0x694c7463,
	0x2300656e, 0x03000500, 0x00000000, 0x000c0055,
	0x00000025, 0x0012000c, 0x000042cf, 0x48490038,
	0x44706c65, 0x00776172, 0x00050023, 0x00000003,
	0x14005500, 0x00002500, 0x12000c00, 0x0042f400,
	0x49003800, 0x706c6548, 0x65766f4d, 0x05002300,
	0x00000300, 0x00550000, 0x00b60014, 0x00140000,
	0x44c50012, 0x00380000, 0x6e65704f, 0x6d657449,
	0x706c6548, 0x00011100, 0x21000000, 0x0001bc01,
	0x4c010600, 0x43000012, 0x02000c20, 0x0000001d,
	0x00001804, 0x53060700, 0x02000c20, 0x0000001d,
	0x00001c04, 0x63060700, 0x02000c20, 0x0000001d,
	0x00002004, 0x73060700, 0x02000c20, 0x0000001d,
	0x00002404, 0xa3060700, 0x02000c02, 0x0000001d,
	0x00002804, 0x13060700, 0x01000b20, 0x0000001d,
	0x00003804, 0x20220700, 0x000041db, 0x422a2022,
	0x20220000, 0x00004255, 0x42802022, 0x20220000,
	0x000042aa, 0x42cf2022, 0x20220000, 0x00003b89,
	0x00000026, 0x00120005, 0x000043d0, 0x48700038,
	0x00726142, 0x00050023, 0x00001101, 0x05008300,
	0x139c0100, 0x00260000, 0x00050000, 0x43f60012,
	0x00380000, 0x63655270, 0x00230074, 0x10010005,
	0x83000000, 0x01000500, 0x000038dd, 0x00000021,
	0x00120005, 0x00004417, 0x69770038, 0x0044496e,
	0x00050023, 0x00001201, 0x03005500, 0x00002000,
	0x12000c00, 0x00443700, 0x69003800, 0x006d6574,
	0x00050023, 0x00001301, 0x03005500, 0x00002400,
	0x12000c00, 0x00445b00, 0x70003800, 0x6b6c6154,
	0x05002300, 0x00100100, 0x00630000, 0x03010003,
	0x00002000, 0x12000c00, 0x00447b00, 0x6c003800,
	0x006e654c, 0x00050023, 0x00000201, 0x0a005500,
	0x00001e00, 0x12000c00, 0x00449900, 0x6f003800,
	0x00230079, 0x04010005, 0x55000000, 0x28000400,
	0x0c000000, 0xc1001200, 0x38000044, 0x6e697700,
	0x00230052, 0x1d02000b, 0x04000000, 0x00000030,
	0xdd007207, 0x04000038, 0x4f000000, 0x14000000,
	0x14001200, 0x38000045, 0x65484900, 0x6f4d706c,
	0x11006576, 0x00000001, 0x5c012100, 0x06000000,
	0x00137601, 0x0c02a300, 0x001d0200, 0x10040000,
	0x07000000, 0x0b201306, 0x001d0100, 0x18040000,
	0x07000000, 0x3b892022, 0x00550000, 0x00140000,
	0x45690012, 0x00380000, 0x6c654849, 0x61724470,
	0x01110077, 0x00000000, 0x00880121, 0x01060000,
	0x000013e2, 0x000c02a3, 0x00001d02, 0x00280400,
	0x06070000, 0x000b2013, 0x00001d01, 0x00300400,
	0x22070000, 0x003b8920, 0xdb202200, 0x26000041,
	0x0c000000, 0x8f001200, 0x38000045, 0x6f434900,
	0x44746e75, 0x00776172, 0x00050023, 0x00000003,
	0x14005500, 0x00002600, 0x12000c00, 0x0045b500,
	0x49003800, 0x6e756f43, 0x766f4d74, 0x00230065,
	0x00030005, 0x55000000, 0x27001400, 0x07000000,
	0xdc001200, 0x38000045, 0x63756700, 0x6e756f43,
	0x72754374, 0x05002300, 0x00000300, 0x00550000,
	0x00270003, 0x00070000, 0x46030012, 0x00380000,
	0x43637567, 0x746e756f, 0x00776f4e, 0x00050023,
	0x00000003, 0x03005500, 0x00002700, 0x12000700,
	0x00462a00, 0x67003800, 0x6f436375, 0x4d746e75,
	0x23007861, 0x03000500, 0x00000000, 0x00030055,
	0x00000028, 0x00120007, 0x00004652, 0x6c670038,
	0x6e756f43, 0x69725074, 0x23006563, 0x03000500,
	0x00000000, 0x000a0055, 0x000000c1, 0x00120014,
	0x00004808, 0x704f0038, 0x74496e65, 0x6f436d65,
	0x00746e75, 0x00000111, 0x01210000, 0x0000028c,
	0x14120106, 0x20430000, 0x1d02000c, 0x04000000,
	0x00000018, 0x20530607, 0x1d02000c, 0x04000000,
	0x0000001c, 0x02a30607, 0x1d02000c, 0x04000000,
	0x00000020, 0x20130607, 0x1d01000b, 0x04000000,
	0x00000030, 0x80202207, 0x22000042, 0x00456920,
	0x8f202200, 0x22000045, 0x003b8920, 0xb5202200,
	0x22000045, 0x0045dc20, 0x03202200, 0x22000046,
	0x00462a20, 0x03202200, 0x2200000a, 0x000ac820,
	0xec202200, 0x22000032, 0x00343820, 0x55202200,
	0x22000031, 0x003dbf20, 0x00002600, 0x12000500,
	0x00473900, 0x70003800, 0x74636552, 0x05002300,
	0x00110100, 0x00830000, 0xdd010005, 0x21000038,
	0x0c000000, 0x5a001200, 0x38000047, 0x756f6300,
	0x2300746e, 0x01000500, 0x00000003, 0x00030055,
	0x00000021, 0x0012000c, 0x0000477b, 0x61760038,
	0x0065756c, 0x00050023, 0x00000501, 0x03005500,
	0x00001e00, 0x12000c00, 0x00479900, 0x6f003800,
	0x00230079, 0x04010005, 0x55000000, 0x1d000400,
	0x0c000000, 0xb6001200, 0x38000047, 0x23006900,
	0x01000500, 0x00000003, 0x00070055, 0x00000026,
	0x0012000c, 0x000047dc, 0x48700038, 0x00726142,
	0x00050023, 0x00001001, 0x05008300, 0x139c0100,
	0x00280000, 0x000c0000, 0x48040012, 0x00380000,
	0x526e6977, 0x0b002300, 0x001d0200, 0x28040000,
	0x07000000, 0x38dd0072, 0x00040000, 0x002a0000,
	0x00070000, 0x48320012, 0x00380000, 0x704f6267,
	0x53426e65, 0x61647055, 0x23006574, 0x03000500,
	0x00000000, 0x00070055, 0x00000092, 0x00120014,
	0x00004956, 0x43490038, 0x746e756f, 0x65766f4d,
	0x00011100, 0x21000000, 0x0003d801, 0x2c010600,
	0xa3000016, 0x02000c02, 0x0000001d, 0x00001004,
	0x13060700, 0x01000b20, 0x0000001d, 0x00002004,
	0x20220700, 0x00004808, 0x31082022, 0x20220000,
	0x00003dbf, 0x45dc2022, 0x20220000, 0x000032ec,
	0x462a2022, 0x20220000, 0x00001d83, 0x31552022,
	0x20220000, 0x0000378b, 0x46032022, 0x20220000,
	0x00001a91, 0x3b892022, 0x00230000, 0x000c0000,
	0x48e70012, 0x00380000, 0x736f6c63, 0x00444965,
	0x00050023, 0x00000501, 0x03005500, 0x00001f00,
	0x12000c00, 0x00490600, 0x73003800, 0x23006275,
	0x01000500, 0x00000002, 0x00010055, 0x00000024,
	0x0012000c, 0x0000492a, 0x656e0038, 0x69725077,
	0x23006563, 0x01000500, 0x00000008, 0x000a0055,
	0x00000028, 0x0012000c, 0x00004952, 0x6e650038,
	0x23005264, 0x02000b00, 0x0000001d, 0x00001804,
	0x00720700, 0x000038dd, 0x00000004, 0x00000012,
	0x00120013, 0x00004968, 0x001e00b6, 0x00c80000,
	0x00140000, 0x4b720012, 0x00380000, 0x756f4349,
	0x7244746e, 0x11007761, 0x00000001, 0xd4012100,
	0x06000001, 0x0019b801, 0x0c204300, 0x001d0200,
	0x28040000, 0x07000000, 0x0c205306, 0x001d0200,
	0x2c040000, 0x07000000, 0x0c206306, 0x001d0200,
	0x30040000, 0x07000000, 0x0c207306, 0x001d0200,
	0x34040000, 0x07000000, 0x0c208306, 0x001d0200,
	0x38040000, 0x07000000, 0x0c209306, 0x001d0200,
	0x3c040000, 0x07000000, 0x0c02a306, 0x001d0200,
	0x40040000, 0x07000000, 0x0b201306, 0x001d0100,
	0x68040000, 0x07000000, 0x0ac82022, 0x20220000,
	0x00003dbf, 0x31552022, 0x20220000, 0x00003b89,
	0x41db2022, 0x00240000, 0x000c0000, 0x4a540012,
	0x00380000, 0x73694470, 0x00230070, 0x11010005,
	0x63000000, 0x01000300, 0x001f0004, 0x000c0000,
	0x4a730012, 0x00380000, 0x006e656c, 0x00050023,
	0x00001001, 0x04005500, 0x00001e00, 0x12000c00,
	0x004a9100, 0x66003800, 0x00230079, 0xff010005,
	0x55000000, 0x1e000400, 0x0c000000, 0xaf001200,
	0x3800004a, 0x00797000, 0x00050023, 0x00000601,
	0x04005500, 0x00001e00, 0x12000c00, 0x004acd00,
	0x70003800, 0x00230078, 0x05010005, 0x55000000,
	0x1e000400, 0x0c000000, 0xeb001200, 0x3800004a,
	0x00796f00, 0x00050023, 0x0000ff01, 0x04005500,
	0x00001e00, 0x12000c00, 0x004b0900, 0x6f003800,
	0x00230078, 0xff010005, 0x55000000, 0x1d000400,
	0x0c000000, 0x26001200, 0x3800004b, 0x23006900,
	0x01000500, 0x00000012, 0x00070055, 0x00000020,
	0x00120001, 0x00004b46, 0x001000a3, 0x00000a00,
	0x0e000000, 0x08000000, 0x00040055, 0x00000028,
	0x0012000c, 0x00004b6e, 0x69640038, 0x23007073,
	0x02000b00, 0x0000001d, 0x00004804, 0x00720700,
	0x00004b26, 0x00000004, 0x00000020, 0x00120001,
	0x00004b92, 0x001000a3, 0x00000a00, 0x13000000,
	0x08000000, 0x00010055, 0x00000020, 0x00120001,
	0x00004bb2, 0x001000a3, 0x00000a00, 0x02000000,
	0x08000000, 0x00030055, 0x00000020, 0x00120001,
	0x00004bd2, 0x001000a3, 0x00000a00, 0x0f000000,
	0x08000000, 0x00030055, 0x00000012, 0x00120013,
	0x00004d52, 0x003400b6, 0x00230000, 0x000d0000,
	0x4c070012, 0x00380000, 0x656d616e, 0x72007200,
	0x2300004b, 0x04000600, 0x00000000, 0x00002207,
	0x12000d00, 0x004c2900, 0x6e003800, 0x74726170,
	0x0a005500, 0x06002300, 0x00140400, 0x1f070000,
	0x0d000000, 0x48001200, 0x3800004c, 0x00786300,
	0x00040055, 0x00060023, 0x00001804, 0x001f0700,
	0x000d0000, 0x4c670012, 0x00380000, 0x55007963,
	0x23000400, 0x04000600, 0x0000001a, 0x00002607,
	0x12000d00, 0x004c8d00, 0x61003800, 0x69727474,
	0x65747562, 0x03005500, 0x06002300, 0x001c0400,
	0x27070000, 0x0d000000, 0xb4001200, 0x3800004c,
	0x6e656700, 0x74617265, 0x006e6f69, 0x00030055,
	0x00060023, 0x00001d04, 0x00250700, 0x000d0000,
	0x4cd90012, 0x00380000, 0x7574616e, 0x72006572,
	0x004b9200, 0x06002300, 0x001e0400, 0x23070000,
	0x0d000000, 0xfc001200, 0x3800004c, 0x65746900,
	0x006f4e6d, 0x00030055, 0x00060023, 0x00002104,
	0x00280700, 0x000d0000, 0x4d240012, 0x00380000,
	0x626f7270, 0x6c696261, 0x00797469, 0x00030055,
	0x00060023, 0x00002204, 0x002a0700, 0x000d0000,
	0x4d4e0012, 0x00380000, 0x57657375, 0x4c617a61,
	0x00747369, 0x4bb20072, 0x00230000, 0x23040006,
	0x07000000, 0x00000004, 0x00000022, 0x00120001,
	0x00004d74, 0x001200a3, 0x00000a00, 0xb3000000,
	0x08000000, 0x4bd20072, 0x00260000, 0x00070000,
	0x4d9a0012, 0x00380000, 0x5f484367, 0x6f666e49,
	0x05002300, 0x00000300, 0x00720000, 0x00004d52,
	0x000000a6, 0x00120014, 0x00004ec9, 0x65530038,
	0x4349646e, 0x746e756f, 0x00011100, 0x21000000,
	0x0001d401, 0x1e010600, 0x4300001b, 0x02000c20,
	0x0000001d, 0x00001004, 0x53060700, 0x02000c20,
	0x0000001d, 0x00001404, 0xa3060700, 0x02000c02,
	0x0000001d, 0x00001804, 0x13060700, 0x01000b20,
	0x0000001d, 0x00002004, 0x20220700, 0x000041db,
	0x462a2022, 0x20220000, 0x000045dc, 0x4d742022,
	0x20220000, 0x00000ac8, 0x3dbf2022, 0x20220000,
	0x00003438, 0x31552022, 0x20220000, 0x00004255,
	0x42802022, 0x00200000, 0x000c0000, 0x4e600012,
	0x00380000, 0x6e654c6c, 0x05002300, 0x00020100,
	0x00550000, 0x0022000a, 0x000c0000, 0x4e820012,
	0x00380000, 0x64726163, 0x23006f4e, 0x01000500,
	0x00000003, 0x00030055, 0x00000024, 0x0012000c,
	0x00004ea6, 0x54700038, 0x006b6c61, 0x00050023,
	0x00001001, 0x03006300, 0x00030100, 0x0000001f,
	0x0012000c, 0x00004ec5, 0x69620038, 0x00230074,
	0x05010005, 0x55000000, 0x04000c00, 0x22000000,
	0x0c000000, 0xeb001200, 0x3800004e, 0x44535900,
	0x00776172, 0x00050023, 0x00000003, 0x14005500,
	0x00002200, 0x12000c00, 0x004f0d00, 0x59003800,
	0x766f4d53, 0x00230065, 0x00030005, 0x55000000,
	0x93001400, 0x14000000, 0x74001200, 0x38000050,
	0x65704f00, 0x7365596e, 0x11006f4e, 0x00000001,
	0x98012100, 0x06000001, 0x001cb601, 0x0c204300,
	0x001d0200, 0x18040000, 0x07000000, 0x0c205306,
	0x001d0200, 0x1c040000, 0x07000000, 0x0c02a306,
	0x001d0200, 0x20040000, 0x07000000, 0x0b201306,
	0x001d0100, 0x30040000, 0x07000000, 0x45dc2022,
	0x20220000, 0x00004280, 0x4ec92022, 0x20220000,
	0x00004eeb, 0x3b892022, 0x20220000, 0x00003155,
	0x3dbf2022, 0x00260000, 0x00050000, 0x4fc60012,
	0x00380000, 0x63655270, 0x00230074, 0x11010005,
	0x83000000, 0x01000500, 0x000038dd, 0x00000021,
	0x0012000c, 0x00004fe7, 0x61760038, 0x0065756c,
	0x00050023, 0x00000301, 0x03005500, 0x00001e00,
	0x12000c00, 0x00500500, 0x6f003800, 0x00230079,
	0x04010005, 0x55000000, 0x1d000400, 0x0c000000,
	0x22001200, 0x38000050, 0x23006900, 0x01000500,
	0x00000003, 0x00070055, 0x00000028, 0x0012000c,
	0x0000504a, 0x69770038, 0x2300526e, 0x02000b00,
	0x0000001d, 0x00002804, 0x00720700, 0x000038dd,
	0x00000026, 0x0012000c, 0x00005070, 0x48700038,
	0x00726142, 0x00050023, 0x00001001, 0x05008300,
	0x139c0100, 0x00040000, 0x00920000, 0x00140000,
	0x51510012, 0x00380000, 0x6f4d5359, 0x11006576,
	0x00000001, 0xcc012100, 0x06000001, 0x001e0801,
	0x0c204300, 0x001d0200, 0x10040000, 0x07000000,
	0x0c02a306, 0x001d0200, 0x14040000, 0x07000000,
	0x0b201306, 0x001d0100, 0x18040000, 0x07000000,
	0x31082022, 0x20220000, 0x00003dbf, 0x48082022,
	0x20220000, 0x00001d83, 0x32ec2022, 0x20220000,
	0x00000a03, 0x0ac82022, 0x20220000, 0x00003155,
	0x45dc2022, 0x20220000, 0x00003b89, 0x00000021,
	0x0012000c, 0x00005127, 0x61760038, 0x0065756c,
	0x00050023, 0x00000501, 0x03005500, 0x00002600,
	0x12000c00, 0x00514d00, 0x70003800, 0x72614248,
	0x05002300, 0x00100100, 0x00830000, 0x9c010005,
	0x04000013, 0x12000000, 0x13000000, 0x63001200,
	0xb6000051, 0x00001e00, 0x0000c800, 0x12001400,
	0x00531200, 0x59003800, 0x61724453, 0x01110077,
	0x00000000, 0x01600121, 0x01060000, 0x00001fa0,
	0x000c2043, 0x00001d02, 0x00280400, 0x06070000,
	0x000c2053, 0x00001d02, 0x002c0400, 0x06070000,
	0x000c2063, 0x00001d02, 0x00300400, 0x06070000,
	0x000c2073, 0x00001d02, 0x00340400, 0x06070000,
	0x000c2083, 0x00001d02, 0x00380400, 0x06070000,
	0x000c2093, 0x00001d02, 0x003c0400, 0x06070000,
	0x000c20a3, 0x00001d02, 0x00400400, 0x06070000,
	0x000c02a3, 0x00001d02, 0x00440400, 0x06070000,
	0x000b2013, 0x00001d01, 0x00680400, 0x22070000,
	0x0045dc20, 0x89202200, 0x2200003b, 0x0041db20,
	0x00001e00, 0x12000c00, 0x00524900, 0x70003800,
	0x00230079, 0x12010005, 0x55000000, 0x1e000400,
	0x0c000000, 0x67001200, 0x38000052, 0x00787000,
	0x00050023, 0x00001301, 0x04005500, 0x00001e00,
	0x12000c00, 0x00528500, 0x66003800, 0x00230079,
	0xff010005, 0x55000000, 0x24000400, 0x0c000000,
	0xa9001200, 0x38000052, 0x69447000, 0x23007073,
	0x01000500, 0x00000011, 0x00030063, 0x1d000401,
	0x0c000000, 0xc6001200, 0x38000052, 0x23006900,
	0x01000500, 0x00000010, 0x00070055, 0x00000020,
	0x00120001, 0x000052e6, 0x001000a3, 0x00000a00,
	0x0e000000, 0x08000000, 0x00040055, 0x00000028,
	0x0012000c, 0x0000530e, 0x69640038, 0x23007073,
	0x02000b00, 0x0000001d, 0x00004804, 0x00720700,
	0x000052c6, 0x00000004, 0x00000022, 0x0012000c,
	0x00005334, 0x53420038, 0x77617244, 0x05002300,
	0x00000300, 0x00550000, 0x00220014, 0x000c0000,
	0x53560012, 0x00380000, 0x6f4d5342, 0x23006576,
	0x03000500, 0x00000000, 0x00140055, 0x00000026,
	0x00120007, 0x0000537c, 0x62670038, 0x50746942,
	0x746e696f, 0x05002300, 0x00000300, 0x00550000,
	0x006a0007, 0x00140000, 0x54610012, 0x00380000,
	0x6e65704f, 0x50746942, 0x746e696f, 0x00011100,
	0x21000000, 0x0000ac01, 0x66010600, 0xa3000020,
	0x02000c02, 0x0000001d, 0x00001804, 0x13060700,
	0x01000b20, 0x0000001d, 0x00003004, 0x20220700,
	0x00005312, 0x53342022, 0x20220000, 0x00003b89,
	0x48082022, 0x20220000, 0x00005356, 0x00000025,
	0x00120005, 0x0000540b, 0x42620038, 0x6f507469,
	0x00746e69, 0x00050023, 0x00000401, 0x07005500,
	0x00002a00, 0x12000c00, 0x00543500, 0x73003800,
	0x74726174, 0x00230052, 0x1d02000b, 0x04000000,
	0x00000028, 0xdd007207, 0x28000038, 0x0c000000,
	0x5d001200, 0x38000054, 0x6e697700, 0x00230052,
	0x1d02000b, 0x04000000, 0x00000020, 0xdd007207,
	0x04000038, 0x68000000, 0x14000000, 0x0e001200,
	0x38000055, 0x4d534200, 0x0065766f, 0x00000111,
	0x01210000, 0x00000058, 0x20fa0106, 0x20430000,
	0x1d02000c, 0x04000000, 0x00000010, 0x02a30607,
	0x1d02000c, 0x04000000, 0x00000014, 0x20130607,
	0x1d01000b, 0x04000000, 0x00000018, 0x9e202207,
	0x22000031, 0x00535620, 0x08202200, 0x20000048,
	0x0c000000, 0xe9001200, 0x38000054, 0x63616200,
	0x0023006b, 0x10010005, 0x55000000, 0x21000300,
	0x0c000000, 0x0a001200, 0x38000055, 0x73656d00,
	0x23004449, 0x01000500, 0x00000004, 0x000a0055,
	0x00000004, 0x00000082, 0x00120014, 0x000055ee,
	0x53420038, 0x77617244, 0x00011100, 0x21000000,
	0x0000e401, 0x70010600, 0x43000021, 0x02000c20,
	0x0000001d, 0x00002804, 0x53060700, 0x02000c20,
	0x0000001d, 0x00002c04, 0x63060700, 0x02000c20,
	0x0000001d, 0x00003004, 0xa3060700, 0x02000c02,
	0x0000001d, 0x00003404, 0x13060700, 0x01000b20,
	0x0000001d, 0x00003804, 0x20220700, 0x00003b89,
	0x41db2022, 0x001e0000, 0x000c0000, 0x55ae0012,
	0x00380000, 0x23007970, 0x01000500, 0x00000006,
	0x00040055, 0x0000001e, 0x0012000c, 0x000055cc,
	0x78700038, 0x05002300, 0x00040100, 0x00550000,
	0x001e0004, 0x000c0000, 0x55ea0012, 0x00380000,
	0x23007966, 0x01000500, 0x00000003, 0x00040055,
	0x00000004, 0x00000012, 0x00120013, 0x0000566c,
	0x003c00b6, 0x00240000, 0x000d0000, 0x56240012,
	0x00380000, 0x65646f6d, 0x0072006c, 0x00002b0a,
	0x00060023, 0x00000004, 0x00220700, 0x000d0000,
	0x56460012, 0x00380000, 0x6576656c, 0x0055006c,
	0x00230001, 0x38040006, 0x07000000, 0x00000022,
	0x0012000d, 0x00005668, 0x67640038, 0x006e6f6d,
	0x00030055, 0x00060023, 0x00003904, 0x00040700,
	0x00220000, 0x00070000, 0x568e0012, 0x00380000,
	0x594f4267, 0x05002300, 0x00000300, 0x00720000,
	0x000055ee, 0x0000009a, 0x00120014, 0x000057b0,
	0x654d0038, 0x6f724473, 0x696b5370, 0x11006c6c,
	0x00000001, 0x58012100, 0x06000002, 0x00224a01,
	0x0c204300, 0x001d0200, 0x10040000, 0x07000000,
	0x0c205306, 0x001d0200, 0x14040000, 0x07000000,
	0x0c206306, 0x001d0200, 0x18040000, 0x07000000,
	0x0c02a306, 0x001d0200, 0x1c040000, 0x07000000,
	0x0b201306, 0x001d0100, 0x20040000, 0x07000000,
	0x31082022, 0x20220000, 0x0000319e, 0x30bc2022,
	0x20220000, 0x000030e1, 0x566c2022, 0x001d0000,
	0x000c0000, 0x57450012, 0x00380000, 0x00230069,
	0x11010005, 0x55000000, 0x21000400, 0x0c000000,
	0x66001200, 0x38000057, 0x6c617600, 0x23006575,
	0x01000500, 0x00000010, 0x00040055, 0x00000023,
	0x0012000c, 0x00005789, 0x696c0038, 0x6e637473,
	0x00230074, 0x10010005, 0x55000000, 0x23000700,
	0x0c000000, 0xac001200, 0x38000057, 0x75427000,
	0x00230066, 0x12010005, 0x63000000, 0x01000300,
	0x00040003, 0x004b0000, 0x00140000, 0x58250012,
	0x00380000, 0x7473694c, 0x43746341, 0x006c7274,
	0x00000111, 0x01210000, 0x00000030, 0x24320106,
	0x02a30000, 0x1d02000c, 0x04000000, 0x00000010,
	0x20130607, 0x1d01000b, 0x04000000, 0x00000018,
	0x00002607, 0x12000500, 0x00582100, 0x70003800,
	0x72614248, 0x05002300, 0x00040100, 0x00830000,
	0x9c010005, 0x04000013, 0x33000000, 0x14000000,
	0xa7001200, 0x38000058, 0x73694c00, 0x74634174,
	0x6c727443, 0x01110032, 0x00000000, 0x00b40121,
	0x01060000, 0x0000246c, 0x41db2022, 0x00210000,
	0x00050000, 0x58790012, 0x00380000, 0x496e6977,
	0x00230044, 0x04010005, 0x55000000, 0x2a000300,
	0x0c000000, 0xa3001200, 0x38000058, 0x6f467000,
	0x7443746e, 0x23006c72, 0x01000500, 0x00000005,
	0x00050083, 0x003e9601, 0x00000400, 0x0000e400,
	0x12001400, 0x005b9100, 0x4c003800, 0x44747369,
	0x00707369, 0x00000111, 0x01210000, 0x00000328,
	0x24e20106, 0x20430000, 0x1d02000c, 0x04000000,
	0x00000028, 0x20530607, 0x1d02000c, 0x04000000,
	0x0000002c, 0x20630607, 0x1d02000c, 0x04000000,
	0x00000030, 0x20730607, 0x1d02000c, 0x04000000,
	0x00000034, 0x20830607, 0x1d02000c, 0x04000000,
	0x00000038, 0x20930607, 0x1d02000c, 0x04000000,
	0x0000003c, 0x20a30607, 0x1d02000c, 0x04000000,
	0x00000040, 0x20b30607, 0x1d02000c, 0x04000000,
	0x00000044, 0x20c30607, 0x1d02000c, 0x04000000,
	0x00000048, 0x02a30607, 0x1d02000c, 0x04000000,
	0x0000004c, 0x20130607, 0x1d01000b, 0x04000000,
	0x00000070, 0xc8202207, 0x2200000a, 0x0041db20,
	0x00002600, 0x12000500, 0x0059b100, 0x70003800,
	0x72614248, 0x05002300, 0x00140100, 0x00830000,
	0x9c010005, 0x24000013, 0x05000000, 0xd5001200,
	0x38000059, 0x00787000, 0x000b0023, 0x00001d02,
	0x00740400, 0x55070000, 0x1e000400, 0x05000000,
	0xf3001200, 0x38000059, 0x00797000, 0x00050023,
	0x00001201, 0x04005500, 0x00002500, 0x12000500,
	0x005a1800, 0x70003800, 0x23003278, 0x02000b00,
	0x0000001d, 0x00007c04, 0x00550700, 0x001f0004,
	0x00050000, 0x5a370012, 0x00380000, 0x00327970,
	0x00050023, 0x00001101, 0x04005500, 0x00002000,
	0x12000500, 0x005a5700, 0x6d003800, 0x0065646f,
	0x00050023, 0x00001601, 0x07005500, 0x00001e00,
	0x12000c00, 0x005a7500, 0x6e003800, 0x0023006f,
	0x02010005, 0x55000000, 0x1e000300, 0x0c000000,
	0x93001200, 0x3800005a, 0x00796600, 0x00050023,
	0x00000201, 0x04005500, 0x00002700, 0x12000c00,
	0x005aba00, 0x77003800, 0x44496e69, 0x0b002300,
	0x001d0200, 0x58040000, 0x07000000, 0x00040055,
	0x00000025, 0x0012000c, 0x00005adf, 0x656c0038,
	0x0023006e, 0x1d02000b, 0x04000000, 0x0000006c,
	0x0c005507, 0x00002300, 0x12000c00, 0x005b0200,
	0x78003800, 0x0b002300, 0x001d0200, 0x68040000,
	0x07000000, 0x000c0055, 0x0000001f, 0x0012000c,
	0x00005b21, 0x6f740038, 0x00230070, 0x1e010005,
	0x55000000, 0x1f000700, 0x0c000000, 0x40001200,
	0x3800005b, 0x78616d00, 0x05002300, 0x00130100,
	0x00550000, 0x001d0007, 0x000c0000, 0x5b5d0012,
	0x00380000, 0x00230069, 0x10010005, 0x55000000,
	0x30000700, 0x0c000000, 0x8d001200, 0x3800005b,
	0x6f467000, 0x7443746e, 0x23006c72, 0x02000b00,
	0x0000001d, 0x00005404, 0x00830700, 0x96010005,
	0x0400003e, 0x12000000, 0x13000000, 0xf9001200,
	0xb600005b, 0x00000400, 0x00002800, 0x12000d00,
	0x005bcb00, 0x70003800, 0x09005500, 0x0000c500,
	0x1800d600, 0x23000000, 0x04000600, 0x00000000,
	0x00002a07, 0x12000d00, 0x005bf500, 0x6e003800,
	0x55006d75, 0xc5000300, 0xd6000000, 0x00000800,
	0x06002300, 0x00030400, 0x04070000, 0x12000000,
	0x13000000, 0xc1001200, 0xb600005c, 0x00001400,
	0x00002300, 0x12000d00, 0x005c2e00, 0x6c003800,
	0x74676e65, 0x00550068, 0x0023000c, 0x00040006,
	0x07000000, 0x00000025, 0x0012000d, 0x00005c53,
	0x726f0038, 0x00830067, 0x91010005, 0x2300005b,
	0x04000600, 0x00000004, 0x00002307, 0x12000d00,
	0x005c7600, 0x6f003800, 0x65736666, 0x00550074,
	0x0023000c, 0x08040006, 0x07000000, 0x00000022,
	0x0012000d, 0x00005c98, 0x6f700038, 0x00746e69,
	0x000c0055, 0x00060023, 0x00000c04, 0x00250700,
	0x000d0000, 0x5cbd0012, 0x00380000, 0x00676174,
	0x00050083, 0x005b9101, 0x06002300, 0x00100400,
	0x04070000, 0x29000000, 0x07000000, 0xea001200,
	0x3800005c, 0x544f6700, 0x5443415f, 0x00230070,
	0x00030005, 0x83000000, 0x01000500, 0x00005bf9,
	0x0000009e, 0x00120014, 0x00006155, 0x72640038,
	0x41437761, 0x11004452, 0x00000001, 0xe8012100,
	0x06000000, 0x0026e801, 0x0c204300, 0x001d0200,
	0x18040000, 0x07000000, 0x0c205306, 0x001d0200,
	0x1c040000, 0x07000000, 0x0c206306, 0x001d0200,
	0x20040000, 0x07000000, 0x0c207306, 0x001d0200,
	0x24040000, 0x07000000, 0x0c208306, 0x001d0200,
	0x28040000, 0x07000000, 0x0c02a306, 0x001d0200,
	0x2c040000, 0x07000000, 0x0b201306, 0x001d0100,
	0x30040000, 0x07000000, 0x5cc12022, 0x00220000,
	0x00050000, 0x5daa0012, 0x00380000, 0x64726163,
	0x23006f4e, 0x01000500, 0x00000011, 0x00030055,
	0x0000001d, 0x00120005, 0x00005dc7, 0x00780038,
	0x00050023, 0x00001201, 0x04005500, 0x00001d00,
	0x12000500, 0x005de400, 0x79003800, 0x05002300,
	0x00130100, 0x00550000, 0x001f0004, 0x00050000,
	0x5e030012, 0x00380000, 0x007a746f, 0x00050023,
	0x00001401, 0x0a005500, 0x00001200, 0x12001300,
	0x00612c00, 0x2800b600, 0x20000000, 0x0d000000,
	0x35001200, 0x3800005e, 0x67617400, 0x0c005500,
	0x06002300, 0x00000400, 0x1f070000, 0x0d000000,
	0x54001200, 0x3800005e, 0x00307200, 0x00030055,
	0x00060023, 0x00000404, 0x001f0700, 0x000d0000,
	0x5e730012, 0x00380000, 0x55003067, 0x23000300,
	0x04000600, 0x00000005, 0x00001f07, 0x12000d00,
	0x005e9200, 0x62003800, 0x00550030, 0x00230003,
	0x06040006, 0x07000000, 0x00000021, 0x0012000d,
	0x00005eb3, 0x6f630038, 0x55006564, 0x23000300,
	0x04000600, 0x00000007, 0x00001f07, 0x12000d00,
	0x005ed200, 0x78003800, 0x00550030, 0x00230004,
	0x08040006, 0x07000000, 0x0000001f, 0x0012000d,
	0x00005ef1, 0x30790038, 0x04005500, 0x06002300,
	0x000a0400, 0x1f070000, 0x0d000000, 0x10001200,
	0x3800005f, 0x00307500, 0x00030055, 0x00060023,
	0x00000c04, 0x001f0700, 0x000d0000, 0x5f2f0012,
	0x00380000, 0x55003076, 0x23000300, 0x04000600,
	0x0000000d, 0x00002107, 0x12000d00, 0x005f5000,
	0x63003800, 0x0074756c, 0x00060055, 0x00060023,
	0x00000e04, 0x001f0700, 0x000d0000, 0x5f6f0012,
	0x00380000, 0x55003178, 0x23000400, 0x04000600,
	0x00000010, 0x00001f07, 0x12000d00, 0x005f8e00,
	0x79003800, 0x00550031, 0x00230004, 0x12040006,
	0x07000000, 0x0000001f, 0x0012000d, 0x00005fad,
	0x31750038, 0x03005500, 0x06002300, 0x00140400,
	0x1f070000, 0x0d000000, 0xcc001200, 0x3800005f,
	0x00317600, 0x00030055, 0x00060023, 0x00001504,
	0x00220700, 0x000d0000, 0x5fee0012, 0x00380000,
	0x67617074, 0x00550065, 0x00230006, 0x16040006,
	0x07000000, 0x0000001f, 0x0012000d, 0x0000600d,
	0x32780038, 0x04005500, 0x06002300, 0x00180400,
	0x1f070000, 0x0d000000, 0x2c001200, 0x38000060,
	0x00327900, 0x00040055, 0x00060023, 0x00001a04,
	0x001f0700, 0x000d0000, 0x604b0012, 0x00380000,
	0x55003275, 0x23000300, 0x04000600, 0x0000001c,
	0x00001f07, 0x12000d00, 0x00606a00, 0x76003800,
	0x00550032, 0x00230003, 0x1d040006, 0x07000000,
	0x00000021, 0x0012000d, 0x0000608b, 0x61700038,
	0x55003164, 0x23000600, 0x04000600, 0x0000001e,
	0x00001f07, 0x12000d00, 0x0060aa00, 0x78003800,
	0x00550033, 0x00230004, 0x20040006, 0x07000000,
	0x0000001f, 0x0012000d, 0x000060c9, 0x33790038,
	0x04005500, 0x06002300, 0x00220400, 0x1f070000,
	0x0d000000, 0xe8001200, 0x38000060, 0x00337500,
	0x00030055, 0x00060023, 0x00002404, 0x001f0700,
	0x000d0000, 0x61070012, 0x00380000, 0x55003376,
	0x23000300, 0x04000600, 0x00000025, 0x00002107,
	0x12000d00, 0x00612800, 0x70003800, 0x00326461,
	0x00060055, 0x00060023, 0x00002604, 0x00040700,
	0x00250000, 0x000c0000, 0x61510012, 0x00380000,
	0x70347466, 0x05002300, 0x00100100, 0x00830000,
	0x03010005, 0x0400005e, 0xb4000000, 0x14000000,
	0x00001200, 0x38000063, 0x6c6c4100, 0x6e617254,
	0x01110073, 0x00000000, 0x028c0121, 0x01060000,
	0x0000277c, 0x000c2043, 0x00001d02, 0x00100400,
	0x06070000, 0x000c2053, 0x00001d02, 0x00140400,
	0x06070000, 0x000c2063, 0x00001d02, 0x00180400,
	0x06070000, 0x000c2073, 0x00001d02, 0x001c0400,
	0x06070000, 0x000c2083, 0x00001d02, 0x00200400,
	0x06070000, 0x000c2093, 0x00001d02, 0x00240400,
	0x06070000, 0x000c02a3, 0x00001d02, 0x00280400,
	0x06070000, 0x000b2013, 0x00001d01, 0x00300400,
	0x22070000, 0x00425520, 0xdb202200, 0x26000041,
	0x05000000, 0x2f001200, 0x38000062, 0x42487000,
	0x23007261, 0x01000500, 0x00000011, 0x00050083,
	0x00139c01, 0x00002300, 0x12000500, 0x00625200,
	0x74003800, 0x694c706f, 0x2300656e, 0x01000500,
	0x00000005, 0x00070055, 0x00000020, 0x00120005,
	0x00006272, 0x6f6d0038, 0x23006564, 0x01000500,
	0x00000012, 0x00070055, 0x0000001f, 0x0012000c,
	0x00006291, 0x616d0038, 0x00230078, 0x14010005,
	0x55000000, 0x1d000700, 0x0c000000, 0xae001200,
	0x38000062, 0x23006900, 0x01000500, 0x00000010,
	0x00070055, 0x00000024, 0x0012000c, 0x000062d2,
	0x54700038, 0x006b6c61, 0x00050023, 0x00000401,
	0x03006300, 0x00030100, 0x0000002a, 0x0012000c,
	0x000062fc, 0x46700038, 0x43746e6f, 0x006c7274,
	0x00050023, 0x00001301, 0x05008300, 0x3e960100,
	0x00040000, 0x00470000, 0x00140000, 0x63cf0012,
	0x00380000, 0x44727543, 0x006e776f, 0x00000111,
	0x01210000, 0x000000e8, 0x29500106, 0x02a30000,
	0x1d02000c, 0x04000000, 0x00000010, 0x20130607,
	0x1d01000b, 0x04000000, 0x00000018, 0x00002607,
	0x12000500, 0x00636d00, 0x70003800, 0x72614248,
	0x05002300, 0x00040100, 0x00830000, 0x9c010005,
	0x20000013, 0x05000000, 0x8d001200, 0x38000063,
	0x646f6d00, 0x00230065, 0x05010005, 0x55000000,
	0x21000700, 0x0c000000, 0xae001200, 0x38000063,
	0x61747300, 0x23006b63, 0x01000500, 0x00000007,
	0x00030055, 0x0000001d, 0x0012000c, 0x000063cb,
	0x00690038, 0x00050023, 0x00000601, 0x07005500,
	0x00000400, 0x00004500, 0x12001400, 0x0064bb00,
	0x43003800, 0x70557275, 0x00011100, 0x21000000,
	0x0000c001, 0x3e010600, 0xa300002a, 0x02000c02,
	0x0000001d, 0x00001004, 0x13060700, 0x01000b20,
	0x0000001d, 0x00001804, 0x00260700, 0x00050000,
	0x643a0012, 0x00380000, 0x61424870, 0x00230072,
	0x04010005, 0x83000000, 0x01000500, 0x0000139c,
	0x00000020, 0x00120005, 0x0000645a, 0x6f6d0038,
	0x23006564, 0x01000500, 0x00000005, 0x00070055,
	0x00000021, 0x0012000c, 0x0000647b, 0x74730038,
	0x006b6361, 0x00050023, 0x00000701, 0x03005500,
	0x00001f00, 0x12000c00, 0x00649a00, 0x70003800,
	0x2300736f, 0x01000500, 0x00000003, 0x00070055,
	0x0000001d, 0x0012000c, 0x000064b7, 0x00690038,
	0x00050023, 0x00000601, 0x07005500, 0x00000400,
	0x00007800, 0x12001400, 0x0065a000, 0x50003800,
	0x44656761, 0x006e776f, 0x00000111, 0x01210000,
	0x0000004c, 0x2b180106, 0x20430000, 0x1d02000c,
	0x04000000, 0x00000010, 0x20530607, 0x1d02000c,
	0x04000000, 0x00000014, 0x20630607, 0x1d02000c,
	0x04000000, 0x00000018, 0x02a30607, 0x1d02000c,
	0x04000000, 0x0000001c, 0x20130607, 0x1d01000b,
	0x04000000, 0x00000020, 0x00002607, 0x12000500,
	0x00655900, 0x70003800, 0x72614248, 0x05002300,
	0x00120100, 0x00830000, 0x9c010005, 0x23000013,
	0x05000000, 0x7c001200, 0x38000065, 0x706f7400,
	0x7473694c, 0x05002300, 0x00110100, 0x00550000,
	0x00200007, 0x00050000, 0x659c0012, 0x00380000,
	0x65646f6d, 0x05002300, 0x00100100, 0x00550000,
	0x00040007, 0x002d0000, 0x00140000, 0x66140012,
	0x00380000, 0x65676150, 0x6e776f44, 0x6e69614d,
	0x00011100, 0x21000000, 0x00006801, 0x52010600,
	0x2600002b, 0x05000000, 0xf3001200, 0x38000065,
	0x42487000, 0x23007261, 0x01000500, 0x00000004,
	0x00050083, 0x00139c01, 0x00001d00, 0x12000c00,
	0x00661000, 0x69003800, 0x05002300, 0x00020100,
	0x00550000, 0x00040007, 0x00760000, 0x00140000,
	0x66f70012, 0x00380000, 0x65676150, 0x11007055,
	0x00000001, 0x4c012100, 0x06000000, 0x002be601,
	0x0c204300, 0x001d0200, 0x10040000, 0x07000000,
	0x0c205306, 0x001d0200, 0x14040000, 0x07000000,
	0x0c206306, 0x001d0200, 0x18040000, 0x07000000,
	0x0c02a306, 0x001d0200, 0x1c040000, 0x07000000,
	0x0b201306, 0x001d0100, 0x20040000, 0x07000000,
	0x00000026, 0x00120005, 0x000066b0, 0x48700038,
	0x00726142, 0x00050023, 0x00001201, 0x05008300,
	0x139c0100, 0x00230000, 0x00050000, 0x66d30012,
	0x00380000, 0x4c706f74, 0x00747369, 0x00050023,
	0x00001101, 0x07005500, 0x00002000, 0x12000500,
	0x0066f300, 0x6d003800, 0x0065646f, 0x00050023,
	0x00001001, 0x07005500, 0x00000400, 0x00002b00,
	0x12001400, 0x00674c00, 0x50003800, 0x55656761,
	0x69614d70, 0x0111006e, 0x00000000, 0x00280121,
	0x01060000, 0x00002c20, 0x00000026, 0x00120005,
	0x00006748, 0x48700038, 0x00726142, 0x00050023,
	0x00000401, 0x05008300, 0x139c0100, 0x00040000,
	0x00ba0000, 0x00140000, 0x68e80012, 0x00380000,
	0x61657243, 0x42486574, 0x11007261, 0x00000001,
	0xd0012100, 0x06000000, 0x002c8c01, 0x0c204300,
	0x001d0200, 0x10040000, 0x07000000, 0x0c205306,
	0x001d0200, 0x14040000, 0x07000000, 0x0c206306,
	0x001d0200, 0x18040000, 0x07000000, 0x0c207306,
	0x001d0200, 0x1c040000, 0x07000000, 0x0c208306,
	0x001d0200, 0x20040000, 0x07000000, 0x0c209306,
	0x001d0200, 0x24040000, 0x07000000, 0x0c20a306,
	0x001d0200, 0x28040000, 0x07000000, 0x0c02a306,
	0x001d0200, 0x2c040000, 0x07000000, 0x0b201306,
	0x001d0100, 0x30040000, 0x07000000, 0x00000026,
	0x00120005, 0x0000682c, 0x42480038, 0x23007261,
	0x01000500, 0x00000010, 0x00060083, 0x139c0101,
	0x00200000, 0x00050000, 0x684c0012, 0x00380000,
	0x657a6973, 0x05002300, 0x00110100, 0x00550000,
	0x00200007, 0x00050000, 0x686c0012, 0x00380000,
	0x65676170, 0x05002300, 0x00120100, 0x00550000,
	0x001e0003, 0x00050000, 0x688a0012, 0x00380000,
	0x23007870, 0x01000500, 0x00000013, 0x00030055,
	0x0000001e, 0x00120005, 0x000068a8, 0x79700038,
	0x05002300, 0x00140100, 0x00550000, 0x001e0003,
	0x00050000, 0x68c60012, 0x00380000, 0x23007873,
	0x01000500, 0x00000015, 0x00030055, 0x0000001e,
	0x00120005, 0x000068e4, 0x79730038, 0x05002300,
	0x00160100, 0x00550000, 0x00040003, 0x005a0000,
	0x00140000, 0x696c0012, 0x00380000, 0x656c6544,
	0x42486574, 0x11007261, 0x00000001, 0x44012100,
	0x06000000, 0x002d1601, 0x0c204300, 0x001d0200,
	0x10040000, 0x07000000, 0x0c02a306, 0x001d0200,
	0x14040000, 0x07000000, 0x0b201306, 0x001d0100,
	0x18040000, 0x07000000, 0x00000026, 0x00120005,
	0x00006968, 0x42480038, 0x23007261, 0x01000500,
	0x00000010, 0x00060083, 0x139c0101, 0x00040000,
	0x00290000, 0x00140000, 0x6a200012, 0x00380000,
	0x74696e49, 0x72614248, 0x00011100, 0x21000000,
	0x00006401, 0x64010600, 0x2600002d, 0x05000000,
	0xbb001200, 0x38000069, 0x42487000, 0x23007261,
	0x01000500, 0x00000004, 0x00050083, 0x00139c01,
	0x00002100, 0x12000500, 0x0069dc00, 0x77003800,
	0x44496e69, 0x05002300, 0x00050100, 0x00550000,
	0x00230003, 0x00050000, 0x69ff0012, 0x00380000,
	0x4c706f74, 0x00656e69, 0x00050023, 0x00000601,
	0x07005500, 0x00001d00, 0x12000c00, 0x006a1c00,
	0x69003800, 0x05002300, 0x00030100, 0x00550000,
	0x00040007, 0x00200000, 0x00010000, 0x6a400012,
	0x00a30000, 0x0a000010, 0x00000000, 0x00000700,
	0x00550800, 0x003a000d, 0x00140000, 0x6a7a0012,
	0x00380000, 0x48746547, 0x00726142, 0x00000111,
	0x01210000, 0x00000058, 0x2dee0106, 0x20220000,
	0x000015d7, 0x15af2022, 0x20220000, 0x00003155,
	0x00000012, 0x00120013, 0x00006a8c, 0x003800b6,
	0x00920000, 0x00140000, 0x6c310012, 0x00380000,
	0x756e654d, 0x6d657449, 0x77617244, 0x00011100,
	0x21000000, 0x0000fc01, 0x96010600, 0x4300002e,
	0x02000c20, 0x0000001d, 0x00001804, 0x53060700,
	0x02000c20, 0x0000001d, 0x00001c04, 0x63060700,
	0x02000c20, 0x0000001d, 0x00002004, 0x73060700,
	0x02000c20, 0x0000001d, 0x00002404, 0xa3060700,
	0x02000c02, 0x0000001d, 0x00002804, 0x13060700,
	0x01000b20, 0x0000001d, 0x00009004, 0x20220700,
	0x00005cc1, 0x00000021, 0x00120005, 0x00006b3f,
	0x69770038, 0x0044496e, 0x00050023, 0x00001101,
	0x03005500, 0x00002000, 0x12000500, 0x006b5f00,
	0x75003800, 0x00444963, 0x00050023, 0x00000501,
	0x03005500, 0x00001e00, 0x12000500, 0x006b7d00,
	0x70003800, 0x00230078, 0x12010005, 0x55000000,
	0x1e000400, 0x05000000, 0x9b001200, 0x3800006b,
	0x00797000, 0x00050023, 0x00001301, 0x04005500,
	0x00002300, 0x12000c00, 0x006bbe00, 0x70003800,
	0x00726441, 0x00050023, 0x00001001, 0x03006300,
	0x00040100, 0x00000027, 0x0012000c, 0x00006be5,
	0x74660038, 0x00230034, 0x1d02000b, 0x04000000,
	0x00000068, 0x03007207, 0x2000005e, 0x01000000,
	0x05001200, 0xa300006c, 0x00001000, 0x0000000a,
	0x001b0000, 0x55080000, 0x28000400, 0x0c000000,
	0x2d001200, 0x3800006c, 0x65746900, 0x0023006d,
	0x1d02000b, 0x04000000, 0x00000030, 0xe5007207,
	0x0400006b, 0xa3000000, 0x14000000, 0x71001200,
	0x3800006d, 0x6e654d00, 0x61724675, 0x7244656d,
	0x11007761, 0x00000001, 0x0c012100, 0x06000001,
	0x002f2a01, 0x0c204300, 0x001d0200, 0x28040000,
	0x07000000, 0x0c205306, 0x001d0200, 0x2c040000,
	0x07000000, 0x0c206306, 0x001d0200, 0x30040000,
	0x07000000, 0x0c207306, 0x001d0200, 0x34040000,
	0x07000000, 0x0c208306, 0x001d0200, 0x38040000,
	0x07000000, 0x0c02a306, 0x001d0200, 0x3c040000,
	0x07000000, 0x0b201306, 0x001d0100, 0x40040000,
	0x07000000, 0x3b892022, 0x00210000, 0x00050000,
	0x6cf50012, 0x00380000, 0x496e6977, 0x00230044,
	0x04010005, 0x55000000, 0x1e000300, 0x05000000,
	0x13001200, 0x3800006d, 0x00787000, 0x00050023,
	0x00000501, 0x04005500, 0x00001e00, 0x12000500,
	0x006d3100, 0x70003800, 0x00230079, 0x06010005,
	0x55000000, 0x1e000400, 0x05000000, 0x4f001200,
	0x3800006d, 0x00787300, 0x00050023, 0x00000701,
	0x04005500, 0x00001e00, 0x12000500, 0x006d6d00,
	0x73003800, 0x00230079, 0x02010005, 0x55000000,
	0x04000400, 0xa2000000, 0x14000000, 0xb0001200,
	0x3800006e, 0x6e695700, 0x6d617246, 0x61724465,
	0x01110077, 0x00000000, 0x01080121, 0x01060000,
	0x0000300e, 0x000c2043, 0x00001d02, 0x00280400,
	0x06070000, 0x000c2053, 0x00001d02, 0x002c0400,
	0x06070000, 0x000c2063, 0x00001d02, 0x00300400,
	0x06070000, 0x000c2073, 0x00001d02, 0x00340400,
	0x06070000, 0x000c2083, 0x00001d02, 0x00380400,
	0x06070000, 0x000c02a3, 0x00001d02, 0x003c0400,
	0x06070000, 0x000b2013, 0x00001d01, 0x00400400,
	0x22070000, 0x003b8920, 0x00002100, 0x12000500,
	0x006e3400, 0x77003800, 0x44496e69, 0x05002300,
	0x00040100, 0x00550000, 0x001e0003, 0x00050000,
	0x6e520012, 0x00380000, 0x23007870, 0x01000500,
	0x00000005, 0x00040055, 0x0000001e, 0x00120005,
	0x00006e70, 0x79700038, 0x05002300, 0x00060100,
	0x00550000, 0x001e0004, 0x00050000, 0x6e8e0012,
	0x00380000, 0x23007873, 0x01000500, 0x00000007,
	0x00040055, 0x0000001e, 0x00120005, 0x00006eac,
	0x79730038, 0x05002300, 0x00020100, 0x00550000,
	0x00040004, 0x00e40000, 0x00140000, 0x72ac0012,
	0x00380000, 0x72614248, 0x77617244, 0x00011100,
	0x21000000, 0x00038801, 0xde010600, 0x43000030,
	0x02000c20, 0x0000001d, 0x00002804, 0x53060700,
	0x02000c20, 0x0000001d, 0x00002c04, 0x63060700,
	0x02000c20, 0x0000001d, 0x00003004, 0x73060700,
	0x02000c20, 0x0000001d, 0x00003404, 0x83060700,
	0x02000c20, 0x0000001d, 0x00003804, 0x93060700,
	0x02000c20, 0x0000001d, 0x00003c04, 0xa3060700,
	0x02000c20, 0x0000001d, 0x00004004, 0xb3060700,
	0x02000c20, 0x0000001d, 0x00004404, 0xc3060700,
	0x02000c20, 0x0000001d, 0x00004804, 0xa3060700,
	0x02000c02, 0x0000001d, 0x00004c04, 0x13060700,
	0x01000b20, 0x0000001d, 0x00005804, 0x20220700,
	0x00005cc1, 0x3b892022, 0x00260000, 0x00050000,
	0x6fba0012, 0x00380000, 0x61424870, 0x00230072,
	0x02010005, 0x83000000, 0x01000500, 0x0000139c,
	0x0000002a, 0x0012000c, 0x00006fe4, 0x746f0038,
	0x00230070, 0x1d02000b, 0x04000000, 0x00000050,
	0x05008307, 0x5b910100, 0x00120000, 0x00130000,
	0x71900012, 0x00b60000, 0x00000018, 0x00000020,
	0x0012000d, 0x00007016, 0x61740038, 0x00550067,
	0x0023000c, 0x00040006, 0x07000000, 0x0000001f,
	0x0012000d, 0x00007035, 0x30720038, 0x03005500,
	0x06002300, 0x00040400, 0x1f070000, 0x0d000000,
	0x54001200, 0x38000070, 0x00306700, 0x00030055,
	0x00060023, 0x00000504, 0x001f0700, 0x000d0000,
	0x70730012, 0x00380000, 0x55003062, 0x23000300,
	0x04000600, 0x00000006, 0x00002107, 0x12000d00,
	0x00709400, 0x63003800, 0x0065646f, 0x00030055,
	0x00060023, 0x00000704, 0x001f0700, 0x000d0000,
	0x70b30012, 0x00380000, 0x55003078, 0x23000400,
	0x04000600, 0x00000008, 0x00001f07, 0x12000d00,
	0x0070d200, 0x79003800, 0x00550030, 0x00230004,
	0x0a040006, 0x07000000, 0x0000001f, 0x0012000d,
	0x000070f1, 0x31780038, 0x04005500, 0x06002300,
	0x000c0400, 0x1f070000, 0x0d000000, 0x10001200,
	0x38000071, 0x00317900, 0x00040055, 0x00060023,
	0x00000e04, 0x001f0700, 0x000d0000, 0x712f0012,
	0x00380000, 0x55003278, 0x23000400, 0x04000600,
	0x00000010, 0x00001f07, 0x12000d00, 0x00714e00,
	0x79003800, 0x00550032, 0x00230004, 0x12040006,
	0x07000000, 0x0000001f, 0x0012000d, 0x0000716d,
	0x33780038, 0x04005500, 0x06002300, 0x00140400,
	0x1f070000, 0x0d000000, 0x8c001200, 0x38000071,
	0x00337900, 0x00040055, 0x00060023, 0x00001604,
	0x00040700, 0x00240000, 0x000c0000, 0x71b40012,
	0x00380000, 0x00703466, 0x00050023, 0x00001101,
	0x05008300, 0x6fe40100, 0x001f0000, 0x000c0000,
	0x71d30012, 0x00380000, 0x006e656c, 0x00050023,
	0x00000a01, 0x04005500, 0x00001e00, 0x12000c00,
	0x0071f100, 0x62003800, 0x00230079, 0x11010005,
	0x55000000, 0x1e000400, 0x0c000000, 0x0f001200,
	0x38000072, 0x00797300, 0x00050023, 0x00000901,
	0x04005500, 0x00001e00, 0x12000c00, 0x00722d00,
	0x73003800, 0x00230078, 0x05010005, 0x55000000,
	0x1e000400, 0x0c000000, 0x4b001200, 0x38000072,
	0x00797400, 0x00050023, 0x00000301, 0x04005500,
	0x00001e00, 0x12000c00, 0x00726900, 0x74003800,
	0x00230078, 0x02010005, 0x55000000, 0x1e000400,
	0x0c000000, 0x87001200, 0x38000072, 0x00797000,
	0x00050023, 0x00000201, 0x04005500, 0x00002100,
	0x12000c00, 0x0072a800, 0x77003800, 0x44496e69,
	0x05002300, 0x00020100, 0x00550000, 0x00040004,
	0x00840000, 0x00140000, 0x74300012, 0x00380000,
	0x646e6553, 0x7473694c, 0x00011100, 0x21000000,
	0x0001ac01, 0xd0010600, 0x43000032, 0x02000c20,
	0x0000001d, 0x00001004, 0x53060700, 0x02000c20,
	0x0000001d, 0x00001404, 0x63060700, 0x02000c20,
	0x0000001d, 0x00001804, 0xa3060700, 0x02000c02,
	0x0000001d, 0x00001c04, 0x13060700, 0x01000b20,
	0x0000001d, 0x00002804, 0x20220700, 0x00004255,
	0x41db2022, 0x00260000, 0x00050000, 0x73560012,
	0x00380000, 0x61424870, 0x00230072, 0x12010005,
	0x83000000, 0x01000500, 0x0000139c, 0x00000020,
	0x00120005, 0x00007376, 0x6f6d0038, 0x23006564,
	0x01000500, 0x00000005, 0x00070055, 0x0000001f,
	0x0012000c, 0x00007395, 0x6f700038, 0x00230073,
	0x10010005, 0x55000000, 0x25000400, 0x0c000000,
	0xba001200, 0x38000073, 0x72547000, 0x00736e61,
	0x00050023, 0x00000401, 0x03006300, 0x00030100,
	0x00000025, 0x0012000c, 0x000073df, 0x656c0038,
	0x0023006e, 0x1d02000b, 0x04000000, 0x00000024,
	0x0c005507, 0x00002300, 0x12000c00, 0x00740200,
	0x78003800, 0x0b002300, 0x001d0200, 0x20040000,
	0x07000000, 0x000c0055, 0x0000002a, 0x0012000c,
	0x0000742c, 0x46700038, 0x43746e6f, 0x006c7274,
	0x00050023, 0x00001101, 0x05008300, 0x3e960100,
	0x00040000, 0x00a80000, 0x00140000, 0x76040012,
	0x00380000, 0x646e6553, 0x706f6853, 0x6d657449,
	0x00011100, 0x21000000, 0x0002ec01, 0xf0010600,
	0x43000033, 0x02000c20, 0x0000001d, 0x00001004,
	0x53060700, 0x02000c20, 0x0000001d, 0x00001404,
	0x63060700, 0x02000c20, 0x0000001d, 0x00001804,
	0x73060700, 0x02000c20, 0x0000001d, 0x00001c04,
	0x83060700, 0x02000c20, 0x0000001d, 0x00002004,
	0xa3060700, 0x02000c02, 0x0000001d, 0x00002404,
	0x13060700, 0x01000b20, 0x0000001d, 0x00002804,
	0x20220700, 0x00003155, 0x34382022, 0x00260000,
	0x00050000, 0x74fe0012, 0x00380000, 0x61424870,
	0x00230072, 0x11010005, 0x83000000, 0x01000500,
	0x0000139c, 0x00000020, 0x00120005, 0x0000751e,
	0x63750038, 0x23004449, 0x01000500, 0x00000012,
	0x00030055, 0x00000020, 0x00120005, 0x0000753e,
	0x45620038, 0x2300646e, 0x01000500, 0x00000014,
	0x00070055, 0x00000021, 0x0012000c, 0x0000755f,
	0x61760038, 0x0065756c, 0x00050023, 0x00001201,
	0x03005500, 0x00002000, 0x12000c00, 0x00757f00,
	0x69003800, 0x006d6574, 0x00050023, 0x00000201,
	0x03005500, 0x00002400, 0x12000c00, 0x0075a300,
	0x70003800, 0x6b6c6154, 0x05002300, 0x00100100,
	0x00630000, 0x03010003, 0x00002100, 0x12000c00,
	0x0075c400, 0x70003800, 0x65636972, 0x05002300,
	0x00050100, 0x00550000, 0x001f000a, 0x000c0000,
	0x75e30012, 0x00380000, 0x006e656c, 0x00050023,
	0x00000201, 0x0a005500, 0x00001d00, 0x12000c00,
	0x00760000, 0x69003800, 0x05002300, 0x00040100,
	0x00550000, 0x00040007, 0x00b40000, 0x00140000,
	0x78020012, 0x00380000, 0x646e6553, 0x706f6853,
	0x64726143, 0x00011100, 0x21000000, 0x00024001,
	0x46010600, 0x43000036, 0x02000c20, 0x0000001d,
	0x00001004, 0x53060700, 0x02000c20, 0x0000001d,
	0x00001404, 0x63060700, 0x02000c20, 0x0000001d,
	0x00001804, 0x73060700, 0x02000c20, 0x0000001d,
	0x00001c04, 0x83060700, 0x02000c20, 0x0000001d,
	0x00002004, 0xa3060700, 0x02000c02, 0x0000001d,
	0x00002404, 0x13060700, 0x01000b20, 0x0000001d,
	0x00002804, 0x20220700, 0x00003155, 0x0a032022,
	0x20220000, 0x00000ac8, 0x4d742022, 0x00260000,
	0x00050000, 0x76de0012, 0x00380000, 0x61424870,
	0x00230072, 0x11010005, 0x83000000, 0x01000500,
	0x0000139c, 0x00000020, 0x00120005, 0x000076fe,
	0x63750038, 0x23004449, 0x01000500, 0x00000012,
	0x00030055, 0x00000020, 0x00120005, 0x0000771e,
	0x45620038, 0x2300646e, 0x01000500, 0x00000014,
	0x00070055, 0x00000021, 0x0012000c, 0x0000773f,
	0x61760038, 0x0065756c, 0x00050023, 0x00001201,
	0x03005500, 0x00001e00, 0x12000c00, 0x00775d00,
	0x6e003800, 0x0023006f, 0x03010005, 0x55000000,
	0x20000300, 0x0c000000, 0x7d001200, 0x38000077,
	0x72616300, 0x00230064, 0x11010005, 0x55000000,
	0x24000300, 0x0c000000, 0xa1001200, 0x38000077,
	0x61547000, 0x23006b6c, 0x01000500, 0x00000010,
	0x00030063, 0x21000301, 0x0c000000, 0xc2001200,
	0x38000077, 0x69727000, 0x23006563, 0x01000500,
	0x00000005, 0x000a0055, 0x0000001f, 0x0012000c,
	0x000077e1, 0x656c0038, 0x0023006e, 0x02010005,
	0x55000000, 0x1d000a00, 0x0c000000, 0xfe001200,
	0x38000077, 0x23006900, 0x01000500, 0x00000003,
	0x00070055, 0x00000004, 0x00000093, 0x00120014,
	0x00007960, 0x65530038, 0x6f53646e, 0x4e646e75,
	0x00656d61, 0x00000111, 0x01210000, 0x00000134,
	0x38060106, 0x20430000, 0x1d02000c, 0x04000000,
	0x00000010, 0x20530607, 0x1d02000c, 0x04000000,
	0x00000014, 0x20630607, 0x1d02000c, 0x04000000,
	0x00000018, 0x20730607, 0x1d02000c, 0x04000000,
	0x0000001c, 0x02a30607, 0x1d02000c, 0x04000000,
	0x00000020, 0x20130607, 0x1d01000b, 0x04000000,
	0x00000028, 0xb6202207, 0x26000009, 0x05000000,
	0xbb001200, 0x38000078, 0x42487000, 0x23007261,
	0x01000500, 0x00000011, 0x00050083, 0x00139c01,
	0x00002000, 0x12000500, 0x0078db00, 0x75003800,
	0x00444963, 0x00050023, 0x00001201, 0x03005500,
	0x00002000, 0x12000500, 0x0078fb00, 0x62003800,
	0x00646e45, 0x00050023, 0x00001301, 0x07005500,
	0x00001e00, 0x12000c00, 0x00791900, 0x6e003800,
	0x0023006f, 0x11010005, 0x55000000, 0x24000300,
	0x0c000000, 0x3d001200, 0x38000079, 0x61547000,
	0x23006b6c, 0x01000500, 0x00000010, 0x00030063,
	0x1f000301, 0x0c000000, 0x5c001200, 0x38000079,
	0x6e656c00, 0x05002300, 0x00020100, 0x00550000,
	0x0004000a, 0x00230000, 0x00010000, 0x79830012,
	0x00a30000, 0x0a000013, 0x00000000, 0xffffff00,
	0x006308ff, 0x01010003, 0x00002700, 0x12000700,
	0x0079aa00, 0x41003800, 0x5f414552, 0x454d414e,
	0x05002300, 0x00000300, 0x00720000, 0x00007960,
	0x00000020, 0x00120001, 0x000079ca, 0x001000a3,
	0x00000a00, 0x09000000, 0x08000000, 0x00010055,
	0x00000012, 0x00120013, 0x00007acf, 0x001000b6,
	0x00230000, 0x000d0000, 0x79ff0012, 0x00380000,
	0x656d616e, 0xaa007200, 0x23000079, 0x04000600,
	0x00000000, 0x00002307, 0x12000d00, 0x007a2200,
	0x6d003800, 0x35326661, 0x00550036, 0x00230001,
	0x0a040006, 0x07000000, 0x00000022, 0x0012000d,
	0x00007a44, 0x616d0038, 0x00363166, 0x00010055,
	0x00060023, 0x00000b04, 0x00200700, 0x000d0000,
	0x7a640012, 0x00380000, 0x00736d65, 0x00010055,
	0x00060023, 0x00000c04, 0x00210700, 0x000d0000,
	0x7a850012, 0x00380000, 0x726f6f64, 0x01005500,
	0x06002300, 0x000d0400, 0x23070000, 0x0d000000,
	0xa8001200, 0x3800007a, 0x696f7400, 0x0074656c,
	0x00010055, 0x00060023, 0x00000e04, 0x00230700,
	0x000d0000, 0x7acb0012, 0x00380000, 0x656d616e,
	0x55006f4e, 0x23000100, 0x04000600, 0x0000000f,
	0x00000407, 0x00002200, 0x12000100, 0x007af100,
	0x1200a300, 0x000a0000, 0x00000000, 0xffffffff,
	0xca007208, 0x26000079, 0x07000000, 0x17001200,
	0x3800007b, 0x50414d00, 0x4c49465f, 0x00230045,
	0x00030005, 0x72000000, 0x007acf00, 0x00009d00,
	0x12001400, 0x007c9e00, 0x53003800, 0x4d646e65,
	0x614e7061, 0x1100656d, 0x00000001, 0x8c012100,
	0x06000001, 0x0038cc01, 0x0c204300, 0x001d0200,
	0x10040000, 0x07000000, 0x0c205306, 0x001d0200,
	0x14040000, 0x07000000, 0x0c206306, 0x001d0200,
	0x18040000, 0x07000000, 0x0c207306, 0x001d0200,
	0x1c040000, 0x07000000, 0x0c02a306, 0x001d0200,
	0x20040000, 0x07000000, 0x0b201306, 0x001d0100,
	0x28040000, 0x07000000, 0x13552022, 0x20220000,
	0x00007983, 0x7af12022, 0x00260000, 0x00050000,
	0x7bda0012, 0x00380000, 0x61424870, 0x00230072,
	0x11010005, 0x83000000, 0x01000500, 0x0000139c,
	0x00000020, 0x00120005, 0x00007bfa, 0x63750038,
	0x23004449, 0x01000500, 0x00000012, 0x00030055,
	0x00000020, 0x00120005, 0x00007c1a, 0x45620038,
	0x2300646e, 0x01000500, 0x00000013, 0x00070055,
	0x0000001f, 0x0012000c, 0x00007c39, 0x616d0038,
	0x00230070, 0x02010005, 0x55000000, 0x1e000300,
	0x0c000000, 0x57001200, 0x3800007c, 0x006f6e00,
	0x00050023, 0x00000401, 0x03005500, 0x00002400,
	0x12000c00, 0x007c7b00, 0x70003800, 0x6b6c6154,
	0x05002300, 0x00100100, 0x00630000, 0x03010003,
	0x00001f00, 0x12000c00, 0x007c9a00, 0x6c003800,
	0x23006e65, 0x01000500, 0x00000002, 0x000a0055,
	0x00000004, 0x000000b4, 0x00120014, 0x00007e3a,
	0x65530038, 0x7449646e, 0x74496d65, 0x11006d65,
	0x00000001, 0x0c012100, 0x06000002, 0x0039d801,
	0x0c204300, 0x001d0200, 0x10040000, 0x07000000,
	0x0c205306, 0x001d0200, 0x14040000, 0x07000000,
	0x0c206306, 0x001d0200, 0x18040000, 0x07000000,
	0x0c207306, 0x001d0200, 0x1c040000, 0x07000000,
	0x0c208306, 0x001d0200, 0x20040000, 0x07000000,
	0x0c02a306, 0x001d0200, 0x24040000, 0x07000000,
	0x0b201306, 0x001d0100, 0x28040000, 0x07000000,
	0x34382022, 0x20220000, 0x000015d7, 0x15af2022,
	0x20220000, 0x00003155, 0x00000026, 0x00120005,
	0x00007d78, 0x48700038, 0x00726142, 0x00050023,
	0x00001301, 0x05008300, 0x139c0100, 0x00200000,
	0x00050000, 0x7d980012, 0x00380000, 0x44496375,
	0x05002300, 0x00110100, 0x00550000, 0x00200003,
	0x00050000, 0x7db80012, 0x00380000, 0x646e4562,
	0x05002300, 0x00140100, 0x00550000, 0x001e0007,
	0x000c0000, 0x7dd60012, 0x00380000, 0x23006f6e,
	0x01000500, 0x00000004, 0x00030055, 0x00000024,
	0x0012000c, 0x00007dfa, 0x54700038, 0x006b6c61,
	0x00050023, 0x00001001, 0x03006300, 0x00030100,
	0x0000001f, 0x0012000c, 0x00007e19, 0x656c0038,
	0x0023006e, 0x02010005, 0x55000000, 0x1d000a00,
	0x0c000000, 0x36001200, 0x3800007e, 0x23006900,
	0x01000500, 0x00000011, 0x00070055, 0x00000004,
	0x00000036, 0x00120014, 0x00007f08, 0x65470038,
	0x66754274, 0x00706f54, 0x00000111, 0x01210000,
	0x00000088, 0x3b5c0106, 0x20220000, 0x00004255,
	0x41db2022, 0x00260000, 0x00050000, 0x7e960012,
	0x00380000, 0x61424870, 0x00230072, 0x04010005,
	0x83000000, 0x01000500, 0x0000139c, 0x00000020,
	0x00120005, 0x00007eb6, 0x63750038, 0x23004449,
	0x01000500, 0x00000005, 0x00030055, 0x00000024,
	0x0012000c, 0x00007eda, 0x54700038, 0x006b6c61,
	0x00050023, 0x00000201, 0x03006300, 0x00030100,
	0x0000002a, 0x0012000c, 0x00007f04, 0x46700038,
	0x43746e6f, 0x006c7274, 0x00050023, 0x00000601,
	0x05008300, 0x3e960100, 0x00040000, 0x003b0000,
	0x00140000, 0x7f710012, 0x00380000, 0x54746547,
	0x416b6c61, 0x694c7463, 0x1100656e, 0x00000001,
	0x30012100, 0x06000000, 0x003be601, 0x80202200,
	0x22000042, 0x0041db20, 0x00002a00, 0x12000c00,
	0x007f6d00, 0x70003800, 0x746e6f46, 0x6c727443,
	0x05002300, 0x00040100, 0x00830000, 0x96010005,
	0x0400003e, 0x8f000000, 0x14000000, 0x7f001200,
	0x38000080, 0x694c4800, 0x7244656e, 0x11007761,
	0x00000001, 0x20012100, 0x06000001, 0x003c3401,
	0x0c204300, 0x001d0200, 0x20040000, 0x07000000,
	0x0c205306, 0x001d0200, 0x24040000, 0x07000000,
	0x0c206306, 0x001d0200, 0x28040000, 0x07000000,
	0x0c207306, 0x001d0200, 0x2c040000, 0x07000000,
	0x0c02a306, 0x001d0200, 0x30040000, 0x07000000,
	0x0b201306, 0x001d0100, 0x38040000, 0x07000000,
	0x3b892022, 0x00210000, 0x00050000, 0x80210012,
	0x00380000, 0x496e6977, 0x00230044, 0x04010005,
	0x55000000, 0x1e000300, 0x05000000, 0x3f001200,
	0x38000080, 0x00787000, 0x00050023, 0x00000501,
	0x04005500, 0x00001e00, 0x12000500, 0x00805d00,
	0x70003800, 0x00230079, 0x10010005, 0x55000000,
	0x1e000400, 0x05000000, 0x7b001200, 0x38000080,
	0x00787300, 0x00050023, 0x00000701, 0x04005500,
	0x00000400, 0x00008f00, 0x12001400, 0x00818d00,
	0x56003800, 0x656e694c, 0x77617244, 0x00011100,
	0x21000000, 0x00012801, 0x68010600, 0x4300003d,
	0x02000c20, 0x0000001d, 0x00002004, 0x53060700,
	0x02000c20, 0x0000001d, 0x00002404, 0x63060700,
	0x02000c20, 0x0000001d, 0x00002804, 0x73060700,
	0x02000c20, 0x0000001d, 0x00002c04, 0xa3060700,
	0x02000c02, 0x0000001d, 0x00003004, 0x13060700,
	0x01000b20, 0x0000001d, 0x00003804, 0x20220700,
	0x00003b89, 0x00000021, 0x00120005, 0x0000812f,
	0x69770038, 0x0044496e, 0x00050023, 0x00000401,
	0x03005500, 0x00001e00, 0x12000500, 0x00814d00,
	0x70003800, 0x00230078, 0x10010005, 0x55000000,
	0x1e000400, 0x05000000, 0x6b001200, 0x38000081,
	0x00797000, 0x00050023, 0x00000601, 0x04005500,
	0x00001e00, 0x12000500, 0x00818900, 0x73003800,
	0x00230079, 0x07010005, 0x55000000, 0x04000400,
	0x2c000000, 0x14000000, 0x21001200, 0x38000082,
	0x6e655300, 0x73654d64, 0x65676173, 0x00011100,
	0x21000000, 0x00000801, 0x7e010600, 0x2100003e,
	0x05000000, 0xda001200, 0x38000081, 0x73656d00,
	0x23004449, 0x01000500, 0x00000002, 0x000a0055,
	0x00000022, 0x00120005, 0x000081fc, 0x616e0038,
	0x4449656d, 0x05002300, 0x00020100, 0x00550000,
	0x00210003, 0x00050000, 0x821d0012, 0x00380000,
	0x496e6977, 0x00230044, 0x02010005, 0x55000000,
	0x04000300, 0x28000000, 0x07000000, 0x49001200,
	0x38000082, 0x54706700, 0x41747865, 0x23007264,
	0x03000500, 0x00000000, 0x00030063, 0xa8000301,
	0x14000000, 0xa1001200, 0x38000083, 0x6e655300,
	0x73654d64, 0x65676173, 0x01110032, 0x00000000,
	0x00b80121, 0x01060000, 0x00003eae, 0x000c2043,
	0x00001d02, 0x00100400, 0x06070000, 0x000c2053,
	0x00001d02, 0x00140400, 0x06070000, 0x000c2063,
	0x00001d02, 0x00180400, 0x06070000, 0x000c2073,
	0x00001d02, 0x001c0400, 0x06070000, 0x000c2083,
	0x00001d02, 0x00200400, 0x06070000, 0x000c02a3,
	0x00001d02, 0x00240400, 0x06070000, 0x000b2013,
	0x00001d01, 0x00280400, 0x22070000, 0x00822120,
	0x9e202200, 0x21000031, 0x05000000, 0x12001200,
	0x38000083, 0x73656d00, 0x23004449, 0x01000500,
	0x00000011, 0x000a0055, 0x00000022, 0x00120005,
	0x00008334, 0x616e0038, 0x4449656d, 0x05002300,
	0x00100100, 0x00550000, 0x00210003, 0x00050000,
	0x83550012, 0x00380000, 0x496e6977, 0x00230044,
	0x13010005, 0x55000000, 0x22000300, 0x05000000,
	0x77001200, 0x38000083, 0x78657400, 0x00444974,
	0x00050023, 0x00001201, 0x06005500, 0x00002600,
	0x12000c00, 0x00839d00, 0x70003800, 0x42726441,
	0x23006b61, 0x01000500, 0x00000014, 0x00030063,
	0x04000301, 0x48000000, 0x14000000, 0x74001200,
	0x38000084, 0x6e655300, 0x73614364, 0x01110065,
	0x00000000, 0x00280121, 0x01060000, 0x00003f60,
	0x000c02a3, 0x00001d02, 0x00180400, 0x06070000,
	0x000b2013, 0x00001d01, 0x00200400, 0x21070000,
	0x05000000, 0x0a001200, 0x38000084, 0x73656d00,
	0x23004449, 0x01000500, 0x00000002, 0x000a0055,
	0x00000022, 0x00120005, 0x0000842c, 0x616e0038,
	0x4449656d, 0x05002300, 0x00020100, 0x00550000,
	0x00200003, 0x00050000, 0x844c0012, 0x00380000,
	0x7473696c, 0x05002300, 0x00020100, 0x00550000,
	0x00240006, 0x00050000, 0x84700012, 0x00380000,
	0x616c4662, 0x00230067, 0x02010005, 0x63000000,
	0x01000300, 0x00040007, 0x00120000, 0x00130000,
	0x85700012, 0x00b60000, 0x00000010, 0x00000028,
	0x0012000d, 0x000084ae, 0x4a700038, 0x41706d75,
	0x63007264, 0x01000300, 0x00230003, 0x00040006,
	0x07000000, 0x00000027, 0x0012000d, 0x000084d5,
	0x43700038, 0x65636e61, 0x0063006c, 0x03010003,
	0x06002300, 0x00040400, 0x25070000, 0x0d000000,
	0xfa001200, 0x38000084, 0x4d737500, 0x6f437861,
	0x0055006d, 0x00230006, 0x08040006, 0x07000000,
	0x00000025, 0x0012000d, 0x0000851f, 0x73750038,
	0x43776f4e, 0x55006d6f, 0x23000600, 0x04000600,
	0x0000000a, 0x00002807, 0x12000d00, 0x00854700,
	0x75003800, 0x72754373, 0x41706f54, 0x55007264,
	0x23000600, 0x04000600, 0x0000000c, 0x00002507,
	0x12000d00, 0x00856c00, 0x75003800, 0x72754373,
	0x006e654c, 0x00060055, 0x00060023, 0x00000e04,
	0x00040700, 0x00270000, 0x00070000, 0x85970012,
	0x00380000, 0x73614367, 0x726f5765, 0x0023006b,
	0x00030005, 0x72000000, 0x00847400, 0x00002500,
	0x12000700, 0x0085bc00, 0x67003800, 0x614e6375,
	0x6f4e656d, 0x05002300, 0x00000300, 0x00550000,
	0x00c10003, 0x00140000, 0x87500012, 0x00380000,
	0x646e6553, 0x65736143, 0x01110032, 0x00000000,
	0x01380121, 0x01060000, 0x00003f90, 0x000c2043,
	0x00001d02, 0x00100400, 0x06070000, 0x000c2053,
	0x00001d02, 0x00140400, 0x06070000, 0x000c2063,
	0x00001d02, 0x00180400, 0x06070000, 0x000c2073,
	0x00001d02, 0x001c0400, 0x06070000, 0x000c2083,
	0x00001d02, 0x00200400, 0x06070000, 0x000c2093,
	0x00001d02, 0x00240400, 0x06070000, 0x000c02a3,
	0x00001d02, 0x00280400, 0x06070000, 0x000b2013,
	0x00001d01, 0x00300400, 0x22070000, 0x00822120,
	0x9e202200, 0x22000031, 0x00857020, 0x97202200,
	0x21000085, 0x05000000, 0x9e001200, 0x38000086,
	0x73656d00, 0x23004449, 0x01000500, 0x00000011,
	0x000a0055, 0x00000022, 0x00120005, 0x000086c0,
	0x616e0038, 0x4449656d, 0x05002300, 0x00100100,
	0x00550000, 0x00200003, 0x00050000, 0x86e00012,
	0x00380000, 0x7473696c, 0x05002300, 0x00140100,
	0x00550000, 0x00240006, 0x00050000, 0x87040012,
	0x00380000, 0x616c4662, 0x00230067, 0x13010005,
	0x63000000, 0x01000300, 0x00220007, 0x00050000,
	0x87260012, 0x00380000, 0x74786574, 0x23004449,
	0x01000500, 0x00000012, 0x00060055, 0x00000026,
	0x0012000c, 0x0000874c, 0x41700038, 0x61427264,
	0x0023006b, 0x15010005, 0x63000000, 0x01000300,
	0x00040003, 0x004e0000, 0x00140000, 0x87c40012,
	0x00380000, 0x646e6553, 0x656d614e, 0x00011100,
	0x21000000, 0x00003c01, 0xc4010600, 0xa3000040,
	0x02000c02, 0x0000001d, 0x00001004, 0x13060700,
	0x01000b20, 0x0000001d, 0x00001804, 0x20220700,
	0x00008597, 0x00000022, 0x00120005, 0x000087c0,
	0x616e0038, 0x4449656d, 0x05002300, 0x00030100,
	0x00550000, 0x00040003, 0x00120000, 0x00130000,
	0x87d60012, 0x00b60000, 0x0000000b, 0x00000012,
	0x00120013, 0x00008932, 0x006800b6, 0x00240000,
	0x000d0000, 0x880c0012, 0x00380000, 0x65646f6d,
	0x0072006c, 0x00002b0a, 0x00060023, 0x00000004,
	0x00240700, 0x000d0000, 0x88300012, 0x00380000,
	0x61726170, 0x0072006d, 0x00002c7f, 0x00060023,
	0x00003804, 0x002a0700, 0x000d0000, 0x885a0012,
	0x00380000, 0x61637365, 0x6f506570, 0x00746e69,
	0x22400072, 0x00230000, 0x58040006, 0x07000000,
	0x00000021, 0x0012000d, 0x0000887b, 0x426e0038,
	0x55005449, 0x23000400, 0x04000600, 0x00000060,
	0x00002307, 0x12000d00, 0x00889e00, 0x66003800,
	0x6f6c6c65, 0x00550077, 0x00230003, 0x62040006,
	0x07000000, 0x00000025, 0x0012000d, 0x000088c3,
	0x61700038, 0x72657474, 0x55004e6e, 0x23000300,
	0x04000600, 0x00000063, 0x00002307, 0x12000d00,
	0x0088e600, 0x65003800, 0x746e6576, 0x0055004e,
	0x00230003, 0x64040006, 0x07000000, 0x00000023,
	0x0012000d, 0x00008909, 0x65740038, 0x44497478,
	0x03005500, 0x06002300, 0x00650400, 0x25070000,
	0x0d000000, 0x2e001200, 0x38000089, 0x78657400,
	0x70795474, 0x00550065, 0x00230003, 0x66040006,
	0x07000000, 0x00000004, 0x00000022, 0x00120001,
	0x00008954, 0x001200a3, 0x00000a00, 0xff000000,
	0x08ffffff, 0x87d60072, 0x00240000, 0x00070000,
	0x89780012, 0x00380000, 0x454e4567, 0x2300594d,
	0x03000500, 0x00000000, 0x89320072, 0x00640000,
	0x00140000, 0x8aa80012, 0x00380000, 0x636c6143,
	0x706f6853, 0x4173654d, 0x11007264, 0x00000001,
	0xf0012100, 0x06000000, 0x00411201, 0x0c204300,
	0x001d0200, 0x10040000, 0x07000000, 0x0c02a306,
	0x001d0200, 0x14040000, 0x07000000, 0x0b201306,
	0x001d0100, 0x28040000, 0x07000000, 0x89542022,
	0x00210000, 0x00050000, 0x89fd0012, 0x00380000,
	0x4973656d, 0x00230044, 0x10010005, 0x55000000,
	0x20000a00, 0x0c000000, 0x1d001200, 0x3800008a,
	0x49637500, 0x00230044, 0x04010005, 0x55000000,
	0x22000300, 0x0c000000, 0x3f001200, 0x3800008a,
	0x78657400, 0x00444974, 0x00050023, 0x00000401,
	0x06005500, 0x00002000, 0x12000100, 0x008a5f00,
	0x1000a300, 0x000a0000, 0x00000000, 0x0000000a,
	0x03005508, 0x00002800, 0x12000c00, 0x008a8700,
	0x73003800, 0x00706f68, 0x000b0023, 0x00001d02,
	0x001c0400, 0x72070000, 0x008a3f00, 0x00001d00,
	0x12000c00, 0x008aa400, 0x69003800, 0x05002300,
	0x00030100, 0x00550000, 0x00040007, 0x007a0000,
	0x00140000, 0x8bb00012, 0x00380000, 0x636c6143,
	0x4173654d, 0x11007264, 0x00000001, 0x64012100,
	0x06000000, 0x00420001, 0x0c204300, 0x001d0200,
	0x10040000, 0x07000000, 0x0c205306, 0x001d0200,
	0x14040000, 0x07000000, 0x0c206306, 0x001d0200,
	0x18040000, 0x07000000, 0x0c02a306, 0x001d0200,
	0x1c040000, 0x07000000, 0x0b201306, 0x001d0100,
	0x20040000, 0x07000000, 0x00000020, 0x00120005,
	0x00008b42, 0x63750038, 0x23004449, 0x01000500,
	0x00000011, 0x00060055, 0x00000021, 0x00120005,
	0x00008b63, 0x656d0038, 0x00444973, 0x00050023,
	0x00001201, 0x0a005500, 0x00002300, 0x12000c00,
	0x008b8600, 0x70003800, 0x00726441, 0x00050023,
	0x00000201, 0x03006300, 0x00030100, 0x00000026,
	0x0012000c, 0x00008bac, 0x41700038, 0x6f547264,
	0x00230070, 0x10010005, 0x63000000, 0x01000300,
	0x00040003, 0x00290000, 0x00140000, 0x8c210012,
	0x00380000, 0x726f7453, 0x464f4565, 0x00011100,
	0x21000000, 0x00005001, 0x80010600, 0x24000042,
	0x05000000, 0xfd001200, 0x3800008b, 0x61547000,
	0x23006b6c, 0x01000500, 0x00000004, 0x00030063,
	0x20000301, 0x05000000, 0x1d001200, 0x3800008c,
	0x6e456200, 0x00230064, 0x05010005, 0x55000000,
	0x04000700, 0x29000000, 0x14000000, 0xb0001200,
	0x3800008c, 0x6f745300, 0x50536572, 0x01110043,
	0x00000000, 0x00400121, 0x01060000, 0x000042ec,
	0x00000024, 0x00120005, 0x00008c6e, 0x54700038,
	0x006b6c61, 0x00050023, 0x00000401, 0x03006300,
	0x00030100, 0x0000001f, 0x00120005, 0x00008c8d,
	0x616d0038, 0x00230078, 0x05010005, 0x55000000,
	0x1f000700, 0x05000000, 0xac001200, 0x3800008c,
	0x6e656c00, 0x05002300, 0x00060100, 0x00550000,
	0x00040007, 0x00490000, 0x00140000, 0x8d210012,
	0x00380000, 0x44746553, 0x73694c47, 0x01110074,
	0x00000000, 0x002c0121, 0x01060000, 0x00004344,
	0x000c02a3, 0x00001d02, 0x00100400, 0x06070000,
	0x000b2013, 0x00001d01, 0x00180400, 0x24070000,
	0x05000000, 0x1d001200, 0x3800008d, 0x46737500,
	0x4e67616c, 0x0023006f, 0x04010005, 0x55000000,
	0x04000600, 0x2c000000, 0x14000000, 0x75001200,
	0x3800008d, 0x65684300, 0x47446b63, 0x7473694c,
	0x00011100, 0x21000000, 0x00000c01, 0x7e010600,
	0x24000043, 0x05000000, 0x71001200, 0x3800008d,
	0x46737500, 0x4e67616c, 0x0023006f, 0x04010005,
	0x55000000, 0x04000600, 0x49000000, 0x14000000,
	0xe6001200, 0x3800008d, 0x74655300, 0x6164654d,
	0x1100656c, 0x00000001, 0x2c012100, 0x06000000,
	0x0043ae01, 0x0c02a300, 0x001d0200, 0x10040000,
	0x07000000, 0x0b201306, 0x001d0100, 0x18040000,
	0x07000000, 0x00000024, 0x00120005, 0x00008de2,
	0x73750038, 0x67616c46, 0x23006f4e, 0x01000500,
	0x00000004, 0x00060055, 0x00000004, 0x0000002c,
	0x00120014, 0x00008e3a, 0x68430038, 0x4d6b6365,
	0x6c616465, 0x01110065, 0x00000000, 0x000c0121,
	0x01060000, 0x000043e8, 0x00000024, 0x00120005,
	0x00008e36, 0x73750038, 0x67616c46, 0x23006f4e,
	0x01000500, 0x00000004, 0x00060055, 0x00000004,
	0x00000028, 0x0012000c, 0x00008e62, 0x75460038,
	0x6164696b, 0x68536973, 0x2300776f, 0x03000500,
	0x00000000, 0x00140055, 0x00000023, 0x0012000c,
	0x00008e85, 0x73670038, 0x6c616353, 0x00230065,
	0x00030005, 0x55000000, 0x7e000400, 0x14000000,
	0x43001200, 0x3800008f, 0x6b754600, 0x73616469,
	0x73694469, 0x01110070, 0x00000000, 0x00980121,
	0x01060000, 0x00004418, 0x000c2043, 0x00001d02,
	0x00100400, 0x06070000, 0x000c2053, 0x00001d02,
	0x00140400, 0x06070000, 0x000c02a3, 0x00001d02,
	0x00180400, 0x06070000, 0x000b2013, 0x00001d01,
	0x00200400, 0x22070000, 0x008e3a20, 0x9e202200,
	0x22000018, 0x008e6220, 0x00001e00, 0x12000c00,
	0x008f2100, 0x70003800, 0x00230074, 0x10010005,
	0x55000000, 0x1e000300, 0x0c000000, 0x3f001200,
	0x3800008f, 0x00676400, 0x00050023, 0x00001101,
	0x03005500, 0x00000400, 0x00002500, 0x12000100,
	0x008f6800, 0x1500a300, 0x000a0000, 0x00000000,
	0xffffffff, 0x05008308, 0x2b0a0100, 0x00250000,
	0x00070000, 0x8f8d0012, 0x00380000, 0x444f4d67,
	0x00704c45, 0x00050023, 0x00000003, 0x43007200,
	0x7400008f, 0x14000000, 0xf8001200, 0x38000090,
	0x6b754600, 0x73616469, 0x6f685369, 0x01110077,
	0x00000000, 0x00f40121, 0x01060000, 0x000044a2,
	0x000c2043, 0x00001d02, 0x00100400, 0x06070000,
	0x000c02a3, 0x00001d02, 0x00140400, 0x06070000,
	0x000b2013, 0x00001d01, 0x00280400, 0x22070000,
	0x008e6220, 0xc1202200, 0x2200005c, 0x00189e20,
	0x68202200, 0x1e00008f, 0x0c000000, 0x1f001200,
	0x38000090, 0x00676400, 0x00050023, 0x00001001,
	0x03005500, 0x00002200, 0x12000c00, 0x00904100,
	0x73003800, 0x656c6163, 0x00230032, 0x04010005,
	0x55000000, 0x22000400, 0x0c000000, 0x63001200,
	0x38000090, 0x61637300, 0x0031656c, 0x00050023,
	0x00000301, 0x04005500, 0x00002000, 0x12000100,
	0x00908300, 0x1000a300, 0x000a0000, 0x00000000,
	0x00000001, 0x04005508, 0x00002700, 0x12000c00,
	0x0090aa00, 0x73003800, 0x23007978, 0x02000b00,
	0x0000001d, 0x00002404, 0x00720700, 0x00009063,
	0x0000001f, 0x0012000c, 0x000090c9, 0x746f0038,
	0x0023007a, 0x02010005, 0x55000000, 0x2b000a00,
	0x0c000000, 0xf4001200, 0x38000090, 0x65767300,
	0x726f7463, 0x0b002300, 0x001d0200, 0x1c040000,
	0x07000000, 0x22400072, 0x00040000, 0x00380000,
	0x00140000, 0x91740012, 0x00380000, 0x61636f4c,
	0x6c614d6c, 0x00636f6c, 0x00000111, 0x01210000,
	0x00000040, 0x45720106, 0x20220000, 0x000015ff,
	0x16252022, 0x00200000, 0x00050000, 0x91500012,
	0x00380000, 0x657a6973, 0x05002300, 0x00040100,
	0x00550000, 0x0020000c, 0x000c0000, 0x91700012,
	0x00380000, 0x6b636162, 0x05002300, 0x00050100,
	0x00550000, 0x0004000c, 0x00300000, 0x00140000,
	0x91c80012, 0x00380000, 0x61636f4c, 0x6572466c,
	0x01110065, 0x00000000, 0x00180121, 0x01060000,
	0x000045f2, 0x16252022, 0x00200000, 0x00050000,
	0x91c40012, 0x00380000, 0x72644170, 0x05002300,
	0x00040100, 0x00550000, 0x0004000d, 0x00340000,
	0x00140000, 0x91fc0012, 0x00380000, 0x64616553,
	0x6f6d6172, 0x6576456e, 0x7453746e, 0x00747261,
	0x00000111, 0x01210000, 0x00000010, 0x462c0106,
	0x00240000, 0x00070000, 0x92200012, 0x00380000,
	0x4d737567, 0x6f4e7061, 0x05002300, 0x00000300,
	0x00550000, 0x005b0006, 0x00140000, 0x929c0012,
	0x00380000, 0x79616c50, 0x53797542, 0x01110045,
	0x00000000, 0x007c0121, 0x01060000, 0x0000465c,
	0x000c02a3, 0x00001d02, 0x00100400, 0x06070000,
	0x000b2013, 0x00001d01, 0x00180400, 0x22070000,
	0x00015e20, 0x14202200, 0x22000001, 0x0091fc20,
	0x00001d00, 0x12000c00, 0x00929800, 0x69003800,
	0x05002300, 0x00050100, 0x00550000, 0x00040007,
	0x005e0000, 0x00140000, 0x93640012, 0x00380000,
	0x706f6853, 0x64616f4c, 0x00011100, 0x21000000,
	0x00009c01, 0xdc010600, 0x43000046, 0x02000c20,
	0x0000001d, 0x00001804, 0xa3060700, 0x02000c02,
	0x0000001d, 0x00001c04, 0x13060700, 0x01000b20,
	0x0000001d, 0x00002804, 0x20220700, 0x00000081,
	0x00000021, 0x00120005, 0x0000931b, 0x616d0038,
	0x006f4e70, 0x00050023, 0x00001001, 0x04005500,
	0x00002800, 0x12000c00, 0x00934300, 0x72003800,
	0x6c757365, 0x00230074, 0x1d02000b, 0x04000000,
	0x00000027, 0x01005507, 0x00001d00, 0x12000c00,
	0x00936000, 0x69003800, 0x05002300, 0x00030100,
	0x00550000, 0x00040007, 0x002c0000, 0x00070000,
	0x93900012, 0x00380000, 0x616f4c67, 0x646e4564,
	0x69617254, 0x676e696e, 0x05002300, 0x00000300,
	0x00550000, 0x00500001, 0x00140000, 0x93e00012,
	0x00380000, 0x706f6853, 0x64616f4c, 0x1100424e,
	0x00000001, 0x30012100, 0x06000000, 0x00475c01,
	0x0c02a300, 0x001d0200, 0x18040000, 0x07000000,
	0x0b201306, 0x001d0100, 0x20040000, 0x07000000,
	0x93642022, 0x004f0000, 0x00140000, 0x94990012,
	0x00380000, 0x706f6853, 0x64616f4c, 0x01110032,
	0x00000000, 0x00700121, 0x01060000, 0x0000478c,
	0x000c02a3, 0x00001d02, 0x00180400, 0x06070000,
	0x000b2013, 0x00001d01, 0x00280400, 0x22070000,
	0x0000ca20, 0x00002100, 0x12000500, 0x00945000,
	0x6d003800, 0x6f4e7061, 0x05002300, 0x00040100,
	0x00550000, 0x00280004, 0x000c0000, 0x94780012,
	0x00380000, 0x75736572, 0x2300746c, 0x02000b00,
	0x0000001d, 0x00002704, 0x00550700, 0x001d0001,
	0x000c0000, 0x94950012, 0x00380000, 0x00230069,
	0x03010005, 0x55000000, 0x04000700, 0x25000000,
	0x07000000, 0xbe001200, 0x38000094, 0x73756700,
	0x73727543, 0x2300726f, 0x03000500, 0x00000000,
	0x00060055, 0x00000020, 0x00120001, 0x000094de,
	0x001000a3, 0x00000a00, 0x13000000, 0x08000000,
	0x00010055, 0x00000026, 0x00120007, 0x00009504,
	0x4e670038, 0x42656d61, 0x23006675, 0x03000500,
	0x00000000, 0x94be0072, 0x00250000, 0x00070000,
	0x95290012, 0x00380000, 0x6d614e67, 0x646f4d65,
	0x00230065, 0x00030005, 0x55000000, 0x28000300,
	0x07000000, 0x51001200, 0x38000095, 0x63756700,
	0x6b636142, 0x6973754d, 0x00230063, 0x00030005,
	0x55000000, 0x25000300, 0x07000000, 0x76001200,
	0x38000095, 0x63756700, 0x756e654d, 0x23005753,
	0x03000500, 0x00000000, 0x00030055, 0x00000004,
	0x00000000, 0x00080000, 0x01020000, 0x00510000,
	0x03020000, 0x00570000, 0x030e0000, 0x005d0000,
	0x02020000, 0x00690000, 0x01020000, 0x00890000,
	0x01020000, 0x00a00000, 0x8d020000, 0x00a60000,
	0x01020000, 0x00b20000, 0x01020000, 0x00d20000,
	0x01020000, 0x00ea0000, 0x8e020000, 0x00f00000,
	0x01020000, 0x00fc0000, 0x01020000, 0x011c0000,
	0x01020000, 0x01340000, 0x8f020000, 0x013a0000,
	0x01020000, 0x01460000, 0x01020000, 0x01660000,
	0x01020000, 0x017d0000, 0x90020000, 0x01830000,
	0x01020000, 0x018f0000, 0x01020000, 0x01af0000,
	0x01020000, 0x01c90000, 0x91020000, 0x01cf0000,
	0x01020000, 0x01db0000, 0x01020000, 0x01fb0000,
	0x01020000, 0x021b0000, 0x01020000, 0x023b0000,
	0x01020000, 0x025b0000, 0x01020000, 0x027b0000,
	0x01020000, 0x029b0000, 0x01020000, 0x02bb0000,
	0x01020000, 0x02db0000, 0x01020000, 0x02fb0000,
	0x01020000, 0x031b0000, 0x01020000, 0x033b0000,
	0x01020000, 0x035b0000, 0x01020000, 0x037b0000,
	0x01020000, 0x039b0000, 0x01020000, 0x03bb0000,
	0x01020000, 0x03db0000, 0x01020000, 0x03fb0000,
	0x01020000, 0x041b0000, 0x01020000, 0x043b0000,
	0x01020000, 0x045b0000, 0x01020000, 0x047b0000,
	0x01020000, 0x049b0000, 0x01020000, 0x04bb0000,
	0x01020000, 0x04db0000, 0x01020000, 0x04fb0000,
	0x01020000, 0x051b0000, 0x01020000, 0x053b0000,
	0x01020000, 0x055b0000, 0x01020000, 0x057b0000,
	0x01020000, 0x059b0000, 0x01020000, 0x05bb0000,
	0x01020000, 0x05db0000, 0x01020000, 0x05fb0000,
	0x01020000, 0x061b0000, 0x01020000, 0x063b0000,
	0x01020000, 0x065b0000, 0x01020000, 0x067b0000,
	0x01020000, 0x069b0000, 0x01020000, 0x06bb0000,
	0x01020000, 0x06db0000, 0x01020000, 0x06fb0000,
	0x01020000, 0x071b0000, 0x01020000, 0x073b0000,
	0x01020000, 0x075b0000, 0x01020000, 0x077b0000,
	0x01020000, 0x079b0000, 0x01020000, 0x07bb0000,
	0x01020000, 0x07db0000, 0x01020000, 0x07fb0000,
	0x01020000, 0x081b0000, 0x01020000, 0x083b0000,
	0x01020000, 0x085b0000, 0x01020000, 0x087b0000,
	0x01020000, 0x089b0000, 0x01020000, 0x08bb0000,
	0x01020000, 0x08db0000, 0x01020000, 0x08fb0000,
	0x01020000, 0x091b0000, 0x01020000, 0x093b0000,
	0x01020000, 0x095b0000, 0x01020000, 0x097b0000,
	0x01020000, 0x099b0000, 0x01020000, 0x09be0000,
	0x01020000, 0x09d90000, 0x92020000, 0x09df0000,
	0x01020000, 0x09eb0000, 0x01020000, 0x0a0b0000,
	0x01020000, 0x0a210000, 0x93020000, 0x0a270000,
	0x01020000, 0x0a330000, 0x01020000, 0x0a450000,
	0x01020000, 0x0a670000, 0x01020000, 0x0a880000,
	0x01020000, 0x0aae0000, 0x01020000, 0x0ac40000,
	0x01020000, 0x0ad00000, 0x01020000, 0x0ae50000,
	0x94020000, 0x0aeb0000, 0x01020000, 0x0af70000,
	0x01020000, 0x0b170000, 0x01020000, 0x0b370000,
	0x01020000, 0x0b570000, 0x01020000, 0x0b770000,
	0x01020000, 0x0b970000, 0x01020000, 0x0bb70000,
	0x01020000, 0x0bd70000, 0x01020000, 0x0bf70000,
	0x01020000, 0x0c170000, 0x01020000, 0x0c370000,
	0x01020000, 0x0c570000, 0x01020000, 0x0c770000,
	0x01020000, 0x0c970000, 0x01020000, 0x0cb70000,
	0x01020000, 0x0cd70000, 0x01020000, 0x0cf70000,
	0x01020000, 0x0d170000, 0x01020000, 0x0d370000,
	0x01020000, 0x0d570000, 0x01020000, 0x0d770000,
	0x01020000, 0x0d970000, 0x01020000, 0x0db70000,
	0x01020000, 0x0dd70000, 0x01020000, 0x0dfa0000,
	0x01020000, 0x0e160000, 0x95020000, 0x0e1c0000,
	0x01020000, 0x0e280000, 0x01020000, 0x0e480000,
	0x01020000, 0x0e680000, 0x01020000, 0x0e880000,
	0x01020000, 0x0ea80000, 0x01020000, 0x0ec80000,
	0x01020000, 0x0ee80000, 0x01020000, 0x0f080000,
	0x01020000, 0x0f280000, 0x01020000, 0x0f480000,
	0x01020000, 0x0f680000, 0x01020000, 0x0f880000,
	0x01020000, 0x0fa80000, 0x01020000, 0x0fc80000,
	0x01020000, 0x0fe80000, 0x01020000, 0x10080000,
	0x01020000, 0x10280000, 0x01020000, 0x10480000,
	0x01020000, 0x10680000, 0x01020000, 0x10880000,
	0x01020000, 0x10a80000, 0x01020000, 0x10c80000,
	0x01020000, 0x10e80000, 0x01020000, 0x11080000,
	0x01020000, 0x112b0000, 0x01020000, 0x11470000,
	0x96020000, 0x114d0000, 0x01020000, 0x11590000,
	0x01020000, 0x11790000, 0x01020000, 0x118e0000,
	0x97020000, 0x11940000, 0x01020000, 0x11a00000,
	0x01020000, 0x11b20000, 0x01020000, 0x11d20000,
	0x01020000, 0x11f30000, 0x01020000, 0x12150000,
	0x01020000, 0x12350000, 0x01020000, 0x125a0000,
	0x01020000, 0x12700000, 0x01020000, 0x127c0000,
	0x01020000, 0x12910000, 0x98020000, 0x12970000,
	0x01020000, 0x12a30000, 0x01020000, 0x12b50000,
	0x01020000, 0x12d50000, 0x01020000, 0x12f60000,
	0x01020000, 0x13170000, 0x01020000, 0x133b0000,
	0x01020000, 0x13510000, 0x01020000, 0x135d0000,
	0x01020000, 0x13720000, 0x99020000, 0x13780000,
	0x01020000, 0x13840000, 0x01020000, 0x13a40000,
	0x01020000, 0x13b60000, 0x01020000, 0x13da0000,
	0x01020000, 0x13fe0000, 0x01020000, 0x14200000,
	0x01020000, 0x14430000, 0x01020000, 0x14660000,
	0x01020000, 0x14870000, 0x01020000, 0x14a90000,
	0x01020000, 0x14cf0000, 0x01020000, 0x14f50000,
	0x01020000, 0x15150000, 0x01020000, 0x15340000,
	0x01020000, 0x15530000, 0x01020000, 0x15720000,
	0x01020000, 0x15910000, 0x01020000, 0x159d0000,
	0x01020000, 0x15b70000, 0x01020000, 0x15ca0000,
	0x9a020000, 0x15d30000, 0x01020000, 0x15df0000,
	0x01020000, 0x15f20000, 0x9b020000, 0x15fb0000,
	0x01020000, 0x16070000, 0x01020000, 0x161a0000,
	0x70020000, 0x162d0000, 0x01020000, 0x16450000,
	0x71020000, 0x16550000, 0x01020000, 0x16670000,
	0x01020000, 0x168d0000, 0x01020000, 0x16ab0000,
	0x01020000, 0x16c90000, 0x01020000, 0x16e70000,
	0x01020000, 0x17050000, 0x01020000, 0x17270000,
	0x01020000, 0x17450000, 0x01020000, 0x17630000,
	0x01020000, 0x17820000, 0x01020000, 0x17a10000,
	0x01020000, 0x17bf0000, 0x01020000, 0x17dd0000,
	0x01020000, 0x17fb0000, 0x01020000, 0x181a0000,
	0x01020000, 0x18390000, 0x01020000, 0x185c0000,
	0x01020000, 0x187f0000, 0x01020000, 0x18a60000,
	0x01020000, 0x18bc0000, 0x72020000, 0x18c20000,
	0x01020000, 0x18ce0000, 0x01020000, 0x18ee0000,
	0x01020000, 0x19000000, 0x9c020000, 0x19060000,
	0x01020000, 0x19120000, 0x01020000, 0x19320000,
	0x01020000, 0x19450000, 0x9d020000, 0x194b0000,
	0x01020000, 0x19570000, 0x01020000, 0x19770000,
	0x01020000, 0x198a0000, 0x9e020000, 0x19900000,
	0x01020000, 0x199c0000, 0x01020000, 0x19b10000,
	0x9f020000, 0x19c10000, 0x01020000, 0x19d60000,
	0xa0020000, 0x19e60000, 0x01020000, 0x19fb0000,
	0xa1020000, 0x1a0b0000, 0x01020000, 0x1a200000,
	0xa2020000, 0x1a300000, 0x01020000, 0x1a400000,
	0xa3020000, 0x1a460000, 0xa3020000, 0x1a4c0000,
	0x02020000, 0x1a520000, 0x01020000, 0x1a580000,
	0x01020000, 0x1a5e0000, 0x01020000, 0x1a640000,
	0x01020000, 0x1a700000, 0x01020000, 0x1a890000,
	0xa4020000, 0x1a990000, 0x01020000, 0x1aae0000,
	0xa5020000, 0x1abe0000, 0x01020000, 0x1ad00000,
	0xa6020000, 0x1ad60000, 0xa6020000, 0x1adc0000,
	0x02020000, 0x1ae20000, 0x01020000, 0x1ae80000,
	0x01020000, 0x1aee0000, 0x01020000, 0x1af40000,
	0x01020000, 0x1afa0000, 0x01020000, 0x1b000000,
	0x01020000, 0x1b0c0000, 0x01020000, 0x1b2f0000,
	0x01020000, 0x1b3f0000, 0xa7020000, 0x1b450000,
	0xa7020000, 0x1b4b0000, 0x02020000, 0x1b510000,
	0x01020000, 0x1b570000, 0x01020000, 0x1b630000,
	0x01020000, 0x1b860000, 0x01020000, 0x1b9c0000,
	0xa8020000, 0x1bac0000, 0x01020000, 0x1bc00000,
	0xa9020000, 0x1bc60000, 0xa9020000, 0x1bcc0000,
	0x02020000, 0x1bd20000, 0x01020000, 0x1bde0000,
	0x01020000, 0x1bf40000, 0xaa020000, 0x1bfa0000,
	0xaa020000, 0x1c000000, 0x02020000, 0x1c060000,
	0x01020000, 0x1c0c0000, 0x01020000, 0x1c180000,
	0x01020000, 0x1c2a0000, 0xab020000, 0x1c300000,
	0xab020000, 0x1c360000, 0x02020000, 0x1c3c0000,
	0x01020000, 0x1c480000, 0x01020000, 0x1c6b0000,
	0x01020000, 0x1c8b0000, 0x01020000, 0x1cab0000,
	0x01020000, 0x1ccb0000, 0x01020000, 0x1cdd0000,
	0x01020000, 0x1cea0000, 0x01020000, 0x1d000000,
	0x01020000, 0x1d0a0000, 0x01020000, 0x1d200000,
	0x01020000, 0x1d2e0000, 0x01020000, 0x1d440000,
	0x01020000, 0x1d680000, 0x01020000, 0x1d790000,
	0xac020000, 0x1d7f0000, 0x01020000, 0x1d8b0000,
	0x01020000, 0x1da10000, 0xad020000, 0x1db40000,
	0x01020000, 0x1dc70000, 0xae020000, 0x1dcd0000,
	0xae020000, 0x1dd30000, 0x02020000, 0x1e480000,
	0x01020000, 0x1e4e0000, 0x01020000, 0x1e5a0000,
	0x01020000, 0x1e790000, 0x01020000, 0x1e970000,
	0x01020000, 0x1eb50000, 0x01020000, 0x1ed20000,
	0x01020000, 0x1eef0000, 0x01020000, 0x1f0f0000,
	0x01020000, 0x1f2e0000, 0x01020000, 0x1f550000,
	0x01020000, 0x1f6d0000, 0xb3020000, 0x1f730000,
	0xb3020000, 0x1f790000, 0x02020000, 0x1f7f0000,
	0x01020000, 0x1f8b0000, 0x01020000, 0x1fad0000,
	0x01020000, 0x1fce0000, 0x01020000, 0x1fe40000,
	0xb5020000, 0x1fea0000, 0xb5020000, 0x1ff00000,
	0x02020000, 0x20350000, 0x01020000, 0x20410000,
	0x01020000, 0x20600000, 0x01020000, 0x20840000,
	0x01020000, 0x20ad0000, 0x01020000, 0x20ca0000,
	0x01020000, 0x20eb0000, 0x01020000, 0x20fd0000,
	0x01020000, 0x211d0000, 0x01020000, 0x21330000,
	0x01020000, 0x213f0000, 0x01020000, 0x215f0000,
	0x01020000, 0x21710000, 0x01020000, 0x217b0000,
	0x01020000, 0x21910000, 0x01020000, 0x219b0000,
	0x01020000, 0x21b50000, 0x01020000, 0x21c70000,
	0x01020000, 0x21e60000, 0x01020000, 0x22050000,
	0x01020000, 0x22240000, 0x01020000, 0x22480000,
	0x01020000, 0x225a0000, 0x01020000, 0x22790000,
	0x01020000, 0x22980000, 0x01020000, 0x22b70000,
	0x01020000, 0x22db0000, 0x01020000, 0x22ed0000,
	0x01020000, 0x22fb0000, 0x01020000, 0x23110000,
	0x01020000, 0x23200000, 0x01020000, 0x23360000,
	0x01020000, 0x23440000, 0x01020000, 0x235e0000,
	0x01020000, 0x23810000, 0x01020000, 0x23a10000,
	0x01020000, 0x23af0000, 0x01020000, 0x23c50000,
	0x01020000, 0x23d30000, 0x01020000, 0x23e90000,
	0x01020000, 0x23fa0000, 0x01020000, 0x24100000,
	0x01020000, 0x24210000, 0x01020000, 0x24370000,
	0x01020000, 0x24460000, 0x01020000, 0x24600000,
	0x01020000, 0x24720000, 0x01020000, 0x24980000,
	0x01020000, 0x24aa0000, 0x01020000, 0x24c00000,
	0x01020000, 0x24e30000, 0x01020000, 0x25060000,
	0x01020000, 0x25180000, 0x01020000, 0x25270000,
	0x01020000, 0x253d0000, 0x01020000, 0x254b0000,
	0x01020000, 0x25610000, 0x01020000, 0x256f0000,
	0x01020000, 0x25850000, 0x01020000, 0x25930000,
	0x01020000, 0x25a90000, 0x01020000, 0x25b70000,
	0x01020000, 0x25d10000, 0x01020000, 0x25e30000,
	0x01020000, 0x26010000, 0x01020000, 0x261f0000,
	0x01020000, 0x26410000, 0x01020000, 0x26530000,
	0x01020000, 0x26710000, 0x01020000, 0x268f0000,
	0x01020000, 0x26b10000, 0x01020000, 0x26c30000,
	0x01020000, 0x26d50000, 0x01020000, 0x26eb0000,
	0x01020000, 0x26fb0000, 0x01020000, 0x27110000,
	0x01020000, 0x27210000, 0x01020000, 0x27370000,
	0x01020000, 0x27490000, 0x01020000, 0x275f0000,
	0x01020000, 0x276f0000, 0x01020000, 0x27850000,
	0x01020000, 0x27950000, 0x01020000, 0x27ab0000,
	0x01020000, 0x27bc0000, 0x01020000, 0x27d20000,
	0x01020000, 0x27e10000, 0x01020000, 0x27f70000,
	0x01020000, 0x28060000, 0x01020000, 0x281c0000,
	0x01020000, 0x282e0000, 0x01020000, 0x28440000,
	0x01020000, 0x28540000, 0x01020000, 0x286a0000,
	0x01020000, 0x287a0000, 0x01020000, 0x28900000,
	0x01020000, 0x289f0000, 0x01020000, 0x28b50000,
	0x01020000, 0x28c20000, 0x01020000, 0x28d80000,
	0x01020000, 0x28e50000, 0x01020000, 0x28ff0000,
	0x01020000, 0x29110000, 0x01020000, 0x29250000,
	0x01020000, 0x293b0000, 0x01020000, 0x29610000,
	0x01020000, 0x29870000, 0x01020000, 0x29ad0000,
	0x01020000, 0x29d20000, 0x01020000, 0x29f50000,
	0x01020000, 0x2a190000, 0x01020000, 0x2a3f0000,
	0x01020000, 0x2a670000, 0x01020000, 0x2a860000,
	0x01020000, 0x2aa50000, 0x01020000, 0x2ac90000,
	0x01020000, 0x2aed0000, 0x01020000, 0x2b120000,
	0x01020000, 0x2b240000, 0x01020000, 0x2b430000,
	0x01020000, 0x2b540000, 0x01020000, 0x2b6a0000,
	0x01020000, 0x2b8e0000, 0x01020000, 0x2b9d0000,
	0x01020000, 0x2bb30000, 0x01020000, 0x2bd70000,
	0x01020000, 0x2bfd0000, 0x01020000, 0x2c200000,
	0x01020000, 0x2c470000, 0x01020000, 0x2c670000,
	0x01020000, 0x2c870000, 0x01020000, 0x2c990000,
	0x01020000, 0x2cbd0000, 0x01020000, 0x2ce10000,
	0x01020000, 0x2d030000, 0x01020000, 0x2d240000,
	0x01020000, 0x2d350000, 0x01020000, 0x2d4b0000,
	0x01020000, 0x2d5c0000, 0x01020000, 0x2d720000,
	0x01020000, 0x2d940000, 0x01020000, 0x2db60000,
	0x01020000, 0x2dd50000, 0x01020000, 0x2df40000,
	0x01020000, 0x2e150000, 0x01020000, 0x2e370000,
	0x01020000, 0x2e580000, 0x01020000, 0x2e7d0000,
	0x01020000, 0x2ea70000, 0x01020000, 0x2ec70000,
	0x01020000, 0x2ee70000, 0x01020000, 0x2ef90000,
	0x01020000, 0x2f070000, 0x01020000, 0x2f1d0000,
	0x01020000, 0x2f2b0000, 0x01020000, 0x2f410000,
	0x01020000, 0x2f540000, 0x01020000, 0x2f6a0000,
	0x01020000, 0x2f770000, 0x01020000, 0x2f8d0000,
	0x01020000, 0x2fb20000, 0x01020000, 0x2fc60000,
	0xb7020000, 0x2fcc0000, 0x01020000, 0x2fd80000,
	0x01020000, 0x2fee0000, 0xb8020000, 0x2ff40000,
	0xb8020000, 0x2ffa0000, 0x02020000, 0x300f0000,
	0x01020000, 0x301b0000, 0x01020000, 0x303b0000,
	0x01020000, 0x305b0000, 0x01020000, 0x30770000,
	0x01020000, 0x30830000, 0x01020000, 0x30a40000,
	0x01020000, 0x30c40000, 0x01020000, 0x30d90000,
	0xba020000, 0x30e90000, 0x01020000, 0x31000000,
	0xbb020000, 0x31100000, 0x01020000, 0x31280000,
	0xbc020000, 0x31380000, 0x01020000, 0x314d0000,
	0xbd020000, 0x315d0000, 0x01020000, 0x31740000,
	0xbe020000, 0x31840000, 0x01020000, 0x31960000,
	0xbf020000, 0x31a60000, 0x01020000, 0x31bb0000,
	0xc0020000, 0x31cb0000, 0x01020000, 0x31df0000,
	0xb9020000, 0x31e50000, 0xb9020000, 0x31eb0000,
	0x02020000, 0x32500000, 0x01020000, 0x32560000,
	0x01020000, 0x325c0000, 0x01020000, 0x32620000,
	0x01020000, 0x32680000, 0x01020000, 0x326e0000,
	0x01020000, 0x32740000, 0x01020000, 0x327a0000,
	0x01020000, 0x32800000, 0x01020000, 0x32860000,
	0x01020000, 0x32920000, 0x01020000, 0x32b20000,
	0x01020000, 0x32d30000, 0x01020000, 0x32f40000,
	0x01020000, 0x33040000, 0xc9020000, 0x33140000,
	0x01020000, 0x33340000, 0x01020000, 0x33460000,
	0x01020000, 0x33530000, 0x01020000, 0x33690000,
	0x01020000, 0x338b0000, 0x01020000, 0x33ad0000,
	0x01020000, 0x33d20000, 0x01020000, 0x33f20000,
	0x01020000, 0x341e0000, 0x01020000, 0x34340000,
	0x01020000, 0x34400000, 0x01020000, 0x34560000,
	0xca020000, 0x345c0000, 0x01020000, 0x34680000,
	0x01020000, 0x347d0000, 0x75020000, 0x34830000,
	0x75020000, 0x34890000, 0x02020000, 0x351e0000,
	0x01020000, 0x35240000, 0x01020000, 0x352a0000,
	0x01020000, 0x35300000, 0x01020000, 0x353c0000,
	0x01020000, 0x355b0000, 0x01020000, 0x35780000,
	0x01020000, 0x35950000, 0x01020000, 0x35b80000,
	0x01020000, 0x35d80000, 0x01020000, 0x35fc0000,
	0x01020000, 0x36110000, 0x76020000, 0x36170000,
	0x76020000, 0x361d0000, 0x02020000, 0x36230000,
	0x01020000, 0x36290000, 0x01020000, 0x362f0000,
	0x01020000, 0x363b0000, 0x01020000, 0x365c0000,
	0x01020000, 0x367b0000, 0x01020000, 0x369e0000,
	0x01020000, 0x36bf0000, 0x01020000, 0x36e00000,
	0x01020000, 0x37000000, 0x01020000, 0x37130000,
	0xcb020000, 0x37190000, 0xcb020000, 0x371f0000,
	0x02020000, 0x37440000, 0x01020000, 0x374a0000,
	0x01020000, 0x37500000, 0x01020000, 0x37560000,
	0x01020000, 0x375c0000, 0x01020000, 0x37620000,
	0x01020000, 0x376e0000, 0x01020000, 0x37930000,
	0x01020000, 0x37aa0000, 0xcd020000, 0x37ba0000,
	0x01020000, 0x37cf0000, 0x78020000, 0x37df0000,
	0x01020000, 0x37f40000, 0x79020000, 0x38040000,
	0x01020000, 0x38150000, 0xc7020000, 0x381b0000,
	0xc7020000, 0x38210000, 0x02020000, 0x38560000,
	0x01020000, 0x385c0000, 0x01020000, 0x38620000,
	0x01020000, 0x38680000, 0x01020000, 0x386e0000,
	0x01020000, 0x387a0000, 0x01020000, 0x389c0000,
	0x01020000, 0x38bf0000, 0x01020000, 0x38d90000,
	0x01020000, 0x38e50000, 0x01020000, 0x38f70000,
	0x01020000, 0x39150000, 0x01020000, 0x39330000,
	0x01020000, 0x39510000, 0x01020000, 0x39730000,
	0x01020000, 0x39910000, 0x01020000, 0x399d0000,
	0x01020000, 0x39b90000, 0x01020000, 0x39c90000,
	0x01020000, 0x39db0000, 0x01020000, 0x39e80000,
	0x01020000, 0x39fe0000, 0x01020000, 0x3a0e0000,
	0x01020000, 0x3a240000, 0x01020000, 0x3a460000,
	0x01020000, 0x3a670000, 0x01020000, 0x3a890000,
	0x01020000, 0x3aab0000, 0x01020000, 0x3ad00000,
	0x01020000, 0x3af10000, 0x01020000, 0x3b150000,
	0x01020000, 0x3b2a0000, 0x01020000, 0x3b400000,
	0x01020000, 0x3b550000, 0x01020000, 0x3b6f0000,
	0x01020000, 0x3b850000, 0x01020000, 0x3b910000,
	0x01020000, 0x3ba40000, 0xd4020000, 0x3baa0000,
	0x01020000, 0x3bb60000, 0x01020000, 0x3bc80000,
	0x79020000, 0x3bce0000, 0x79020000, 0x3bd40000,
	0x02020000, 0x3c090000, 0x01020000, 0x3c0f0000,
	0x01020000, 0x3c150000, 0x01020000, 0x3c1b0000,
	0x01020000, 0x3c210000, 0x01020000, 0x3c270000,
	0x01020000, 0x3c330000, 0x01020000, 0x3c560000,
	0x01020000, 0x3c720000, 0x01020000, 0x3c7e0000,
	0x01020000, 0x3c980000, 0x01020000, 0x3ca80000,
	0x01020000, 0x3cba0000, 0x78020000, 0x3cc00000,
	0x78020000, 0x3cc60000, 0x02020000, 0x3d2b0000,
	0x01020000, 0x3d310000, 0x01020000, 0x3d370000,
	0x01020000, 0x3d430000, 0x01020000, 0x3d610000,
	0x01020000, 0x3d7f0000, 0x01020000, 0x3d9d0000,
	0x01020000, 0x3db70000, 0x01020000, 0x3dc70000,
	0x01020000, 0x3ddf0000, 0xe3020000, 0x3def0000,
	0x01020000, 0x3e020000, 0x7a020000, 0x3e080000,
	0x7a020000, 0x3e0e0000, 0x02020000, 0x3e330000,
	0x01020000, 0x3e390000, 0x01020000, 0x3e3f0000,
	0x01020000, 0x3e450000, 0x01020000, 0x3e4b0000,
	0x01020000, 0x3e570000, 0x01020000, 0x3e740000,
	0x01020000, 0x3e8e0000, 0x01020000, 0x3e9e0000,
	0x01020000, 0x3eb00000, 0x01020000, 0x3ec20000,
	0x01020000, 0x3ed80000, 0x01020000, 0x3ee80000,
	0x01020000, 0x3efe0000, 0x01020000, 0x3f230000,
	0x01020000, 0x3f4c0000, 0x01020000, 0x3f740000,
	0x01020000, 0x3f9b0000, 0x01020000, 0x3fc20000,
	0x01020000, 0x3fed0000, 0x01020000, 0x40110000,
	0x01020000, 0x403a0000, 0x01020000, 0x40630000,
	0x01020000, 0x40880000, 0x01020000, 0x40ae0000,
	0x01020000, 0x40d70000, 0x01020000, 0x40ff0000,
	0x01020000, 0x412b0000, 0x01020000, 0x415b0000,
	0x01020000, 0x41710000, 0x01020000, 0x417d0000,
	0x01020000, 0x418f0000, 0x01020000, 0x41b80000,
	0x01020000, 0x41c90000, 0x01020000, 0x41e30000,
	0x01020000, 0x41fd0000, 0xe4020000, 0x42030000,
	0x01020000, 0x420f0000, 0x01020000, 0x42320000,
	0x01020000, 0x424b0000, 0xe5020000, 0x42510000,
	0x01020000, 0x425d0000, 0x01020000, 0x42750000,
	0xe6020000, 0x42880000, 0x01020000, 0x42a20000,
	0xe7020000, 0x42b20000, 0x01020000, 0x42c70000,
	0x7b020000, 0x42d70000, 0x01020000, 0x42ec0000,
	0x7c020000, 0x42fc0000, 0x01020000, 0x43110000,
	0xde020000, 0x43170000, 0xde020000, 0x431d0000,
	0x02020000, 0x43820000, 0x01020000, 0x43880000,
	0x01020000, 0x438e0000, 0x01020000, 0x43940000,
	0x01020000, 0x439a0000, 0x01020000, 0x43a00000,
	0x01020000, 0x43a60000, 0x01020000, 0x43b20000,
	0x01020000, 0x43cc0000, 0x01020000, 0x43d80000,
	0x01020000, 0x43f20000, 0x01020000, 0x43fe0000,
	0x01020000, 0x441f0000, 0x01020000, 0x443f0000,
	0x01020000, 0x44630000, 0x01020000, 0x44830000,
	0x01020000, 0x44a10000, 0x01020000, 0x44bd0000,
	0x01020000, 0x44cd0000, 0x01020000, 0x44df0000,
	0x7c020000, 0x44e50000, 0x7c020000, 0x44eb0000,
	0x02020000, 0x45100000, 0x01020000, 0x451c0000,
	0x01020000, 0x452e0000, 0x7b020000, 0x45340000,
	0x7b020000, 0x453a0000, 0x02020000, 0x455f0000,
	0x01020000, 0x45650000, 0x01020000, 0x45710000,
	0x01020000, 0x45870000, 0x7d020000, 0x45970000,
	0x01020000, 0x45ad0000, 0x7e020000, 0x45bd0000,
	0x01020000, 0x45d40000, 0xec020000, 0x45e40000,
	0x01020000, 0x45fb0000, 0xed020000, 0x460b0000,
	0x01020000, 0x46220000, 0xee020000, 0x46320000,
	0x01020000, 0x464a0000, 0xef020000, 0x465a0000,
	0x01020000, 0x46700000, 0xd6020000, 0x46760000,
	0xd6020000, 0x467c0000, 0x02020000, 0x46c10000,
	0x01020000, 0x46c70000, 0x01020000, 0x46cd0000,
	0x01020000, 0x46d30000, 0x01020000, 0x46d90000,
	0x01020000, 0x46df0000, 0x01020000, 0x46e50000,
	0x01020000, 0x46eb0000, 0x01020000, 0x46f10000,
	0x01020000, 0x46f70000, 0x01020000, 0x46fd0000,
	0x01020000, 0x47030000, 0x01020000, 0x47090000,
	0x01020000, 0x470f0000, 0x01020000, 0x471b0000,
	0x01020000, 0x47350000, 0x01020000, 0x47410000,
	0x01020000, 0x47620000, 0x01020000, 0x47830000,
	0x01020000, 0x47a10000, 0x01020000, 0x47be0000,
	0x01020000, 0x47d80000, 0x01020000, 0x47e40000,
	0x01020000, 0x48000000, 0x01020000, 0x48100000,
	0x01020000, 0x482a0000, 0xf1020000, 0x483a0000,
	0x01020000, 0x484d0000, 0x7e020000, 0x48530000,
	0x7e020000, 0x48590000, 0x02020000, 0x487e0000,
	0x01020000, 0x48840000, 0x01020000, 0x488a0000,
	0x01020000, 0x48900000, 0x01020000, 0x48960000,
	0x01020000, 0x489c0000, 0x01020000, 0x48a20000,
	0x01020000, 0x48a80000, 0x01020000, 0x48ae0000,
	0x01020000, 0x48b40000, 0x01020000, 0x48ba0000,
	0x01020000, 0x48c00000, 0x01020000, 0x48cc0000,
	0x01020000, 0x48ef0000, 0x01020000, 0x490e0000,
	0x01020000, 0x49320000, 0x01020000, 0x494e0000,
	0x01020000, 0x495e0000, 0x01020000, 0x49700000,
	0x01020000, 0x49830000, 0x7d020000, 0x49890000,
	0x7d020000, 0x498f0000, 0x02020000, 0x4a140000,
	0x01020000, 0x4a1a0000, 0x01020000, 0x4a200000,
	0x01020000, 0x4a260000, 0x01020000, 0x4a2c0000,
	0x01020000, 0x4a380000, 0x01020000, 0x4a5c0000,
	0x01020000, 0x4a7b0000, 0x01020000, 0x4a990000,
	0x01020000, 0x4ab70000, 0x01020000, 0x4ad50000,
	0x01020000, 0x4af30000, 0x01020000, 0x4b110000,
	0x01020000, 0x4b2e0000, 0x01020000, 0x4b4e0000,
	0x01020000, 0x4b6a0000, 0x01020000, 0x4b7a0000,
	0x01020000, 0x4b9a0000, 0x01020000, 0x4bba0000,
	0x01020000, 0x4bda0000, 0x01020000, 0x4bec0000,
	0x01020000, 0x4bf90000, 0x01020000, 0x4c0f0000,
	0x01020000, 0x4c310000, 0x01020000, 0x4c500000,
	0x01020000, 0x4c6f0000, 0x01020000, 0x4c950000,
	0x01020000, 0x4cbc0000, 0x01020000, 0x4ccb0000,
	0x01020000, 0x4ce10000, 0x01020000, 0x4d040000,
	0x01020000, 0x4d2c0000, 0x01020000, 0x4d400000,
	0x01020000, 0x4d5a0000, 0x01020000, 0x4d700000,
	0x01020000, 0x4d7c0000, 0x01020000, 0x4d900000,
	0xfb020000, 0x4d960000, 0x01020000, 0x4da20000,
	0x01020000, 0x4db50000, 0x7f020000, 0x4dbb0000,
	0x7f020000, 0x4dc10000, 0x02020000, 0x4e060000,
	0x01020000, 0x4e0c0000, 0x01020000, 0x4e120000,
	0x01020000, 0x4e180000, 0x01020000, 0x4e1e0000,
	0x01020000, 0x4e240000, 0x01020000, 0x4e2a0000,
	0x01020000, 0x4e300000, 0x01020000, 0x4e360000,
	0x01020000, 0x4e3c0000, 0x01020000, 0x4e480000,
	0x01020000, 0x4e680000, 0x01020000, 0x4e8a0000,
	0x01020000, 0x4eae0000, 0x01020000, 0x4ed10000,
	0x01020000, 0x4ee30000, 0x81020000, 0x4ef30000,
	0x01020000, 0x4f050000, 0x82020000, 0x4f150000,
	0x01020000, 0x4f270000, 0xd7020000, 0x4f2d0000,
	0xd7020000, 0x4f330000, 0x02020000, 0x4f780000,
	0x01020000, 0x4f7e0000, 0x01020000, 0x4f840000,
	0x01020000, 0x4f8a0000, 0x01020000, 0x4f900000,
	0x01020000, 0x4f960000, 0x01020000, 0x4f9c0000,
	0x01020000, 0x4fa80000, 0x01020000, 0x4fc20000,
	0x01020000, 0x4fce0000, 0x01020000, 0x4fef0000,
	0x01020000, 0x500d0000, 0x01020000, 0x502a0000,
	0x01020000, 0x50460000, 0x01020000, 0x50520000,
	0x01020000, 0x506c0000, 0x01020000, 0x507c0000,
	0x01020000, 0x508b0000, 0x82020000, 0x50910000,
	0x82020000, 0x50970000, 0x02020000, 0x50cc0000,
	0x01020000, 0x50d20000, 0x01020000, 0x50d80000,
	0x01020000, 0x50de0000, 0x01020000, 0x50e40000,
	0x01020000, 0x50ea0000, 0x01020000, 0x50f00000,
	0x01020000, 0x50f60000, 0x01020000, 0x50fc0000,
	0x01020000, 0x51020000, 0x01020000, 0x510e0000,
	0x01020000, 0x512f0000, 0x01020000, 0x51490000,
	0x01020000, 0x51590000, 0x01020000, 0x516b0000,
	0x01020000, 0x517a0000, 0x81020000, 0x51800000,
	0x81020000, 0x51860000, 0x02020000, 0x521b0000,
	0x01020000, 0x52210000, 0x01020000, 0x52270000,
	0x01020000, 0x52330000, 0x01020000, 0x52510000,
	0x01020000, 0x526f0000, 0x01020000, 0x528d0000,
	0x01020000, 0x52b10000, 0x01020000, 0x52ce0000,
	0x01020000, 0x52ee0000, 0x01020000, 0x530a0000,
	0x01020000, 0x531a0000, 0x01020000, 0x532c0000,
	0x84020000, 0x533c0000, 0x01020000, 0x534e0000,
	0x85020000, 0x535e0000, 0x01020000, 0x53740000,
	0xfe020000, 0x53840000, 0x01020000, 0x53990000,
	0xc5020000, 0x539f0000, 0xc5020000, 0x53a50000,
	0x02020000, 0x53ca0000, 0x01020000, 0x53d00000,
	0x01020000, 0x53d60000, 0x01020000, 0x53dc0000,
	0x01020000, 0x53e20000, 0x01020000, 0x53ee0000,
	0x01020000, 0x54130000, 0x01020000, 0x54310000,
	0x01020000, 0x543d0000, 0x01020000, 0x54590000,
	0x01020000, 0x54690000, 0x01020000, 0x54780000,
	0x85020000, 0x547e0000, 0x85020000, 0x54840000,
	0x02020000, 0x54b90000, 0x01020000, 0x54bf0000,
	0x01020000, 0x54c50000, 0x01020000, 0x54d10000,
	0x01020000, 0x54f10000, 0x01020000, 0x55160000,
	0x01020000, 0x55250000, 0x84020000, 0x552b0000,
	0x84020000, 0x55310000, 0x02020000, 0x55860000,
	0x01020000, 0x558c0000, 0x01020000, 0x55980000,
	0x01020000, 0x55b60000, 0x01020000, 0x55d40000,
	0x01020000, 0x55f60000, 0x01020000, 0x56080000,
	0x01020000, 0x56160000, 0x01020000, 0x562c0000,
	0x01020000, 0x564e0000, 0x01020000, 0x56740000,
	0x01020000, 0x56840000, 0xff020000, 0x568a0000,
	0x01020000, 0x56960000, 0x01020000, 0x56ab0000,
	0x00020000, 0x56b10001, 0x00020000, 0x56b70001,
	0x02020000, 0x570c0000, 0x01020000, 0x57120000,
	0x01020000, 0x57180000, 0x01020000, 0x571e0000,
	0x01020000, 0x57240000, 0x01020000, 0x57300000,
	0x01020000, 0x574d0000, 0x01020000, 0x576e0000,
	0x01020000, 0x57910000, 0x01020000, 0x57b80000,
	0x01020000, 0x57cc0000, 0xd5020000, 0x57d20000,
	0xd5020000, 0x57d80000, 0x02020000, 0x58030000,
	0x01020000, 0x581d0000, 0x01020000, 0x582d0000,
	0x01020000, 0x58420000, 0x04020000, 0x58480001,
	0x04020000, 0x584e0001, 0x02020000, 0x58540000,
	0x01020000, 0x58600000, 0x01020000, 0x58810000,
	0x01020000, 0x589f0000, 0x01020000, 0x58af0000,
	0x01020000, 0x58c00000, 0xe2020000, 0x58c60000,
	0xe2020000, 0x58cc0000, 0x02020000, 0x59810000,
	0x01020000, 0x59870000, 0x01020000, 0x59930000,
	0x01020000, 0x59ad0000, 0x01020000, 0x59b90000,
	0x01020000, 0x59dd0000, 0x01020000, 0x59fb0000,
	0x01020000, 0x5a200000, 0x01020000, 0x5a3f0000,
	0x01020000, 0x5a5f0000, 0x01020000, 0x5a7d0000,
	0x01020000, 0x5a9b0000, 0x01020000, 0x5ac20000,
	0x01020000, 0x5ae70000, 0x01020000, 0x5b0a0000,
	0x01020000, 0x5b290000, 0x01020000, 0x5b480000,
	0x01020000, 0x5b650000, 0x01020000, 0x5b890000,
	0x01020000, 0x5b990000, 0x01020000, 0x5bab0000,
	0x01020000, 0x5bd30000, 0x01020000, 0x5c010000,
	0x01020000, 0x5c130000, 0x01020000, 0x5c360000,
	0x01020000, 0x5c450000, 0x01020000, 0x5c5b0000,
	0x01020000, 0x5c7e0000, 0x01020000, 0x5ca00000,
	0x01020000, 0x5caf0000, 0x01020000, 0x5cc90000,
	0x01020000, 0x5cdd0000, 0x06020000, 0x5ce60001,
	0x01020000, 0x5cf20000, 0x01020000, 0x5d030000,
	0xfa020000, 0x5d090000, 0xfa020000, 0x5d0f0000,
	0x02020000, 0x5d840000, 0x01020000, 0x5d900000,
	0x01020000, 0x5db20000, 0x01020000, 0x5dcf0000,
	0x01020000, 0x5dec0000, 0x01020000, 0x5e0b0000,
	0x01020000, 0x5e1d0000, 0x01020000, 0x5e3d0000,
	0x01020000, 0x5e5c0000, 0x01020000, 0x5e7b0000,
	0x01020000, 0x5e9a0000, 0x01020000, 0x5ebb0000,
	0x01020000, 0x5eda0000, 0x01020000, 0x5ef90000,
	0x01020000, 0x5f180000, 0x01020000, 0x5f370000,
	0x01020000, 0x5f580000, 0x01020000, 0x5f770000,
	0x01020000, 0x5f960000, 0x01020000, 0x5fb50000,
	0x01020000, 0x5fd40000, 0x01020000, 0x5ff60000,
	0x01020000, 0x60150000, 0x01020000, 0x60340000,
	0x01020000, 0x60530000, 0x01020000, 0x60720000,
	0x01020000, 0x60930000, 0x01020000, 0x60b20000,
	0x01020000, 0x60d10000, 0x01020000, 0x60f00000,
	0x01020000, 0x610f0000, 0x01020000, 0x61340000,
	0x01020000, 0x614d0000, 0x01020000, 0x615d0000,
	0x01020000, 0x616e0000, 0xd3020000, 0x61740000,
	0xd3020000, 0x617a0000, 0x02020000, 0x61ff0000,
	0x01020000, 0x62050000, 0x01020000, 0x62110000,
	0x01020000, 0x622b0000, 0x01020000, 0x62370000,
	0x01020000, 0x625a0000, 0x01020000, 0x627a0000,
	0x01020000, 0x62990000, 0x01020000, 0x62b60000,
	0x01020000, 0x62da0000, 0x01020000, 0x62f80000,
	0x01020000, 0x63080000, 0x01020000, 0x63180000,
	0xdd020000, 0x631e0000, 0xdd020000, 0x63240000,
	0x02020000, 0x634f0000, 0x01020000, 0x63690000,
	0x01020000, 0x63750000, 0x01020000, 0x63950000,
	0x01020000, 0x63b60000, 0x01020000, 0x63d70000,
	0x01020000, 0x63e50000, 0xdb020000, 0x63eb0000,
	0xdb020000, 0x63f10000, 0x02020000, 0x641c0000,
	0x01020000, 0x64360000, 0x01020000, 0x64420000,
	0x01020000, 0x64620000, 0x01020000, 0x64830000,
	0x01020000, 0x64a20000, 0x01020000, 0x64c30000,
	0x01020000, 0x64d40000, 0xdc020000, 0x64da0000,
	0xdc020000, 0x64e00000, 0x02020000, 0x653b0000,
	0x01020000, 0x65550000, 0x01020000, 0x65610000,
	0x01020000, 0x65840000, 0x01020000, 0x65a80000,
	0x01020000, 0x65bd0000, 0x14020000, 0x65c30001,
	0x14020000, 0x65c90001, 0x02020000, 0x65d50000,
	0x01020000, 0x65ef0000, 0x01020000, 0x65fb0000,
	0x01020000, 0x661c0000, 0x01020000, 0x662b0000,
	0xda020000, 0x66310000, 0xda020000, 0x66370000,
	0x02020000, 0x66920000, 0x01020000, 0x66ac0000,
	0x01020000, 0x66b80000, 0x01020000, 0x66db0000,
	0x01020000, 0x66ff0000, 0x01020000, 0x67120000,
	0x15020000, 0x67180001, 0x15020000, 0x671e0001,
	0x02020000, 0x672a0000, 0x01020000, 0x67440000,
	0x01020000, 0x67540000, 0x01020000, 0x67670000,
	0xc1020000, 0x676d0000, 0xc1020000, 0x67730000,
	0x02020000, 0x680e0000, 0x01020000, 0x68280000,
	0x01020000, 0x68340000, 0x01020000, 0x68540000,
	0x01020000, 0x68740000, 0x01020000, 0x68920000,
	0x01020000, 0x68b00000, 0x01020000, 0x68ce0000,
	0x01020000, 0x68f00000, 0x01020000, 0x69030000,
	0xc4020000, 0x69090000, 0xc4020000, 0x690f0000,
	0x02020000, 0x694a0000, 0x01020000, 0x69640000,
	0x01020000, 0x69740000, 0x01020000, 0x69850000,
	0xd2020000, 0x698b0000, 0xd2020000, 0x69910000,
	0x02020000, 0x699d0000, 0x01020000, 0x69b70000,
	0x01020000, 0x69c30000, 0x01020000, 0x69e40000,
	0x01020000, 0x6a070000, 0x01020000, 0x6a280000,
	0x01020000, 0x6a480000, 0x01020000, 0x6a580000,
	0xcf020000, 0x6a5e0000, 0xcf020000, 0x6a640000,
	0x02020000, 0x6a6a0000, 0x01020000, 0x6a700000,
	0x01020000, 0x6a760000, 0x01020000, 0x6a820000,
	0x01020000, 0x6a940000, 0x01020000, 0x6aa90000,
	0xdf020000, 0x6aaf0000, 0xdf020000, 0x6ab50000,
	0x02020000, 0x6b1a0000, 0x01020000, 0x6b260000,
	0x01020000, 0x6b470000, 0x01020000, 0x6b670000,
	0x01020000, 0x6b850000, 0x01020000, 0x6ba30000,
	0x01020000, 0x6bc60000, 0x01020000, 0x6be10000,
	0x01020000, 0x6bed0000, 0x01020000, 0x6c0d0000,
	0x01020000, 0x6c290000, 0x01020000, 0x6c390000,
	0x01020000, 0x6c4f0000, 0x17020000, 0x6c550001,
	0x17020000, 0x6c5b0001, 0x02020000, 0x6cd00000,
	0x01020000, 0x6cdc0000, 0x01020000, 0x6cfd0000,
	0x01020000, 0x6d1b0000, 0x01020000, 0x6d390000,
	0x01020000, 0x6d570000, 0x01020000, 0x6d790000,
	0x01020000, 0x6d8e0000, 0xf8020000, 0x6d940000,
	0xf8020000, 0x6d9a0000, 0x02020000, 0x6e0f0000,
	0x01020000, 0x6e1b0000, 0x01020000, 0x6e3c0000,
	0x01020000, 0x6e5a0000, 0x01020000, 0x6e780000,
	0x01020000, 0x6e960000, 0x01020000, 0x6eb80000,
	0x01020000, 0x6ec90000, 0xe0020000, 0x6ecf0000,
	0xe0020000, 0x6ed50000, 0x02020000, 0x6f8a0000,
	0x01020000, 0x6f900000, 0x01020000, 0x6f9c0000,
	0x01020000, 0x6fb60000, 0x01020000, 0x6fc20000,
	0x01020000, 0x6fe00000, 0x01020000, 0x6fec0000,
	0x01020000, 0x6ffe0000, 0x01020000, 0x701e0000,
	0x01020000, 0x703d0000, 0x01020000, 0x705c0000,
	0x01020000, 0x707b0000, 0x01020000, 0x709c0000,
	0x01020000, 0x70bb0000, 0x01020000, 0x70da0000,
	0x01020000, 0x70f90000, 0x01020000, 0x71180000,
	0x01020000, 0x71370000, 0x01020000, 0x71560000,
	0x01020000, 0x71750000, 0x01020000, 0x71980000,
	0x01020000, 0x71b00000, 0x01020000, 0x71bc0000,
	0x01020000, 0x71db0000, 0x01020000, 0x71f90000,
	0x01020000, 0x72170000, 0x01020000, 0x72350000,
	0x01020000, 0x72530000, 0x01020000, 0x72710000,
	0x01020000, 0x728f0000, 0x01020000, 0x72b40000,
	0x01020000, 0x72c50000, 0x13020000, 0x72cb0001,
	0x13020000, 0x72d10001, 0x02020000, 0x73260000,
	0x01020000, 0x732c0000, 0x01020000, 0x73380000,
	0x01020000, 0x73520000, 0x01020000, 0x735e0000,
	0x01020000, 0x737e0000, 0x01020000, 0x739d0000,
	0x01020000, 0x73c20000, 0x01020000, 0x73e70000,
	0x01020000, 0x740a0000, 0x01020000, 0x74280000,
	0x01020000, 0x74380000, 0x01020000, 0x744d0000,
	0x0e020000, 0x74530001, 0x0e020000, 0x74590001,
	0x02020000, 0x74ce0000, 0x01020000, 0x74d40000,
	0x01020000, 0x74e00000, 0x01020000, 0x74fa0000,
	0x01020000, 0x75060000, 0x01020000, 0x75260000,
	0x01020000, 0x75460000, 0x01020000, 0x75670000,
	0x01020000, 0x75870000, 0x01020000, 0x75ab0000,
	0x01020000, 0x75cc0000, 0x01020000, 0x75eb0000,
	0x01020000, 0x760c0000, 0x01020000, 0x76210000,
	0x0f020000, 0x76270001, 0x0f020000, 0x762d0001,
	0x02020000, 0x76a20000, 0x01020000, 0x76a80000,
	0x01020000, 0x76ae0000, 0x01020000, 0x76b40000,
	0x01020000, 0x76c00000, 0x01020000, 0x76da0000,
	0x01020000, 0x76e60000, 0x01020000, 0x77060000,
	0x01020000, 0x77260000, 0x01020000, 0x77470000,
	0x01020000, 0x77650000, 0x01020000, 0x77850000,
	0x01020000, 0x77a90000, 0x01020000, 0x77ca0000,
	0x01020000, 0x77e90000, 0x01020000, 0x780a0000,
	0x01020000, 0x78200000, 0x10020000, 0x78260001,
	0x10020000, 0x782c0001, 0x02020000, 0x78910000,
	0x01020000, 0x789d0000, 0x01020000, 0x78b70000,
	0x01020000, 0x78c30000, 0x01020000, 0x78e30000,
	0x01020000, 0x79030000, 0x01020000, 0x79210000,
	0x01020000, 0x79450000, 0x01020000, 0x79680000,
	0x01020000, 0x798b0000, 0x01020000, 0x79a00000,
	0x1e020000, 0x79a60001, 0x01020000, 0x79b20000,
	0x01020000, 0x79d20000, 0x01020000, 0x79e40000,
	0x01020000, 0x79f10000, 0x01020000, 0x7a070000,
	0x01020000, 0x7a2a0000, 0x01020000, 0x7a4c0000,
	0x01020000, 0x7a6c0000, 0x01020000, 0x7a8d0000,
	0x01020000, 0x7ab00000, 0x01020000, 0x7ad70000,
	0x01020000, 0x7aed0000, 0x01020000, 0x7af90000,
	0x01020000, 0x7b0d0000, 0x1f020000, 0x7b130001,
	0x01020000, 0x7b1f0000, 0x01020000, 0x7b330000,
	0x11020000, 0x7b390001, 0x11020000, 0x7b3f0001,
	0x02020000, 0x7ba40000, 0x01020000, 0x7baa0000,
	0x01020000, 0x7bb00000, 0x01020000, 0x7bbc0000,
	0x01020000, 0x7bd60000, 0x01020000, 0x7be20000,
	0x01020000, 0x7c020000, 0x01020000, 0x7c220000,
	0x01020000, 0x7c410000, 0x01020000, 0x7c5f0000,
	0x01020000, 0x7c830000, 0x01020000, 0x7ca60000,
	0x01020000, 0x7cbb0000, 0x12020000, 0x7cc10001,
	0x12020000, 0x7cc70001, 0x02020000, 0x7d3c0000,
	0x01020000, 0x7d420000, 0x01020000, 0x7d480000,
	0x01020000, 0x7d4e0000, 0x01020000, 0x7d5a0000,
	0x01020000, 0x7d740000, 0x01020000, 0x7d800000,
	0x01020000, 0x7da00000, 0x01020000, 0x7dc00000,
	0x01020000, 0x7dde0000, 0x01020000, 0x7e020000,
	0x01020000, 0x7e210000, 0x01020000, 0x7e420000,
	0x01020000, 0x7e540000, 0x1b020000, 0x7e5a0001,
	0x1b020000, 0x7e600001, 0x02020000, 0x7e660000,
	0x01020000, 0x7e6c0000, 0x01020000, 0x7e780000,
	0x01020000, 0x7e920000, 0x01020000, 0x7e9e0000,
	0x01020000, 0x7ebe0000, 0x01020000, 0x7ee20000,
	0x01020000, 0x7f000000, 0x01020000, 0x7f100000,
	0x01020000, 0x7f270000, 0xe8020000, 0x7f2d0000,
	0xe8020000, 0x7f330000, 0x02020000, 0x7f390000,
	0x01020000, 0x7f3f0000, 0x01020000, 0x7f4b0000,
	0x01020000, 0x7f690000, 0x01020000, 0x7f790000,
	0x01020000, 0x7f8b0000, 0xf7020000, 0x7f910000,
	0xf7020000, 0x7f970000, 0x02020000, 0x7ffc0000,
	0x01020000, 0x80080000, 0x01020000, 0x80290000,
	0x01020000, 0x80470000, 0x01020000, 0x80650000,
	0x01020000, 0x80870000, 0x01020000, 0x80990000,
	0x21020000, 0x809f0001, 0x21020000, 0x80a50001,
	0x02020000, 0x810a0000, 0x01020000, 0x81160000,
	0x01020000, 0x81370000, 0x01020000, 0x81550000,
	0x01020000, 0x81730000, 0x01020000, 0x81950000,
	0x01020000, 0x81a90000, 0xc3020000, 0x81af0000,
	0xc3020000, 0x81b50000, 0x02020000, 0x81c10000,
	0x01020000, 0x81e20000, 0x01020000, 0x82040000,
	0x01020000, 0x82290000, 0x01020000, 0x823e0000,
	0x22020000, 0x82510001, 0x01020000, 0x82660000,
	0xfd020000, 0x826c0000, 0xfd020000, 0x82720000,
	0x02020000, 0x82e70000, 0x01020000, 0x82ed0000,
	0x01020000, 0x82f90000, 0x01020000, 0x831a0000,
	0x01020000, 0x833c0000, 0x01020000, 0x835d0000,
	0x01020000, 0x837f0000, 0x01020000, 0x83a90000,
	0x01020000, 0x83ba0000, 0xc6020000, 0x83c00000,
	0xc6020000, 0x83c60000, 0x02020000, 0x83f10000,
	0x01020000, 0x84120000, 0x01020000, 0x84340000,
	0x01020000, 0x84540000, 0x01020000, 0x847c0000,
	0x01020000, 0x848e0000, 0x01020000, 0x84b60000,
	0x01020000, 0x84dd0000, 0x01020000, 0x85020000,
	0x01020000, 0x85270000, 0x01020000, 0x854f0000,
	0x01020000, 0x85780000, 0x01020000, 0x858d0000,
	0x26020000, 0x85930001, 0x01020000, 0x859f0000,
	0x01020000, 0x85b40000, 0x27020000, 0x85c40001,
	0x01020000, 0x85d60000, 0x25020000, 0x85dc0001,
	0x25020000, 0x85e20001, 0x02020000, 0x86670000,
	0x01020000, 0x00000000,
};
// clang-format on
