#include <libgs.h>
#include <libgte.h>

#include <dw/efe.h>
#include <dw/evl.h>
#include <dw/types.h>

// clang-format off
#if defined(VERSION_JP)
VECTOR EVL_D_80064D40 = { 0x00000000, 0x00000000, 0x00000000, 0x00000000 };

int16_t EVL_D_80063F3C[1794] = {
	0x0000, 0x0000, 0x0000, 0x0000, 0x0000, 0x0000, 0x0000, 0x0000,
	0x0000, 0x0000, 0x0000, 0x0000, 0x0000, 0x0000, 0x0000, 0x0000,
	0x0000, 0x0000, 0x0000, 0x0000, 0x0000, 0x0000, 0x0000, 0x0000,
	0x0000, 0x0000, 0x0000, 0x0000, 0x0000, 0x0000, 0x0000, 0x0000,
	0x0000, 0x0000, 0x0000, 0x0000, 0x0000, 0x0000, 0x0000, 0x0000,
	0x0000, 0x0000, 0x0000, 0x0000, 0x0000, 0x0000, 0x0000, 0x0000,
	0x0000, 0x0000, 0x0000, 0x0000, 0x0000, 0x0000, 0x96a9, 0xb696,
	0xa4c3, 0xbd92, 0x8592, 0x5bf6, 0x8285, 0x6794, 0x66a9, 0x5bbd,
	0xa6ef, 0xdd00, 0xdec4, 0x4a84, 0x2f29, 0xce56, 0xd51a, 0x2f27,
	0x841a, 0x5b2d, 0x855d, 0xa95b, 0xb04c, 0xcfdd, 0x7d4c, 0xe17d,
	0x2eeb, 0xa6cf, 0xca5b, 0xd5c8, 0xb066, 0x0ba5, 0x4c1f, 0x65c8,
	0x4c06, 0x060c, 0x690c, 0x5d5d, 0x3b89, 0x8694, 0x94b6, 0xbd96,
	0xc367, 0x2396, 0x1010, 0x8c8c, 0xc310, 0xb9a2, 0x10e7, 0xfcfc,
	0x8d8c, 0x23b9, 0x798c, 0x23fc, 0xc323, 0x238d, 0x6723, 0x9623,
	0xa9a9, 0x9296, 0x66b6, 0xa9c3, 0xf3f3, 0x85f4, 0x7389, 0xc3b6,
	0x561a, 0x67c3, 0x925b, 0x6796, 0x1a67, 0x5689, 0x1a1a, 0xc9f6,
	0x4df6, 0x2d97, 0xbdb7, 0xce2f, 0xd4ce, 0x84d4, 0x32de, 0x92de,
	0x662f, 0xa585, 0xceb0, 0x29c4, 0x3274, 0xf4a9, 0xe168, 0xa6bd,
	0x21a6, 0x210b, 0x4cc9, 0x4a4c, 0x844a, 0x1f5d, 0xde33, 0x6306,
	0x6948, 0xc80b, 0xbc06, 0x97c9, 0x7ce1, 0x23a4, 0x8c8c, 0x518c,
	0xb68c, 0x9296, 0xc392, 0xef10, 0x8c8c, 0x23c3, 0x23ef, 0xb9a4,
	0x94ec, 0xa9c3, 0xa98c, 0xc396, 0xc3ef, 0xbfdd, 0x1023, 0x1010,
	0xb6a9, 0x9627, 0xb696, 0x92a9, 0x8989, 0x66b9, 0xa992, 0x855b,
	0x7d73, 0x5bc4, 0xbda9, 0x3b96, 0xa9bf, 0x44a9, 0x8989, 0xbc2f,
	0x5b2f, 0xa92d, 0x44d5, 0xde2d, 0x9797, 0x921a, 0xb974, 0xb773,
	0xb7b7, 0xc7b7, 0xdf66, 0x2d4d, 0x5c32, 0xa915, 0xc8ef, 0xbd89,
	0xa606, 0x1fde, 0x2792, 0x36d5, 0x69ce, 0x1e63, 0xded4, 0x5151,
	0xdea6, 0x975d, 0xdd44, 0x06b0, 0x93a5, 0x7dd5, 0xa685, 0x5bb7,
	0xb95c, 0xc396, 0xa967, 0xefc3, 0x8c51, 0x94b9, 0x67b9, 0xbf66,
	0x8c89, 0xb6a9, 0xefb6, 0x968c, 0xc3bf, 0x964d, 0x23bd, 0xc396,
	0xa967, 0x5685, 0xa6bd, 0xdd2f, 0xb6f3, 0x51ef, 0x8c8c, 0x518c,
	0xb6ef, 0x8cb9, 0xef67, 0xa4b6, 0x97c7, 0x2f4d, 0xf4bd, 0x74ce,
	0xbd2f, 0x5b84, 0x5a92, 0x66bb, 0x92c7, 0xf6df, 0xa9f4, 0x82f3,
	0x73f3, 0xa98d, 0x85c3, 0x8966, 0x00a9, 0xd589, 0x2782, 0x9296,
	0xf6bd, 0xcaca, 0x4a5d, 0x06d5, 0x5bb7, 0x8ba5, 0x688b, 0x7da5,
	0x8996, 0xb78c, 0xa651, 0xcf06, 0xdd00, 0xb9d5, 0xbf36, 0x1aab,
	0xb6b6, 0x10b6, 0x4996, 0xa9c3, 0xc3e7, 0xb9c3, 0xc3c3, 0x27b9,
	0xa996, 0xc38c, 0x8c67, 0xa4c3, 0x94bf, 0x1023, 0xef67, 0x2323,
	0xfc67, 0x8c51, 0xfc23, 0x238c, 0x2db6, 0xc78c, 0xb6c3, 0xefc3,
	0xa98c, 0x96c3, 0xbb94, 0xdf3b, 0x89df, 0x5bbd, 0x85a9, 0xef73,
	0xbd32, 0x851a, 0xf685, 0x1584, 0xc7f6, 0x1a97, 0xf485, 0xe1f4,
	0xb973, 0x23a4, 0x8d96, 0xb966, 0x92f3, 0x151a, 0x7c29, 0x745a,
	0x5d68, 0xa65b, 0x1051, 0xbd67, 0x0c4c, 0x5bc9, 0x3232, 0x4a2f,
	0x9656, 0x96b6, 0x6767, 0x922d, 0xef5b, 0x5696, 0xb989, 0xb074,
	0xc7c3, 0xca85, 0xa996, 0xbd10, 0xc367, 0x5b67, 0xc323, 0xa423,
	0x518c, 0x8c8c, 0xc367, 0xefef, 0x5a96, 0x968d, 0x96a4, 0xb6b6,
	0xbdbd, 0x15a9, 0xb673, 0xa996, 0x27b7, 0x7d3b, 0x51ef, 0x27c3,
	0x5a49, 0xa4bf, 0x9494, 0x1566, 0x8c4d, 0xb78c, 0x8551, 0x6796,
	0x29c9, 0x2dbc, 0x3b94, 0xbfb3, 0x2d32, 0x2f74, 0x7489, 0x59b0,
	0x9797, 0xb374, 0x2fd5, 0x0665, 0x2c96, 0x82bb, 0x1429, 0x3365,
	0x4d36, 0x4836, 0x4d36, 0x86fc, 0x4630, 0xb756, 0x7c4d, 0x4800,
	0x06de, 0xb365, 0x14e1, 0x6929, 0x5bde, 0x515b, 0xbd51, 0xa985,
	0x23c3, 0xfc10, 0xb98c, 0x8db6, 0xb98d, 0xfc67, 0x6673, 0x6773,
	0x675c, 0x94a4, 0x94b9, 0x67b9, 0x23c3, 0x1267, 0x4da2, 0x67c3,
	0x5c67, 0x51c7, 0xf4c7, 0xb667, 0xef8d, 0xab66, 0xefc3, 0x92c7,
	0xdf4a, 0xa427, 0x894d, 0x23bd, 0x8c8c, 0x1afc, 0x2e0e, 0x8500,
	0x972f, 0xa9f6, 0x3697, 0x1e5a, 0x5bce, 0x96f6, 0xbf4d, 0xdece,
	0x29fb, 0x27eb, 0x2d2d, 0xa62d, 0xa9a6, 0x3d92, 0x2d23, 0xc9de,
	0x32c9, 0x5151, 0xdea6, 0xb7b7, 0x5c51, 0x69c9, 0x7c17, 0x4859,
	0x6914, 0x3297, 0x5dde, 0xb7a6, 0xb7b7, 0x8c51, 0xefef, 0x1eca,
	0xddb9, 0x8c23, 0x7ca9, 0x9494, 0xc327, 0x2d8c, 0x6732, 0x3232,
	0xc75c, 0x232d, 0x5ca4, 0x1a67, 0x2d67, 0x5151, 0x8c8d, 0x1051,
	0x73b9, 0xbf67, 0x10b6, 0x2323, 0x2367, 0x1023, 0xb7e2, 0x9651,
	0xb994, 0xb923, 0x3b94, 0x2d48, 0x672d, 0xbfb9, 0x3bf6, 0xf4dd,
	0x2f84, 0x6833, 0x0c84, 0x5c2f, 0x2db7, 0x2715, 0x8b82, 0xfb97,
	0xce74, 0x970c, 0x4a65, 0x2e00, 0xb00b, 0xb9ec, 0xb7fc, 0xbc2f,
	0x972f, 0xc159, 0x2f74, 0x1574, 0x075c, 0x14d9, 0xc9ce, 0x7dce,
	0xc47c, 0x732d, 0x4a3b, 0x5bbd, 0x27c7, 0x963b, 0x96ef, 0xa53b,
	0x678c, 0x9667, 0xfc10, 0x678c, 0x5ab9, 0x5192, 0x5cc7, 0xa44d,
	0x4db6, 0x234b, 0x2386, 0xb9bf, 0x5ca4, 0xc710, 0xa4a4, 0x8cfc,
	0xfc10, 0x9651, 0x0eec, 0xec04, 0xc312, 0xb973, 0xab74, 0x4dbf,
	0xbfbf, 0xb682, 0x971a, 0x7c4a, 0x3bb6, 0x6abb, 0x9308, 0x6694,
	0xbc56, 0x7329, 0x2d2f, 0xbc2d, 0x7315, 0xdf66, 0xf91e, 0x8c29,
	0x512d, 0x2f97, 0x0b59, 0x331f, 0xc8ca, 0xeb2e, 0x63e6, 0x1468,
	0x2959, 0x27e6, 0x3bb9, 0xf366, 0x5bd5, 0xc95b, 0x4d14, 0x94b9,
	0x56c8, 0x97f6, 0x22f9, 0x3b2e, 0xecdf, 0x1e5a, 0x4a27, 0x3321,
	0x965c, 0x678c, 0xb98d, 0x2323, 0x4d5c, 0x2323, 0xbf5c, 0x675c,
	0x8c8c, 0x8c8c, 0xfc8c, 0xc710, 0x3b96, 0x5cbf, 0x9696, 0xb62f,
	0xa44d, 0xa4c3, 0xb6c3, 0xecec, 0x5cb9, 0x7c74, 0xc94a, 0x4d5c,
	0xdd73, 0x66df, 0xb6a4, 0xc3c3, 0x2dbd, 0x4db9, 0xc7c7, 0x325c,
	0x891a, 0x7327, 0xb64d, 0xc91a, 0x2992, 0xc766, 0x2956, 0xf673,
	0x66f3, 0xca73, 0x8cbc, 0x2db7, 0x48ce, 0xc4a6, 0x334c, 0x7c0b,
	0xce4a, 0xc969, 0xd4ce, 0x6984, 0xa61f, 0x6930, 0x4ac1, 0x92ce,
	0x1ff4, 0xde48, 0x7c5b, 0xce14, 0xcece, 0x4469, 0xc81e, 0xdfa5,
	0xc3c3, 0x94bf, 0x23c3, 0x10b6, 0x108c, 0x1051, 0xa4b6, 0xbd67,
	0xbd2d, 0x67c3, 0x9667, 0x8c5c, 0x1010, 0x8c10, 0x7323, 0x2396,
	0x108c, 0xb9a4, 0xb667, 0x9466, 0x92c7, 0x5b2f, 0x8cc7, 0xb9c7,
	0xf4b6, 0x9651, 0xf366, 0x6682, 0x8c92, 0xc72d, 0x51c7, 0x5c32,
	0xa41a, 0x8c67, 0xd98c, 0x5cce, 0x4dce, 0x8c32, 0xbf23, 0xecab,
	0x85a9, 0x2965, 0xf3b9, 0x67b6, 0x4abc, 0x140b, 0x4421, 0x8b1e,
	0xcfdd, 0xf415, 0x85f4, 0xc4bc, 0x92de, 0x7cec, 0x7282, 0xa5a5,
	0x21a5, 0xd459, 0x5b5d, 0x8467, 0x845b, 0x06ce, 0xcaa6, 0x9289,
	0xfcfc, 0x2379, 0x1010, 0x1067, 0x5bc3, 0x108c, 0x3bb9, 0x92bf,
	0x1067, 0x8c23, 0xc351, 0x105c, 0x10fc, 0x3a09, 0x514f, 0x1051,
	0x2310, 0xa4a4, 0xa4c7, 0x2f2f, 0x9632, 0x2768, 0xc727, 0x1051,
	0x2310, 0x1067, 0xbd8c, 0xc3ef, 0x4db9, 0xbf6a, 0xf996, 0x7c7c,
	0x68f9, 0x84a9, 0x59c9, 0x6863, 0x8b33, 0xa4cf, 0x9429, 0x96f3,
	0x4d23, 0x5ca4, 0x8c23, 0xb7fc, 0x5c10, 0x4874, 0x84ce, 0x1ab7,
	0x74bf, 0x5c17, 0x5110, 0xb9fc, 0x8ca0, 0x23b6, 0xa4b7, 0x2d92,
	0xde5b, 0x1f0c, 0xcaf4, 0x51a6, 0x06a6, 0xf6ca, 0xc4a9, 0x7389,
	0x5c2d, 0x961a, 0xc396, 0x23c3, 0x8d8c, 0x4db9, 0x2323, 0x23b6,
	0xb9a4, 0x27b9, 0xa4b6, 0x96c3, 0xc3bd, 0x6689, 0x1a89, 0x1010,
	0x2367, 0x975c, 0x3297, 0x8992, 0x512d, 0x9292, 0x3232, 0x4da4,
	0xa474, 0x1010, 0xe723, 0x8d10, 0xbfb9, 0x674d, 0xb667, 0x154d,
	0x97f4, 0xb063, 0xdef4, 0x8568, 0x2f15, 0x512d, 0x96ef, 0x92c3,
	0x4da9, 0xc35c, 0x4dec, 0xfc51, 0xfc86, 0x6447, 0x1010, 0xa45c,
	0x6897, 0x97d5, 0x7cc9, 0x89eb, 0x290c, 0x4c66, 0x360c, 0x67bf,
	0x8cb7, 0xefde, 0x66ca, 0x6889, 0x2def, 0xb089, 0xcec9, 0xb72d,
	0x8c10, 0xbf8d, 0xf34f, 0xb9bf, 0xb94f, 0x4bb9, 0xfc23, 0x8c51,
	0xb623, 0x5cb6, 0x5c23, 0x8c67, 0xb6c3, 0xc327, 0xc7c7, 0x6723,
	0xb7fc, 0xa432, 0x15c9, 0x8c5c, 0xb9bd, 0x9694, 0xefef, 0x2966,
	0x73a4, 0xa44d, 0x1051, 0x2367, 0xec94, 0xb9ab, 0xa4a4, 0xb78c,
	0xc38c, 0x0092, 0x67f9, 0x51b7, 0xa996, 0xdfec, 0xd5df, 0xe100,
	0x67f6, 0x678c, 0xf627, 0xef67, 0x12a9, 0xc7bf, 0x38fc, 0xb711,
	0xcaf4, 0x5d33, 0x840c, 0xbc2d, 0x7d73, 0xc927, 0x5d84, 0xbd32,
	0xce5b, 0xc8c4, 0x65eb, 0xc3de, 0x8c67, 0xa92d, 0x56dd, 0x51b7,
	0xb6bf, 0x8c10, 0x8d8c, 0xbf3a, 0x8c92, 0x7423, 0xc34d, 0x734d,
	0xa4bd, 0xd566, 0x9666, 0x1a67, 0xbd96, 0xa48c, 0xa473, 0x671a,
	0xc7bd, 0x672d, 0xc75c, 0xbd32, 0x2def, 0xc3a9, 0xef23, 0xbfb9,
	0x6792, 0x7396, 0xb9bf, 0xefb6, 0x6751, 0x4d92, 0x92a4, 0xbbc3,
	0x92bf, 0x8549, 0x14ce, 0xde74, 0xf9c8, 0x4cca, 0xbb93, 0x5106,
	0xfc5b, 0xc78c, 0x1fde, 0xcf44, 0x102d, 0xb7fc, 0xf310, 0xc414,
	0x0651, 0x97c4, 0xc8f4, 0xb7f4, 0x1a51, 0xa697, 0xdd5d, 0xdf2e,
	0xb954, 0x2f5c, 0x1a63, 0x5151, 0xf389, 0x51ca, 0xf356, 0x5b73,
	0x512d, 0x6710, 0x8c23, 0xc7c7, 0xc78c, 0x5c67, 0x5c32, 0x661a,
	0xbfb6, 0x23b6, 0x2310, 0x6767, 0xc3bf, 0x73b6, 0xc767, 0x512d,
	0xb9c3, 0x924d, 0x9292, 0xa95b, 0x965c, 0x9c23, 0xc34f, 0xb9b9,
	0x271a, 0xd5d5, 0xec56, 0x51b9, 0x92ef, 0x74b6, 0xc72d, 0x4ace,
	0xa956, 0xf9b0, 0xd44a, 0x48d4, 0x65c9, 0x66dd, 0x14f3, 0xab74,
	0x674d, 0xf432, 0x4c06, 0x2da6, 0x8c10, 0xbc32, 0xef56, 0xf6a9,
	0xca7c, 0x005b, 0xa6a5, 0xdef6, 0x892d, 0xe17c, 0x1edd, 0x360b,
	0x51a4, 0xa432, 0x5151, 0xef2d, 0x06f4, 0x44a5, 0x0233, 0x7ce1,
	0x6796, 0x6767, 0xb923, 0x8cc3, 0x5c67, 0xc732, 0x4d23, 0xc7ef,
	0x8d67, 0xbd23, 0xa4c3, 0x2367, 0xb95c, 0x10b9, 0x8c51, 0xc3f6,
	0x8967, 0x9666, 0x92bd, 0x6a66, 0xdf2e, 0x0089, 0xfc94, 0x738c,
	0xb066, 0x970c, 0x1a92, 0x152f, 0xa4c3, 0xbfb6, 0xb3df, 0x7429,
	0xa466, 0xc767, 0xc92f, 0xde5b, 0x855d, 0x8bd5, 0xb75d, 0x7c97,
	0x72eb, 0xf674, 0x7dca, 0xbbbb, 0x5c3b, 0x062d, 0x8ba5, 0x4c56,
	0x5bf6, 0xa62d, 0x9306, 0x2de1, 0x2d51, 0x7c4a, 0x4c21, 0xa6f4,
	0x665d, 0x94a4, 0xefc0, 0x2151, 0x8b72, 0x5ba5, 0xb7a6, 0xefb7,
	0x4d67, 0x4d4d, 0xbfb9, 0x2727, 0x8473, 0x10c7, 0xbfb6, 0x9689,
	0xa996, 0xa910, 0x238d, 0x10c7, 0x92a4, 0x8dc7, 0xecec, 0xbdb6,
	0x6792, 0x4db9, 0x1574, 0x92a9, 0xdd89, 0xf3f3, 0x5c4d, 0x5a4d,
	0xefd5, 0xc7a4, 0x732d, 0x74bf, 0x8515, 0x0c74, 0x0cde, 0x5b1a,
	0x2d2d, 0x4dc7, 0x5c4d, 0x675c, 0xb696, 0xbd73, 0x8bd4, 0x4421,
	0xa9a5, 0xf497, 0xb085, 0x8b0b, 0x5b68, 0xca5b, 0x97cf, 0xa6a6,
	0x06a6, 0xbc85, 0xc88b, 0xb7a6, 0x3b85, 0x722e, 0xa6ca, 0x7cca,
	0x5abc, 0xa9bb, 0xefb7, 0x154d, 0x4c85, 0xeb44, 0xcaf3, 0x89a9,
	0x67c3, 0x67c3, 0x328c, 0xc767, 0x232d, 0xb6b9, 0x2d8c, 0xc310,
	0x9696, 0xf396, 0xbcdd, 0x9296, 0x94bf, 0x518c, 0x1a92, 0xbd92,
	0xef8c, 0xbf89, 0x4c5b, 0x8b0b, 0xa44a, 0x1067, 0x9267, 0x6696,
	0xf666, 0xa4a4, 0x3bf3, 0x273b, 0x5c5c, 0x7432, 0x3b72, 0xd566,
	0x66bb, 0x1a97, 0x2d5c, 0x9251, 0x92c3, 0x3292, 0x0651, 0x2edd,
	0x963b, 0xdebd, 0x48de, 0x06c9, 0x155d, 0x1e00, 0x00dd, 0x4ca5,
	0x220b, 0x362e, 0xc81f, 0x5dca, 0xa5d5, 0x69d4, 0x4c4c, 0x8906,
	0xf9dd, 0xcfa5, 0xdf7c, 0x4d73, 0xca96, 0x1ec8, 0xdd22, 0x8cb6,
	0x67c7, 0x8932, 0x2fd5, 0x1067, 0xb6a4, 0xb6b9, 0x2323, 0xa423,
	0xc3c3, 0x9623, 0x10e7, 0x94b9, 0x5b15, 0xef51, 0x108c, 0x94b9,
	0xbd27, 0xbdc3, 0xbff6, 0xa992, 0x5c73, 0x7332, 0xb9e6, 0x2dbd,
	0x0ca9, 0x9797, 0x891a, 0xb656, 0x3292, 0x5b56, 0x062d, 0xdeca,
	0xdf56, 0x82f9, 0x6874, 0x0c33, 0x1e84, 0xdd1e, 0x668b, 0x9732,
	0x3284, 0x591a, 0xcfb0, 0xd51e, 0xf396, 0x89b6, 0x2973, 0xa6f4,
	0xa5de, 0xc715, 0xefb7, 0xa9a9, 0xb751, 0x5b51, 0x4cb0, 0xa6a9,
	0x0093, 0xe156, 0x364a, 0x7c29, 0xa6bc, 0x33ca, 0x21ca, 0x96bc,
	0xc75b, 0xc72d, 0x9692, 0xb64d, 0x1aa4, 0x1085, 0xb7fc, 0x5138,
	0xbf8d, 0xc7b6, 0xbf96, 0x67bf, 0x891a, 0x9296, 0x96a9, 0xe1d5,
	0xf4bc, 0xbf32, 0x51b9, 0x6592, 0xc465, 0x9673, 0x51b7, 0x85de,
	0xbcd4, 0x5bf4, 0x5bf4, 0xa6bd, 0x970c, 0x2d32, 0xb92d, 0xa9f4,
	0x155d, 0x145a, 0x1f1f, 0x2fce, 0xb632, 0xc396, 0xa4bf, 0x5c67,
	0x15c7, 0x72df, 0x5914, 0xf4ce, 0xa64c, 0xb7ef, 0xa9b7, 0xa57d,
	0xb706, 0xec06, 0x946a, 0xb7b9, 0xb92d, 0x8b7d, 0xb056, 0x211f,
	0x4c1f, 0x44c8, 0x211e, 0xebb0, 0xb700, 0x590c, 0x0621, 0xf6b0,
	0x7327, 0x2d92, 0x89a9, 0x7427, 0x674d, 0x32a4, 0xb91a, 0xb9dd,
	0xf327, 0xa956, 0xa4c3, 0x2fc7, 0x7474, 0x8974, 0x2715, 0xb666,
	0x73bc, 0x4d66, 0x964d, 0xbd92, 0x1592, 0xa62d, 0xf496, 0xbdbd,
	0xb7ef, 0x7cef, 0x662e, 0x515b, 0x594c, 0xcece, 0x825a, 0xd5bf,
	0xca89, 0x82f6, 0xc33b, 0xbca9, 0x444a, 0x65bc, 0x8b56, 0x32d4,
	0x7336, 0xf41a, 0x4806, 0x3214, 0x93a5, 0xd5c8, 0xebbb, 0x8b4a,
	0xc893, 0xdfdd, 0x29df, 0xf3bf, 0x0b73, 0xc789, 0x4a27, 0x3668,
	0x97f6, 0x84f6, 0x6551, 0x1f1e, 0x0c5b, 0x1f8b, 0xcac8, 0xb0bc,
	0xa9ef, 0xc396, 0x23a4, 0xef67, 0x5cc7, 0x5c74, 0x9292, 0xa4a4,
	0x5167, 0xc38c, 0xecbf, 0xab5a, 0xa474, 0x9667, 0x663b, 0xdfb9,
	0xfc8d, 0x2db7, 0xcabd, 0xdd85, 0xd5f9, 0x7cdd, 0x5be1, 0x0651,
	0xcaf4, 0xc8c8, 0xf656, 0xc885, 0x667c, 0x23a4, 0xa44d, 0x731a,
	0xeff6, 0x8bf4, 0xf459, 0x7414, 0x7474, 0xa684, 0x5db7, 0x5b5b,
	0xc9c9, 0x852d, 0x5b69, 0x5151, 0xb751, 0x85b7, 0xc7a4, 0x8b36,
	0x0669, 0xfb1f, 0xd484, 0xfbc9, 0x1e1f, 0x6944, 0x4c48, 0xc90c,
	0x2d51, 0x745c, 0x7c72, 0x1574, 0x8bb0, 0x8b59, 0xca0b, 0xc8a5,
	0x7327, 0x23a4, 0xb6a4, 0xb6b6, 0x4d23, 0xc74d, 0x964d, 0x6767,
	0x8c8c, 0x8cb7, 0xb967, 0x154a, 0x5b32, 0x6696, 0x1a1a, 0x2773,
	0xc35c, 0x2d67, 0xf6a9, 0xbcbc, 0x3292, 0x51ef, 0xca51, 0x3b7c,
	0xf63b, 0xf456, 0x2756, 0xf6b9, 0xb9bd, 0x9009, 0x2974, 0xa62f,
	0xd5a9, 0x823b, 0x067d, 0xcf82, 0x8b65, 0xcf7d, 0x5d36, 0x920c,
	0xc984, 0xb0bc, 0xa6b7, 0x2e89, 0xb9ec, 0xd55a, 0x5bf6, 0x655d,
	0x4ca5, 0x5d1f, 0x680c, 0xa565, 0x85b0, 0x65c4, 0x970c, 0xf373,
	0x29df, 0x8265, 0xdfdf, 0xdff9, 0x8b7c, 0xb0cf, 0xbc06, 0xa6c8,
	0x2396, 0xb9a4, 0x8c10, 0xb610, 0x5cbf, 0x2dc7, 0xb6a4, 0xbdb6,
	0x8c51, 0x84fc, 0x7456, 0x73b6, 0x6666, 0x89d5, 0x2da9, 0x9292,
	0x8551, 0xb089, 0xf42d, 0x89f4, 0x6666, 0x2727, 0x9689, 0xcaf4,
	0x1a15, 0x8585, 0x85f4, 0x3b7d, 0x5bdf, 0x1fbd, 0x48c9, 0x8b8b,
	0xdf4a, 0x632e, 0x5b85, 0xcaa6, 0x2982, 0x5685, 0xdfd5, 0x4ca6,
	0xdd72, 0x650b, 0x6544, 0xdfd5, 0xdd5a, 0x06a5, 0x5ba6, 0x06a6,
	0xd41f, 0xd40c, 0x8b63, 0x8b2e, 0x67a4, 0x4da4, 0xc9b9, 0xdf5a,
	0xca27, 0x1fc4, 0x0c06, 0x8b65, 0x2114, 0x5d97, 0xce97, 0xa60c,
	0xa956, 0x2d67, 0xfcfc, 0xb9c3, 0xc3a4, 0xbd67, 0xf3bf, 0x51ef,
	0xef8c, 0xefef, 0xc3ef, 0x92b9, 0xa9a6, 0x6656, 0xa427, 0xf666,
	0x96ef, 0x66d5, 0xa9b6, 0x9610, 0xa912, 0xb9c7, 0x3bbb, 0x92f3,
	0xbd32, 0x92c7, 0xa4bf, 0x32a9, 0xb751, 0x84c7, 0x562d, 0xbd74,
	0x51b7, 0xef51, 0x65ef, 0x44dd, 0x210b, 0x7c5d, 0x7d1e, 0x1ef9,
	0x142e, 0x5106, 0x0606, 0xc8c4, 0xc84c, 0xa5e1, 0x721e, 0xc963,
	0xcece, 0x4421, 0x1f44, 0x06c4, 0xb75b, 0xde2d, 0x8b5d, 0xf9f9,
	0x8582, 0x7c4c, 0x6344, 0x4c69, 0x0c5d, 0x690c, 0xb7de, 0x9797,
	0xc71a, 0x6751, 0x678c, 0x4dc3, 0xc7b6, 0x10c3, 0x92ef, 0xbb94,
	0x67f3, 0xbfa4, 0x5167, 0xef51, 0xd566, 0x925a, 0xa9a9, 0x5ac3,
	0xa9dd, 0x68a9, 0x9273, 0xeff6, 0x51a6, 0xefef, 0x44bd, 0x5bd5,
	0xf3d5, 0x5689, 0x93ca, 0xa6f6, 0x44bc, 0xa60c, 0xdeb7, 0x63b0,
	0x0c8b, 0x1474, 0xca0c, 0x4400, 0x21ca, 0x8b1e, 0x1a68, 0xce2f,
	0xce69, 0x8469, 0x36f4, 0x14bc, 0x484a, 0x0606, 0xcfc8, 0x2148,
	0xce59, 0x4ace, 0xd459, 0x2d0c, 0x5a2f, 0x4d2f, 0x274a, 0x1444,
	0x0c33, 0x4863, 0xfbfb, 0xfb69, 0x4472, 0x84d4, 0x4a4a, 0x5d36,
	0xbda4, 0xf996, 0xb6f9, 0x2d5c, 0xefc7, 0x5167, 0x272d, 0x92c7,
	0x1aa4, 0x92f6, 0x2dc3, 0xbfc3, 0x2d2d, 0x685b, 0x2fce, 0x2d56,
	0xbda9, 0xdeb9, 0x2d51, 0xf3b6, 0x3aec, 0x8cb6, 0xb6bd, 0x82f3,
	0x74f9, 0xb732, 0xc4f4, 0xca06, 0x5106, 0x3651, 0x277d, 0x7df3,
	0x855b, 0x1e00,
};


char EVL_D_80064D50[836] = {
	0xc4, 0xd4, 0x8b, 0xd4, 0x63, 0x5d, 0xde, 0xde,
	0xb6, 0x74, 0xc7, 0x5c, 0xfb, 0xfb, 0xd4, 0x69,
	0x4a, 0x2e, 0x00, 0x33, 0x63, 0x97, 0x84, 0xce,
	0xf6, 0xa9, 0xa6, 0x51, 0x15, 0x66, 0x5b, 0x51,
	0x48, 0x63, 0x1f, 0x59, 0x1f, 0x1f, 0xc4, 0x1e,
	0x2e, 0xd4, 0xfb, 0x51, 0x06, 0x7c, 0x48, 0x63,
	0x44, 0x48, 0x0c, 0x69, 0x1f, 0x68, 0x65, 0x7d,
	0x4a, 0x44, 0x0b, 0x06, 0x5b, 0x2d, 0x32, 0x2d,
	0x51, 0xc7, 0xf6, 0x96, 0x7c, 0xdd, 0xbd, 0x67,
	0x5c, 0xc9, 0xce, 0x73, 0xb6, 0x89, 0x85, 0xe1,
	0xcf, 0x89, 0x2d, 0x2d, 0xc7, 0x97, 0xbd, 0x32,
	0x56, 0xf3, 0x27, 0x5c, 0xa4, 0xd5, 0xf9, 0x56,
	0xbd, 0x56, 0x4c, 0xf4, 0x96, 0x89, 0x85, 0x51,
	0x67, 0x74, 0x85, 0xde, 0xde, 0x2f, 0x15, 0x92,
	0xef, 0xb7, 0xa6, 0x06, 0xf4, 0xa5, 0x14, 0xa4,
	0x74, 0xce, 0xc9, 0x97, 0x84, 0x84, 0x48, 0x84,
	0x5b, 0xa6, 0xa6, 0x5d, 0x33, 0xc9, 0x65, 0x27,
	0x27, 0x2f, 0x2f, 0x17, 0xc9, 0xce, 0x69, 0x5b,
	0xc9, 0x29, 0x0c, 0xc8, 0x7d, 0x82, 0xeb, 0xec,
	0xbc, 0x94, 0xb2, 0xbb, 0xbb, 0x9f, 0x29, 0x7d,
	0x1f, 0x2f, 0x2d, 0x2d, 0x5b, 0xbd, 0x5d, 0x56,
	0x5b, 0xa6, 0x44, 0x72, 0xca, 0x97, 0xde, 0x5b,
	0xa6, 0x5b, 0x48, 0x4a, 0x1f, 0x4c, 0x7d, 0xbb,
	0x82, 0x4c, 0xb7, 0x06, 0x92, 0x2f, 0x67, 0xbd,
	0xb6, 0xbd, 0x84, 0x5c, 0x5c, 0x32, 0x68, 0x4d,
	0x2f, 0x32, 0x51, 0xbd, 0xc3, 0x66, 0x66, 0x73,
	0xfb, 0xfc, 0xc7, 0xb6, 0x7c, 0x15, 0x1a, 0x73,
	0x5a, 0x73, 0x67, 0x92, 0x2d, 0xf6, 0x4a, 0x15,
	0x15, 0x15, 0x29, 0x27, 0xf3, 0x94, 0x3b, 0xb3,
	0x4d, 0x1a, 0x5b, 0xef, 0x92, 0x44, 0xcf, 0xde,
	0x5b, 0xef, 0xf6, 0x3b, 0x5a, 0x2f, 0xc9, 0x85,
	0xe1, 0x7c, 0x7c, 0xdd, 0xce, 0x59, 0x66, 0xfb,
	0xa6, 0x48, 0x0b, 0x48, 0x1f, 0x4c, 0x59, 0x44,
	0x1e, 0x06, 0x2d, 0xca, 0x66, 0x66, 0x89, 0xd5,
	0x1e, 0x2e, 0x2e, 0x44, 0xd4, 0x48, 0x44, 0x00,
	0x72, 0x72, 0x63, 0x4c, 0x06, 0xa6, 0x2d, 0x85,
	0x68, 0xc4, 0x74, 0x2e, 0x22, 0xf9, 0x5b, 0xa6,
	0xa6, 0x5b, 0x69, 0x48, 0x44, 0x0b, 0x59, 0x0b,
	0x33, 0x0b, 0x72, 0x44, 0x8b, 0x0c, 0x0b, 0x2e,
	0xeb, 0x14, 0x1f, 0x48, 0x84, 0x2f, 0xbc, 0x15,
	0x36, 0x14, 0x8b, 0xce, 0x32, 0x5b, 0x56, 0x4a,
	0x72, 0xbc, 0x1a, 0x7d, 0xbc, 0xb6, 0xc3, 0x10,
	0xb9, 0xf3, 0x92, 0xa4, 0x15, 0x4d, 0x15, 0xf6,
	0x15, 0x66, 0xde, 0x84, 0xbc, 0xc8, 0xca, 0x65,
	0xcf, 0x4a, 0xbc, 0x66, 0xf3, 0xf3, 0x94, 0xbf,
	0x2f, 0x97, 0x4d, 0x32, 0xb7, 0x2d, 0x97, 0x97,
	0xc9, 0xce, 0xbc, 0x56, 0x15, 0xbd, 0xbd, 0xb0,
	0xdd, 0x72, 0x0b, 0x48, 0x48, 0x48, 0x14, 0x69,
	0x48, 0x59, 0x59, 0x48, 0x59, 0x14, 0x14, 0x00,
	0x1e, 0xf9, 0x00, 0xd5, 0x3b, 0x82, 0x92, 0xde,
	0x48, 0x0c, 0xfb, 0xfb, 0x48, 0x59, 0x59, 0xd9,
	0x48, 0xde, 0xb0, 0xf4, 0xa6, 0x06, 0xc8, 0xe1,
	0x44, 0x33, 0x0b, 0x1e, 0x44, 0xd4, 0x97, 0xfb,
	0xc9, 0x74, 0xce, 0x48, 0xde, 0xa6, 0x44, 0x8b,
	0xd4, 0x21, 0x63, 0x4c, 0x4c, 0x44, 0x1e, 0x44,
	0x68, 0x69, 0xa6, 0x51, 0xa6, 0xa6, 0x92, 0x73,
	0x96, 0x2d, 0x2d, 0xb9, 0x3b, 0x82, 0x92, 0x97,
	0x56, 0xf6, 0x97, 0x97, 0xc7, 0x2d, 0x51, 0x56,
	0x56, 0x85, 0x89, 0x84, 0xbd, 0x5b, 0xf4, 0x4d,
	0x92, 0xb7, 0xb7, 0xb7, 0xef, 0x94, 0x5a, 0xb6,
	0xbd, 0x85, 0x89, 0x7d, 0x96, 0x2d, 0x51, 0x2d,
	0x97, 0xde, 0x51, 0x51, 0xde, 0x15, 0x27, 0xd5,
	0xbc, 0x51, 0xb7, 0x89, 0x56, 0xc7, 0xc7, 0x2d,
	0x32, 0xde, 0x68, 0xc8, 0x72, 0x21, 0x1f, 0x8b,
	0x59, 0xd4, 0x68, 0x85, 0x06, 0x4c, 0x4c, 0xc8,
	0x4a, 0xf9, 0xf4, 0x51, 0xfb, 0xc9, 0xd4, 0x14,
	0x72, 0x6b, 0xd4, 0xc9, 0x92, 0xde, 0x51, 0xa6,
	0x63, 0x44, 0x21, 0x69, 0x4c, 0x44, 0x2e, 0x00,
	0xc8, 0x93, 0x00, 0x00, 0x0b, 0x59, 0x72, 0x2e,
	0x72, 0x44, 0x8b, 0xa5, 0x5d, 0x51, 0xa5, 0x63,
	0x33, 0x0c, 0xbc, 0x8b, 0x4a, 0xd4, 0x69, 0x48,
	0x69, 0x21, 0xd4, 0x0c, 0x68, 0x2f, 0x1a, 0xb6,
	0xb6, 0x5c, 0xa4, 0xb9, 0x66, 0x4d, 0x67, 0x97,
	0xc9, 0x5d, 0xc4, 0x68, 0x36, 0x65, 0xc8, 0x4c,
	0xa6, 0xf4, 0x92, 0xa4, 0x92, 0x1a, 0xb6, 0xc3,
	0xa9, 0x51, 0xa4, 0x94, 0x3b, 0xdd, 0xef, 0x5b,
	0x92, 0x32, 0x32, 0xc7, 0x32, 0x97, 0x32, 0x32,
	0x32, 0x74, 0xe6, 0x65, 0x74, 0xb0, 0xb0, 0x74,
	0xc9, 0xc9, 0xce, 0x14, 0x82, 0xc9, 0x2d, 0xfb,
	0x0c, 0xca, 0xbc, 0xbf, 0xf6, 0xef, 0x5b, 0xc9,
	0x0c, 0x5b, 0xa6, 0x97, 0x66, 0x96, 0xf4, 0xa5,
	0xa5, 0xa6, 0xf6, 0x4a, 0x59, 0xce, 0xc9, 0xfb,
	0x5b, 0x2d, 0x69, 0x33, 0xa6, 0xa6, 0xc8, 0xa5,
	0x65, 0x44, 0x44, 0x72, 0x72, 0x1f, 0x06, 0x33,
	0x0b, 0xc8, 0x06, 0xca, 0x0b, 0x72, 0x1f, 0xb7,
	0x06, 0x4c, 0xa6, 0xa6, 0x68, 0x92, 0x1a, 0xf4,
	0xa5, 0x7d, 0x29, 0x8b, 0x15, 0x4a, 0x5d, 0x5d,
	0x59, 0x69, 0x5d, 0x06, 0x36, 0x74, 0xa4, 0x5c,
	0x5c, 0x8c, 0xc7, 0xb7, 0x5b, 0x85, 0x5c, 0x5c,
	0x97, 0xc9, 0xc4, 0x06, 0x06, 0xa5, 0xbc, 0x1a,
	0x51, 0x2d, 0x5b, 0x84, 0xbd, 0x84, 0x68, 0x7c,
	0x1e, 0x93, 0xef, 0x7d, 0xf4, 0xa9, 0x68, 0xc8,
	0x68, 0x2f, 0x8b, 0xd5, 0xf6, 0x56, 0xc4, 0x85,
	0x2f, 0x2f, 0xc3, 0xbd, 0x92, 0xef, 0xb7, 0x32,
	0x74, 0x59, 0x0b, 0xdf, 0xc8, 0x51, 0x0c, 0xc9,
	0x14, 0xeb, 0x68, 0x5b, 0x84, 0x2d, 0xde, 0xc9,
	0xde, 0x5b, 0x56, 0x44, 0xa6, 0xa6, 0x15, 0x0c,
	0x68, 0x5d, 0xcf, 0x4a, 0x63, 0x65, 0x59, 0xf3,
	0x56, 0x89, 0xf4, 0xca, 0x5d, 0xa6, 0xc8, 0x44,
	0x72, 0x1e, 0xf9, 0xe1, 0xdd, 0x66, 0xb7, 0xb7,
	0x51, 0x59, 0x63, 0xa5, 0xb0, 0x93, 0x44, 0xdd,
	0x22, 0x1e, 0x44, 0x59, 0xce, 0x0c, 0x65, 0x8b,
	0x1e, 0xdf, 0x3b, 0x3b, 0x29, 0x67, 0x67, 0x73,
	0x3b, 0x82, 0xbf, 0x74, 0xc7, 0x51, 0x8c, 0xa4,
	0x10, 0x51, 0x2d, 0x97,
};

uint16_t EVL_D_80065094[386] = {
	0x7356, 0xa663, 0xc484, 0xa584, 0xbdb0, 0xa492, 0xc3a4, 0x5c5c,
	0x2dc9, 0x5b51, 0x92a9, 0xd5f4, 0xbc73, 0x8589, 0x0606, 0x5656,
	0xa6f4, 0x655b, 0xbdc9, 0xf6de, 0x82ec, 0xa6a9, 0x322d, 0xa492,
	0xbfb9, 0x1567, 0xfb36, 0xd4de, 0x66cf, 0x5a82, 0x4c27, 0xb751,
	0xa6a6, 0x0ca6, 0x8b21, 0x27b3, 0xa9bd, 0xbc89, 0xa5b0, 0x72f9,
	0x4c44, 0xc84c, 0x7c0b, 0x148b, 0x1f21, 0xdeef, 0xa606, 0x4406,
	0x1e2e, 0x93eb, 0xa5a6, 0x2eeb, 0x72f9, 0x7244, 0x0c21, 0x2f0c,
	0xa429, 0xeb56, 0xb46a, 0x4dbf, 0xc7c7, 0xa41a, 0x1a2f, 0xf64a,
	0x6685, 0x0697, 0xb696, 0xc7b6, 0x5ca6, 0x90bf, 0x4d4d, 0x8c81,
	0x8cb7, 0xbfb9, 0xfc67, 0xc7fc, 0x67c7, 0x8273, 0x4cf4, 0xf6a5,
	0xf492, 0xf6c8, 0xd5ca, 0x367d, 0x36ce, 0x5b5b, 0xc893, 0x67a9,
	0xb9b9, 0x5a3b, 0x3674, 0xd4d4, 0x144a, 0x74ec, 0x3665, 0x94f3,
	0x7ec0, 0x7d22, 0xdd1e, 0x325a, 0x29a4, 0x3b94, 0x4a2e, 0x4a4a,
	0xb7a6, 0x5a06, 0xec66, 0xc4e1, 0x7236, 0x2e1e, 0xd41e, 0xeb4a,
	0xbb3b, 0xbbeb, 0x96bb, 0x8906, 0xd427, 0xd459, 0xa6c9, 0x69a6,
	0x211f, 0x440b, 0x0b0b, 0x721e, 0x4a36, 0x5629, 0x731a, 0xb3ec,
	0x823b, 0x5627, 0xc7bd, 0x5b84, 0xcec9, 0xc9c9, 0x74d4, 0xa474,
	0x94b9, 0x238d, 0xb710, 0x238c, 0xb623, 0x2fb6, 0x4af4, 0x8b4a,
	0xdd1e, 0xdd66, 0xa57d, 0x4c06, 0xd41f, 0xa997, 0x8289, 0xb9ec,
	0xa423, 0xa9f6, 0x8984, 0x3bdf, 0xa429, 0x0c74, 0x4c5d, 0xf963,
	0x97f9, 0xd40c, 0x7214, 0x74c1, 0x4d74, 0x892f, 0xfbbd, 0xfb48,
	0x82f6, 0xf6d5, 0x51a9, 0x4dbd, 0x32a4, 0x722f, 0xc863, 0x00dd,
	0xc8a5, 0x49a9, 0x0854, 0x445a, 0x2172, 0x63ce, 0x005d, 0xd52e,
	0x0b4c, 0x211e, 0x6907, 0x0c48, 0x36cf, 0x8565, 0x1ade, 0xb767,
	0x9651, 0xecf3, 0x2db6, 0xce67, 0xd474, 0xd4d4, 0x5b0c, 0xef5b,
	0x8cfc, 0x4d23, 0x9fbf, 0x6a2c, 0x10ec, 0x5ca4, 0x74ce, 0x3284,
	0x3615, 0x9797, 0x84f6, 0xce0c, 0xd4ce, 0x7474, 0x1a2f, 0xc732,
	0x5a2d, 0x66bb, 0xdf89, 0x2df3, 0xdeb7, 0x9732, 0x972f, 0xa9f6,
	0xdf89, 0x4cbc, 0x2f33, 0xc72f, 0x69c9, 0x6833, 0x4c0c, 0x331f,
	0x7c63, 0x65f9, 0x0b0c, 0x2e2e, 0xd57c, 0xf9dd, 0xddeb, 0xa565,
	0xa9ca, 0x7c06, 0x1e72, 0x7214, 0x211e, 0x84c9, 0x21ce, 0xde48,
	0xd4fb, 0xd4d9, 0xce48, 0x97de, 0x0cd4, 0xcfd4, 0xbdde, 0x10c7,
	0xa44d, 0x2f96, 0x515b, 0xd4fb, 0x8229, 0x943b, 0xec8d, 0xb46a,
	0xbb52, 0xbb3b, 0xf95a, 0xbf74, 0x74bf, 0x1429, 0x842f, 0x1a2f,
	0x9732, 0x0074, 0x4aeb, 0x9765, 0x2f97, 0xa6c9, 0x94ce, 0x47ab,
	0x1283, 0x5a94, 0x4d73, 0x724a, 0xbf2f, 0x2cd3, 0x4bb9, 0xbfb6,
	0xde15, 0x0c51, 0xc374, 0x9696, 0x06a6, 0x065d, 0x680c, 0x0cce,
	0x227c, 0x2252, 0xa5eb, 0xca4c, 0xca1f, 0xc8a5, 0x1f5b, 0x0000,
	0xca4c, 0x295a, 0xa6de, 0x69fb, 0x5669, 0xced4, 0xb932, 0x2727,
	0x3365, 0x4433, 0xddca, 0x3229, 0xfbc7, 0xce32, 0x29d5, 0x23b9,
	0xecc3, 0xecb3, 0xf3ec, 0x5c2f, 0x97c9, 0xa45c, 0x3284, 0x92a4,
	0xeca4, 0x136a, 0x7474, 0xa44d, 0xce74, 0x5b5b, 0x972d, 0xb6b9,
	0xc367, 0x2766, 0x92bd, 0x8bce, 0x7d7c, 0x7215, 0xbf29, 0x51b9,
	0x51b7, 0xc8a9, 0x0b93, 0x69d4, 0x6963, 0xc9cf, 0x2f15, 0x142f,
	0xce14, 0xc72f, 0x892d, 0xdf2e, 0xb9f6, 0x085a, 0xf922, 0xcec4,
	0x8973, 0x82dd, 0x69a5, 0xdf14, 0x7d82, 0x722e, 0x69fb, 0x6569,
	0xdfdf, 0x4ce1, 0x06de, 0xdf48, 0xab8f, 0x675c, 0xde2d, 0xf374,
	0xdfdf, 0x1f82, 0x1a2f, 0x9751, 0x2fc1, 0xcece, 0x56ce, 0xb6bd,
	0xb9bf, 0x0c1a,
};

u_long EVL_D_80065398[193] = {
	0x4a2765de, 0xc9ced9ce, 0x5c4d5c5c, 0xc7c72dfb,
	0xd9b35ac7, 0x8d10fc64, 0xc7a4bfec, 0x10ababb6,
	0x321a7423, 0x85dede97, 0x2f3b6a5a, 0x06c8ca1a,
	0x0c695dca, 0x48a50021, 0xa9966674, 0x66943b5a,
	0x4dbf3b3b, 0x2ed322f3, 0x2974293b, 0x72eb9f29,
	0x7469c959, 0xce1e2e8b, 0xb7c8720c, 0x5193dfc8,
	0xc396a906, 0x3bab1010, 0x32065a2e, 0x227cc992,
	0xa9a9a5eb, 0x7c89680b, 0x32515c29, 0x152db7c7,
	0xce4d3636, 0x4d2ffbc9, 0x657cf329, 0x92bf9474,
	0xc7fbce92, 0x89a4c7b7, 0x14d55685, 0x4d5c1a36,
	0x94b6ecec, 0x74bf3b7a, 0x32515173, 0xf45d8597,
	0xc92f1af6, 0x97c95914, 0x92676732, 0x36738c92,
	0x2994bfec, 0x15ce2929, 0xc7fb2f59, 0xfb368b5b,
	0xd407fba6, 0x591e1fd4, 0x441e4859, 0x519727d4,
	0xab2e82b7, 0x0cc9324d, 0x48d459d4, 0xa55d0c48,
	0x2282eb2e, 0x684a632d, 0x2d2db751, 0xbbecdd97,
	0x2929ecbb, 0xb65c2f74, 0xecf3b996, 0x27f3295a,
	0x1a1abc66, 0xbf4db94d, 0xcff33b3b, 0x675ccecf,
	0xb3ecec4d, 0xc7324dc1, 0x5cfb4d2f, 0x745b8596,
	0x5b2310a4, 0x336969de, 0xbf66dd21, 0x86238fc0,
	0xc7c7b70d, 0x97a4c932, 0x51678296, 0xd4d974c7,
	0x598b1469, 0xced41472, 0xa6512d5b, 0x72d907fb,
	0xa45cc444, 0x69fbc9ce, 0xd4485959, 0x7dd55b0c,
	0xce655a89, 0x0c5d6372, 0xabe6bfce, 0x362f9774,
	0xc39667f6, 0x96362973, 0x84ce2973, 0x3674cede,
	0xcf156815, 0x9467efbd, 0xde5151f3, 0x32c997de,
	0x2d97fbc9, 0xa4ce07bd, 0xd532c9ce, 0x74d5822e,
	0xd9d97474, 0xd4fb69d4, 0xc74dce59, 0x10fc2d51,
	0x59f62d30, 0xb0512d74, 0x6782f97d, 0x1ab94d2d,
	0x69ced9d4, 0xdec9598b, 0xdf0abfc7, 0x441e440b,
	0xeb1414a5, 0x7c064c2e, 0x1f592914, 0xd5275606,
	0x064cd485, 0x2f97ce74, 0x744d4da4, 0x74ce2d2f,
	0x89d5744d, 0x32dea62d, 0x84972974, 0x4d73bc97,
	0x2dbc2936, 0xf3dfa551, 0x0c8bbc56, 0xd414ce0c,
	0x744d32fb, 0x305cc7c7, 0x561533fb, 0xdec965bc,
	0x59d40ca6, 0xc459444c, 0x745c97ce, 0x8bf6f44d,
	0x515b65dd, 0xc45b5b5b, 0x0c0c2121, 0x325cd9ce,
	0x5b5b0cc9, 0x5d63447c, 0xfb4a274a, 0x210b33a6,
	0xcefb6948, 0x5dde4c63, 0xa6b7324d, 0x445ddff9,
	0x594844f9, 0xa45c105c, 0x10fc105c, 0x51cec75c,
	0x897d272d, 0xc932847d, 0x51c92f4d, 0xdda95106,
	0x5af366f3, 0xddbd324d, 0x7436f9eb, 0x7cfbcec1,
	0xbf825a82, 0xb7b7fc10, 0xe1dd85b7, 0x4ca915f3,
	0x14485d0c, 0xf606a544, 0xec5c67b9, 0xf97c8b82,
	0xfc748feb, 0x74b66786, 0x7d63c9bd, 0x727236d4,
	0x2222294a, 0x69c94a22, 0xc974d4c9, 0x68330cfb,
	0xce2f97ce, 0x335d5b84, 0xce732914, 0x0c0c48ce,
	0x63dec974, 0xc767c72d, 0x972dc7b7, 0x81102f2f,
	0x4d5cc790,
};

u_long EVL_D_8006569C[577] = {
	0x742f5ca4, 0x590c84d9, 0x7ccf2121, 0x5c92667c,
	0x9797971a, 0x07c9ce63, 0x4a6697fb, 0x92fbce74,
	0x511056c4, 0x135a36c3, 0xc9326774, 0x82721506,
	0x96cac4f9, 0x724d675c, 0x331f722e, 0xfbae74ce,
	0x44147263, 0x1759d444, 0x59defb32, 0xc3731429,
	0xc1724a92, 0x69488b6b, 0xddca0b21, 0xeb4a4a72,
	0x331fe11e, 0x8bdd2963, 0x728bd459, 0x82abb6cf,
	0x1429f3b1, 0xeb7229d4, 0x5b89f900, 0x2d6910fc,
	0x97744a0c, 0xde2d51c7, 0x5bb6f3d5, 0x1a4d962f,
	0xd57c1a2d, 0xf95af6f6, 0x2f5a29a4, 0x59292f32,
	0xe710fcde, 0x67f6c710, 0xb3824d97, 0xabbf2782,
	0x23676827, 0xe6abe6bf, 0xfb694848, 0x74c9fb5b,
	0xce74d4c1, 0xa6687269, 0x93f38266, 0xbc4cc889,
	0x1472727c, 0x696314d4, 0x060b0b33, 0xa669480c,
	0x1f06a6b7, 0x97c93363, 0xde4ca65d, 0xb7feb7b7,
	0x7473b1b1, 0x7cdf4a15, 0xc7c99792, 0xec67b7b7,
	0x5ac396ec, 0x661a27b3, 0x15f6f65a, 0x5a682d92,
	0x5d6836d5, 0x51514865, 0xbd5bb72d, 0xc9c9cef6,
	0xb7b62773, 0x5b929623, 0x5a2792c7, 0x5a5af37c,
	0x21cfb72d, 0x14141f69, 0x32de6914, 0x29aba4fb,
	0x32de8b4a, 0x1f2e2ee1, 0xcacaf45d, 0x65d500c8,
	0xfb48d4d4, 0x69fba6fb, 0x73a50b63, 0x486963dd,
	0x6add9706, 0xa5f92222, 0xdd7c2133, 0x2e223b66,
	0x2760bac5, 0x367cddbc, 0x3232c997, 0x66828232,
	0x7415b9b9, 0xf3f3dd7d, 0x7427b9ab, 0x32c91521,
	0xa497fb5b, 0xab4dc732, 0x65972d27, 0x3365294a,
	0xbbb6f67d, 0x72bcddeb, 0x44dfca0b, 0xf32ea5a9,
	0xcaa6b751, 0x4d694444, 0xde5bbd4d, 0x7285c98b,
	0x65fb488b, 0x590c9797, 0x598b591e, 0x6821d948,
	0x33c96348, 0x0b441f0c, 0x51dede48, 0x06366851,
	0xc9d92fde, 0x5933f4f4, 0xa55da50b, 0xa9895aeb,
	0x6ab5c0ba, 0x4a68a6f4, 0x212e7214, 0xe614fbde,
	0x298bcf7c, 0x29293674, 0x8bcec9bc, 0x32c9fb74,
	0xb7b7b732, 0x23c7b974, 0xde6515a4, 0x4dcecefb,
	0xd55b51c7, 0x3385ddeb, 0x065bc9b0, 0x1a6872c8,
	0x59ca5bc3, 0xa6c9d4d4, 0x73dede5d, 0x2d2db95a,
	0x0748fbfb, 0xc9fbfb07, 0x2fc9c969, 0x4a2fc7fb,
	0xf91e7c56, 0xc81f440b, 0xe165c844, 0x67842dde,
	0x23b9b6ef, 0x36825a23, 0xf91e001f, 0xb75192c4,
	0xccb1dc9b, 0x2d2d32b2, 0x92a6922f, 0x515adf4a,
	0x0c84bd51, 0x2fd474d4, 0xfb32972f, 0x1472d474,
	0x73747436, 0x29d9e173, 0x5197d474, 0xf415de51,
	0x664d2db7, 0x638be1bc, 0x14657436, 0x92c44400,
	0xd40ca65b, 0x6363fbfb, 0x74141459, 0x5929fb32,
	0x5bfb15cf, 0x44485dde, 0x1e220021, 0x6984de97,
	0xc9c90c33, 0x44a563de, 0xbcd5e144, 0x1e82332d,
	0xabecebeb, 0x44bbbbbf, 0xa606ca33, 0xb08936a6,
	0xb1dc40b4, 0x2929bbcc, 0x2d5c29bf, 0xf3bbdf4d,
	0xde5bc973, 0xfbde840c, 0x21695d97, 0xc90cc90c,
	0x1a1a744a, 0xf67c1ed5, 0x3b5af484, 0xc7b7fca4,
	0x96c3b6c3, 0x680b00c3, 0x2936f665, 0xd4720b0b,
	0xfbd457d4, 0x48144433, 0x292914d4, 0x8b140c4a,
	0x825a73d4, 0x634c5d15, 0x441f2100, 0x7214698b,
	0xa62d97cf, 0xb033065b, 0xc4a54a68, 0x33cfbbf3,
	0xa60cd406, 0x368b7497, 0xbb001ffb, 0x6751b7f3,
	0xdc40cc1d, 0x5cb2b17b, 0x10105110, 0x06897315,
	0x5151a6a6, 0x94c35151, 0x829422bb, 0x44f92e2e,
	0xec4d4a2e, 0x5b92f35a, 0x66f4a9a9, 0xd55a5af3,
	0xf3dfdf7c, 0xf9ddf696, 0xd5bc4400, 0x5d514c8b,
	0xce0c691f, 0xdea6de59, 0x7dbc56ce, 0xce596368,
	0x145659d4, 0x331f4844, 0xd44a211f, 0x73ceced4,
	0xdd279267, 0xef85f92e, 0xb63bdfdd, 0x740b56b6,
	0x8b63a5d4, 0xc751bd63, 0x89f97323, 0x0cdf22bb,
	0x40167a04, 0x3b5e9c1c, 0xb751fc8c, 0xddc45151,
	0x2df6275a, 0x29a91a1a, 0x5a222eec, 0x0b44a5c8,
	0x14742914, 0x93c86515, 0xec3b3697, 0x148b8927,
	0xce747474, 0x634dcece, 0x1eeb8b63, 0x2e2e7c44,
	0x4ccf001e, 0x22f3a906, 0x06caeb22, 0x59691f0b,
	0xa6ce5959, 0x8451512d, 0x65df8fbf, 0xc94dbdb7,
	0x0c0c4897, 0x0cc4c9f4, 0xf66689a6, 0xcaa6c85a,
	0xdd7cc8ca, 0x744a1f1f, 0xd414cf15, 0x2148fb5d,
	0x40ccbadc, 0xf2f8b140, 0xef235cab, 0xdea6f4bd,
	0xc9485968, 0x36c9c90c, 0xca63b0c4, 0x214a44e1,
	0x84975921, 0x14c9c9c9, 0x686333c9, 0x7bb25a89,
	0x9773ec9f, 0x7cf6f6ce, 0x97338982, 0x8cbd7389,
	0x0c5b8492, 0xa6dfddc8, 0x1448b7b7, 0x69d91472,
	0x84dedefb, 0x440cd4d4, 0x63d4ce7c, 0x72635dd4,
	0x1e1fa572, 0x5d063300, 0x1e1e441f, 0xefbd7da5,
	0x063b22dd, 0x4c634c06, 0xa5e10b5d, 0x694a4a7d,
	0x9bf2607f, 0x7a2cb840, 0x00448226, 0x823beb82,
	0xd45d0ca5, 0x74b3f34a, 0xbdb75132, 0xd40c4a7c,
	0x720b4c21, 0x154d745a, 0x630c684a, 0xef2d5bf4,
	0xdf822f67, 0x06851f82, 0xf685a651, 0x5b511a2f,
	0xcf63744d, 0xfbd4650b, 0x48720163, 0x2da6fbde,
	0x32a90684, 0x011484de, 0xfb17ced9, 0x364c06a6,
	0x000bcab0, 0x0c720b21, 0xa4331433, 0x85732972,
	0x5a5a7cf6, 0xd4211f66, 0x5d5bbd68, 0x512d2f65,
	0xf7397f7f, 0x1c40cbcb, 0xa6cab41c, 0xfb0c684c,
	0x6959d9ce, 0x97d41459, 0xbd151597, 0x48d40c51,
	0xf9650c69, 0xd44a66f3, 0x5c2ff697, 0x15277397,
	0x68cef61a, 0x4a36a684, 0x897d00c8, 0x1f14d40c,
	0xca0ba6a6, 0x211e1e56, 0x515d5da6, 0x86515a59,
	0xbfb98d2d, 0x8b7dbcdd, 0x482edf1f, 0xcf06065d,
	0x720b1fa5, 0x69481e1e, 0x515c74ce, 0x5bde5c51,
	0x32515bf4, 0x0633440b, 0x3bf3925b, 0x0c3292bb,
	0x397f7f39, 0x16cb24e5, 0x66c226f2, 0x5b0644e1,
	0x2ef9c9de, 0xa6fb697c, 0xcff9dfc4, 0x970c0c0c,
	0x852fcece, 0xc732bd84, 0x9436d95c, 0x2f2d92ec,
	0x4a4add4a, 0x56b08568, 0xdfdf7d7d, 0xfbcfddf9,
	0x7c00480c, 0xa64cdfdf, 0xec29595d, 0xb7b7968f,
	0x66ecbfa4, 0x1f48cf8b, 0xb7c70cde, 0x72ebc8b7,
	0xa65d0c59, 0x444c0633, 0xc7fbc9d4, 0x151a4d5c,
	0xb6ef5174, 0x220849ef, 0x2e72f922, 0x001e1fdd,
	0x397f396d, 0xe0cb7e39, 0x4dccccdc, 0x721e0bc8,
	0xcf4a1459, 0x4ac9c98b, 0xf6b08968, 0x2d5c3284,
	0x7436de51, 0xa45ad5bc, 0x4d1fde32, 0x273bd37a,
	0x69654a73, 0x82f98b21, 0xb7062929, 0xb75173ef,
	0x63a6b751, 0x6363330c, 0x4472211f, 0x8c5cfb89,
	0x6a6aabbf, 0x21c8634a, 0xdf444cca, 0x0c5c74b3,
	0xdec37474, 0xa651a651, 0x89746656, 0xdf22bb82,
	0xf4de8b7d, 0xecabb9f6, 0xdf444a29, 0xd45972df,
	0x7f39186d, 0x1c523939, 0x6a62ba2c, 0x07696948,
	0xc11436ce, 0x73292974, 0x67a44af6, 0x96b9b923,
	0x67ecec27, 0x362f51b7, 0x2f32fbc9, 0x5151512d,
	0x978484de, 0x8272295d, 0x8bd4ce4a, 0x96665d63,
	0x44440051, 0xdd48d472, 0x69de5d0b, 0xe6c951ce,
	0xf47dbf29, 0x8b33c997, 0x2159cf44, 0x14d4694c,
	0xfb973348, 0xf9a5dea6, 0xd448c8f9, 0xfb7d4a59,
	0x5d33a6a6, 0x51a6bda6, 0xa63284c7, 0x29b367de,
	0x01800100, 0xbf27732f, 0x335c5194, 0xf9eb44c8,
	0x823e7c49, 0x3bdfbbeb, 0x8b4a59ca, 0xebdf4459,
	0x447c7cdf, 0x2974147c, 0x5a6589bc, 0xd566f9eb,
	0x447244cf, 0xced41436, 0xc88b8b4a, 0xd57cdd36,
	0xf982dddf, 0x148bd5dd, 0xbc6674c1, 0xe290a189,
	0x9bbefd43, 0x16cb37cb, 0xb2c51c9b, 0xadba5eba,
	0x37e57eb1, 0xdc169b6d, 0xad62acbe, 0x041dad5e,
	0xae9c553c, 0x7ba03c9e, 0x62be6f1d, 0xad3c269b,
	0x71ad5e2c, 0x1f48691f, 0x141448ce, 0xeb5ab048,
	0x720b891e, 0x1e7cdd44, 0xd421dd72, 0x221e148b,
	0x14721eeb, 0xd4141ed9, 0x4a85324d, 0x4a14cfdd,
	0x8bcfc974, 0x2ed5e18b, 0xdfeb2222, 0xebdd73d5,
	0x14142972, 0x7dbc8b14, 0xcf368bdd, 0xe2503cd5,
	0xad50a190, 0x26cbe8ac, 0x7ab5ac6c, 0xf01d3ac0,
	0x6df77e60, 0xbebeadf2, 0x6262ad3c, 0xa02bf0be,
	0xae9cdaad, 0x502ba1a1, 0x2416f0f8, 0x3c62dcb8,
	0x9c3c2cad, 0xf9213348, 0x92511af3, 0xf3891515,
	0x2f275aec, 0x4d741a97, 0xdf440072, 0x6868f9eb,
	0x4af44aa5, 0x74362972, 0x27294a36, 0xf6158b59,
	0x721e8227, 0x94ab2914, 0x5ad57396, 0x8222ebdf,
	0xe1002edf, 0x5aec7c4a, 0x7229275a, 0xa3afad6a,
	0x28553c28, 0x5edcad55, 0x3a2cbabe, 0x1d2bae8d,
	0xad6d7e7e, 0x6f3cf12b, 0xf2acbe6f, 0x9a506f62,
	0xc57bc53c, 0xf855a13c, 0x2416f812, 0x5e1c40cb,
	0x55dc1c5e, 0xe1c4c9bd, 0x29bf4a44, 0xc373bfb9,
	0xc75ca467,
};

char EVL_D_80065FA0[724] = {
	0x5c, 0x97, 0xc9, 0xce, 0x4a, 0xf9, 0x2f, 0x89,
	0xbc, 0x36, 0xc8, 0x59, 0x0b, 0x44, 0x8b, 0x56,
	0xbd, 0xb6, 0xf3, 0xd5, 0xd5, 0xdf, 0xbb, 0xeb,
	0xf3, 0x3b, 0xeb, 0xdf, 0x6a, 0xdf, 0x72, 0x14,
	0x65, 0xf4, 0x85, 0x15, 0x66, 0x73, 0x2f, 0xf4,
	0xbc, 0xdd, 0x82, 0x3b, 0xf3, 0xdd, 0x7c, 0x7c,
	0x1e, 0x00, 0x59, 0x8b, 0x63, 0xb0, 0xa5, 0xe1,
	0x6a, 0x62, 0x1d, 0x47, 0x55, 0xad, 0x3c, 0xda,
	0x55, 0xa0, 0xad, 0x7b, 0x3c, 0x7a, 0x3a, 0xfa,
	0x80, 0x3d, 0x28, 0x71, 0x7e, 0xe5, 0xbe, 0x9e,
	0x9a, 0xae, 0x9a, 0x9e, 0xa1, 0x62, 0xbe, 0xac,
	0xad, 0x6f, 0x28, 0x3d, 0x71, 0xc5, 0x2c, 0x2c,
	0xb1, 0xaf, 0xaf, 0xaf, 0x50, 0x3d, 0x62, 0xe0,
	0x16, 0x16, 0x26, 0x7a, 0xf0, 0xbe, 0x16, 0x26,
	0xbf, 0xb6, 0x66, 0xa5, 0xca, 0xc8, 0xbc, 0x56,
	0xde, 0x5d, 0x69, 0x1f, 0x68, 0x15, 0x27, 0xc3,
	0x4a, 0x7c, 0x8b, 0xbc, 0x8b, 0xb0, 0xf4, 0x06,
	0xa9, 0x06, 0xd5, 0xf9, 0x5a, 0x89, 0x85, 0x1a,
	0xb9, 0x27, 0x56, 0xc4, 0xbc, 0xa5, 0x21, 0x36,
	0x65, 0x7d, 0x5a, 0xeb, 0xd5, 0x7c, 0x72, 0x8b,
	0x36, 0xdf, 0x21, 0xca, 0x89, 0xe1, 0x22, 0xeb,
	0x00, 0xe1, 0xe1, 0x44, 0x7c, 0xdf, 0x2e, 0xeb,
	0xdf, 0xf3, 0x7d, 0x73, 0xf3, 0x3b, 0x3b, 0x27,
	0x60, 0x2c, 0x1d, 0x28, 0xfa, 0x3c, 0x6f, 0x3c,
	0x6f, 0xa0, 0xf0, 0xc0, 0x9c, 0x9c, 0x4b, 0x8d,
	0x8d, 0x12, 0x50, 0xda, 0x3c, 0x62, 0xae, 0x77,
	0xdb, 0xd8, 0x11, 0xe4, 0x4b, 0x7a, 0x6f, 0x6f,
	0xad, 0xad, 0x43, 0x28, 0x04, 0x1d, 0xb1, 0xba,
	0x1c, 0x7a, 0xa1, 0xaf, 0x50, 0xa3, 0xfa, 0x2c,
	0x7a, 0x1c, 0xdc, 0x7a, 0xc5, 0x3c, 0xcc, 0x26,
	0xdf, 0xf9, 0x4a, 0x69, 0x33, 0x5d, 0xf4, 0xbd,
	0xf4, 0x4a, 0x00, 0x72, 0xbc, 0x2f, 0x97, 0x17,
	0xc9, 0xfb, 0x4c, 0xd4, 0x97, 0x5b, 0x5b, 0xbd,
	0x15, 0x4d, 0xbd, 0x56, 0x56, 0x4a, 0x14, 0x4a,
	0xa5, 0x7c, 0xdf, 0x82, 0x89, 0xa9, 0x89, 0x66,
	0xdd, 0xec, 0x94, 0x3b, 0x82, 0x7d, 0x33, 0x7d,
	0x1e, 0x44, 0xa5, 0x7c, 0xf9, 0xdd, 0xd5, 0x7c,
	0xdd, 0x5a, 0x66, 0xf6, 0x66, 0xf3, 0xd5, 0x66,
	0x89, 0xf3, 0x82, 0x82, 0x27, 0x27, 0x82, 0x3b,
	0xb4, 0x3c, 0xa1, 0x83, 0x90, 0xda, 0x6f, 0xda,
	0xda, 0x50, 0x6f, 0x7a, 0xae, 0x9a, 0x8d, 0x12,
	0x3a, 0xc5, 0x55, 0xf1, 0xd6, 0x7b, 0x9c, 0xfd,
	0x83, 0xd8, 0xd8, 0xa3, 0xae, 0x7b, 0xf0, 0x5e,
	0xbe, 0x62, 0x83, 0x3c, 0xf8, 0x7a, 0xb1, 0xf2,
	0xcc, 0x2c, 0xf8, 0xa1, 0xa0, 0xa3, 0x43, 0x77,
	0x71, 0x62, 0xf2, 0x2c, 0x0e, 0x5e, 0x62, 0x62,
	0x0c, 0x85, 0x68, 0x63, 0x65, 0x44, 0x1e, 0xbc,
	0xa6, 0xca, 0xa5, 0x33, 0x5d, 0x84, 0x97, 0x7d,
	0x82, 0xf3, 0x4c, 0x7d, 0x96, 0xbd, 0xef, 0x2d,
	0xd5, 0x36, 0x68, 0x5a, 0xbb, 0x89, 0x96, 0xc3,
	0xbc, 0x7d, 0x44, 0x8b, 0x14, 0x7c, 0x72, 0x7c,
	0x14, 0x74, 0x2f, 0x92, 0x66, 0x27, 0x89, 0x7d,
	0xdd, 0xdd, 0x44, 0xf9, 0xdd, 0x7c, 0x82, 0xdf,
	0xdf, 0xdf, 0xf3, 0x29, 0xec, 0xdd, 0x66, 0xd5,
	0x5a, 0x82, 0xdf, 0xbb, 0xec, 0xf3, 0xdd, 0x7d,
	0x7e, 0x1d, 0xa0, 0x2a, 0xa3, 0x47, 0x3c, 0x55,
	0x50, 0xfa, 0x2b, 0xaf, 0xae, 0xfd, 0x8d, 0xc5,
	0x0e, 0x7b, 0x12, 0xa1, 0x1d, 0xaf, 0x4b, 0xe7,
	0xe7, 0x79, 0xfe, 0xa3, 0xfa, 0x7b, 0x6f, 0xad,
	0xbe, 0xbe, 0xae, 0x5e, 0xc0, 0x5e, 0x7a, 0x1c,
	0x60, 0x1c, 0x04, 0xa1, 0xae, 0xa1, 0xe4, 0x64,
	0x9e, 0xf2, 0x26, 0x26, 0xb5, 0xc0, 0xf0, 0xf0,
	0xb0, 0xc8, 0xc4, 0x5d, 0x65, 0x29, 0x36, 0x2f,
	0xbd, 0x4c, 0x06, 0xa6, 0x56, 0xa4, 0xc7, 0x67,
	0xa4, 0x7d, 0xdd, 0xd5, 0x56, 0xc3, 0xab, 0x23,
	0x73, 0x29, 0x36, 0x33, 0x84, 0x1a, 0xb6, 0xb6,
	0x96, 0xef, 0xbf, 0x56, 0x66, 0x82, 0x66, 0x94,
	0xab, 0x94, 0x66, 0x68, 0x21, 0x7c, 0x4a, 0x74,
	0x96, 0xbc, 0x56, 0x66, 0x3b, 0x3b, 0x3b, 0xec,
	0xb9, 0xab, 0x29, 0x27, 0xa5, 0xca, 0x68, 0x27,
	0xdf, 0x22, 0xeb, 0x82, 0x5a, 0x7d, 0x66, 0xb9,
	0x40, 0xad, 0xf0, 0x04, 0x9a, 0xe2, 0xf1, 0xda,
	0xa0, 0x9e, 0xae, 0xa0, 0xfa, 0x8d, 0xa2, 0xc5,
	0xc5, 0x4f, 0x4b, 0x4b, 0x9e, 0x28, 0x81, 0x83,
	0x83, 0xe7, 0xfc, 0x80, 0xf0, 0x62, 0x62, 0xbe,
	0xbe, 0xbe, 0xa1, 0x71, 0x6f, 0xb1, 0xb1, 0xb1,
	0x5e, 0x5e, 0xf0, 0x2b, 0xae, 0x1d, 0x77, 0x3d,
	0x77, 0xad, 0x6c, 0xcb, 0x26, 0xc0, 0xc5, 0x7a,
	0x14, 0xbc, 0x97, 0x97, 0xce, 0x4a, 0xbc, 0xd5,
	0x89, 0x66, 0xeb, 0xbb, 0x27, 0xa9, 0xf4, 0xbc,
	0x96, 0x56, 0x4c, 0x4c, 0xf6, 0x96, 0xb6, 0xf6,
	0x4a, 0x44, 0xd4, 0x36, 0x5b, 0x2d, 0xbd, 0x66,
	0x66, 0xbc, 0xb9, 0xec, 0x3b, 0x85, 0x85, 0xb6,
	0xbf, 0x82, 0x92, 0x15, 0x59, 0x72, 0xdf, 0xf9,
	0x82, 0x5a, 0x5a, 0x7c, 0x29, 0x4a, 0x4d, 0xcf,
	0x29, 0x7d, 0xcf, 0x5a, 0x66, 0xb9, 0x94, 0xbf,
	0xef, 0xa9, 0xb9, 0x5a, 0x5a, 0xab, 0x04, 0xab,
	0xb8, 0x62, 0xf0, 0x3c, 0x2b, 0xa3, 0xaf, 0x55,
	0xfa, 0x2b, 0x55, 0xa1, 0xc5, 0x3a, 0xa1, 0x9e,
	0x09, 0xfd, 0xfd, 0x8d, 0xd8, 0xfd, 0x47, 0x9a,
	0xfd, 0xae, 0xe7, 0x8d,
};

char EVL_D_80066274[5436] = {
	0xf2, 0xf2, 0x26, 0x26, 0xf2, 0xbe, 0xae, 0x90,
	0x50, 0xc0, 0xb1, 0xb1, 0xf0, 0x7b, 0x7b, 0x2b,
	0xae, 0xf8, 0x50, 0x1d, 0xf8, 0xf8, 0xf2, 0xb8,
	0xcb, 0x5e, 0x7b, 0xc5, 0xbc, 0xce, 0x59, 0x74,
	0xc9, 0x97, 0x68, 0xc9, 0xb0, 0x4a, 0x33, 0x1f,
	0xca, 0x4c, 0x0b, 0x0b, 0x7c, 0x29, 0x2f, 0x84,
	0x89, 0x7d, 0x1a, 0x1a, 0x15, 0xce, 0xbc, 0x21,
	0xf9, 0x1e, 0xeb, 0xdd, 0xca, 0xca, 0x21, 0xb0,
	0x92, 0x15, 0x15, 0xf4, 0xca, 0x82, 0xdd, 0x27,
	0xbc, 0xdd, 0x0b, 0x21, 0xe1, 0x7c, 0x44, 0xdd,
	0xbc, 0xf9, 0x72, 0x14, 0x59, 0x4a, 0x27, 0xd5,
	0x5a, 0x66, 0x82, 0x82, 0xf3, 0xf3, 0xdd, 0xd5,
	0xdd, 0xdf, 0xdf, 0x3b, 0x24, 0x9b, 0x6c, 0x62,
	0x2b, 0x47, 0x2b, 0xda, 0xf8, 0x55, 0xda, 0x04,
	0xc0, 0xc0, 0x47, 0xe4, 0x81, 0x83, 0x83, 0xd8,
	0x79, 0x80, 0x90, 0x80, 0xfd, 0x0e, 0x4f, 0xa2,
	0xed, 0x26, 0x26, 0x16, 0x6c, 0xf2, 0x80, 0x3d,
	0x43, 0xc5, 0x1d, 0x7a, 0xad, 0xc0, 0x9c, 0xfa,
	0x12, 0xfd, 0x7a, 0x3c, 0x9c, 0xe4, 0xa1, 0x7a,
	0xcb, 0x62, 0x5e, 0x7b, 0x1e, 0x7c, 0x48, 0x5d,
	0x7d, 0x29, 0xf3, 0xeb, 0x7c, 0x33, 0xa6, 0x85,
	0x63, 0x59, 0x63, 0x21, 0x59, 0x8b, 0xc9, 0x32,
	0x51, 0x51, 0xc7, 0x8c, 0x2f, 0x06, 0x4c, 0xca,
	0xa9, 0xef, 0xca, 0xbc, 0x89, 0x56, 0x96, 0xa9,
	0xa9, 0x89, 0x89, 0x89, 0x29, 0x36, 0xbc, 0xdd,
	0xdd, 0xdd, 0x00, 0x44, 0x8b, 0x14, 0x8b, 0x1e,
	0x72, 0x29, 0x4a, 0x8b, 0x8b, 0x7c, 0x1e, 0xdf,
	0xd5, 0xdd, 0xf3, 0x7d, 0xbc, 0xe1, 0x7d, 0xe1,
	0xe1, 0xd5, 0xbc, 0x82, 0xe8, 0x9b, 0xcb, 0x9b,
	0x6f, 0x28, 0x2b, 0x3c, 0x3a, 0xfa, 0x2b, 0xfa,
	0x71, 0x55, 0x9e, 0x81, 0x79, 0x79, 0x83, 0x8d,
	0x8d, 0x80, 0x80, 0xe7, 0x4f, 0x54, 0x4f, 0x4f,
	0xba, 0x1c, 0xcc, 0xf2, 0x16, 0x26, 0xfd, 0x43,
	0xe2, 0x9a, 0x50, 0x04, 0x2c, 0x5e, 0x71, 0x50,
	0xfa, 0x1d, 0x5e, 0xfa, 0xd8, 0x38, 0xa3, 0x9e,
	0x7b, 0x55, 0x5e, 0x5e, 0xb0, 0x67, 0x5c, 0x73,
	0xf3, 0x7c, 0x4a, 0x48, 0x59, 0xd4, 0x1f, 0x8b,
	0x82, 0x7d, 0x44, 0x1e, 0x00, 0x69, 0xf4, 0x1a,
	0x8c, 0xef, 0x73, 0xcf, 0xa5, 0x21, 0x0b, 0x8b,
	0x3b, 0xec, 0xf3, 0x29, 0xdd, 0xb3, 0x82, 0xd4,
	0x68, 0x33, 0xc8, 0xf6, 0xd5, 0x8b, 0xcf, 0xca,
	0xdf, 0xdf, 0x7c, 0x36, 0x8b, 0x4a, 0x8b, 0xce,
	0xc9, 0x1f, 0x59, 0x8b, 0xd5, 0xe1, 0x5a, 0x27,
	0x93, 0x00, 0x44, 0x89, 0x56, 0xdd, 0xdd, 0x7c,
	0xdf, 0xdd, 0x82, 0x6a, 0xcb, 0x9b, 0x9b, 0x40,
	0x9b, 0x50, 0x2b, 0x3c, 0xc5, 0xe7, 0x81, 0x09,
	0x12, 0x2b, 0x50, 0x9e, 0x83, 0x8c, 0xe7, 0x4f,
	0xe7, 0xe7, 0x80, 0xfd, 0x8d, 0xe7, 0xfc, 0x8d,
	0xc0, 0x2c, 0xcc, 0x1c, 0xdc, 0x60, 0x7b, 0x9a,
	0xe4, 0x9c, 0x9e, 0x4b, 0xc5, 0x3c, 0x04, 0xae,
	0x9c, 0x2c, 0xc0, 0x81, 0xa3, 0xe2, 0x2a, 0x83,
	0x9e, 0xa1, 0x1d, 0x2c, 0x00, 0x82, 0xdd, 0xe1,
	0xdd, 0x63, 0xd4, 0x33, 0x1f, 0x93, 0xa5, 0xa6,
	0x48, 0x4a, 0x69, 0x5d, 0x48, 0x48, 0x69, 0xce,
	0xc4, 0xb7, 0x92, 0x92, 0xde, 0xa6, 0x68, 0xc8,
	0xc8, 0xdd, 0xdd, 0xf6, 0xa9, 0xca, 0xdd, 0x00,
	0xd5, 0x89, 0x96, 0x00, 0xdf, 0x93, 0x7d, 0xb6,
	0xf4, 0x5d, 0xc8, 0xdd, 0x7c, 0x44, 0x44, 0x44,
	0x44, 0xe1, 0x44, 0xf9, 0x27, 0xa4, 0x89, 0xd5,
	0xd5, 0xdd, 0xdf, 0xf9, 0xe1, 0x0b, 0x8b, 0xa5,
	0x00, 0x72, 0xdf, 0x16, 0x16, 0x16, 0x16, 0x16,
	0x40, 0xba, 0xba, 0xcc, 0x1c, 0x12, 0xd8, 0xd8,
	0xdb, 0x50, 0x04, 0x50, 0xfd, 0x4b, 0x4f, 0x3a,
	0x9c, 0x8d, 0x8d, 0xfa, 0xfc, 0xfc, 0xfc, 0x8d,
	0x7b, 0xc0, 0x1c, 0x62, 0xf2, 0xb1, 0x7a, 0x1d,
	0x4b, 0x7a, 0x4b, 0x3d, 0xae, 0x71, 0x7b, 0x7a,
	0x2c, 0xf0, 0xa1, 0xfd, 0x9e, 0x90, 0x9a, 0x83,
	0x80, 0xae, 0xda, 0xda, 0x0c, 0x84, 0x5b, 0x2d,
	0x4c, 0x7c, 0xa5, 0x4c, 0xca, 0x5a, 0x2e, 0xdf,
	0xd5, 0x68, 0x5d, 0xde, 0xcf, 0x29, 0x5a, 0x82,
	0x74, 0xf4, 0x92, 0xc3, 0xb6, 0xb9, 0xf3, 0x66,
	0xbc, 0xa5, 0x21, 0x0b, 0x44, 0x7c, 0xd5, 0x7d,
	0xd5, 0x82, 0x82, 0xd5, 0xa9, 0xa6, 0xdd, 0x00,
	0xeb, 0x82, 0xd5, 0x82, 0x00, 0xbb, 0x3b, 0xeb,
	0xeb, 0x82, 0xe1, 0x5a, 0xbb, 0x3b, 0x04, 0xc5,
	0xbb, 0x6a, 0xec, 0xec, 0x3b, 0x82, 0xdf, 0x82,
	0xf9, 0xeb, 0x2e, 0xe5, 0x40, 0xe0, 0xcc, 0xdc,
	0xdc, 0xdc, 0xb4, 0x16, 0x7e, 0xb4, 0x2c, 0x12,
	0x77, 0x2b, 0x1d, 0xa1, 0xae, 0x8d, 0x49, 0xa2,
	0x4f, 0xfa, 0xb1, 0x1d, 0x79, 0xfc, 0x79, 0x12,
	0x7b, 0x71, 0x3c, 0xad, 0x26, 0xc0, 0xc0, 0xba,
	0x55, 0xc0, 0x9c, 0x90, 0x9e, 0xf8, 0xb1, 0xf2,
	0x7b, 0xfd, 0xa0, 0x9e, 0xa0, 0x90, 0x50, 0x4b,
	0x09, 0x9c, 0x1c, 0x2c, 0xce, 0x84, 0xc7, 0x67,
	0xb9, 0x65, 0xca, 0xa5, 0xca, 0x06, 0xe1, 0x7c,
	0x44, 0xcf, 0xc8, 0xb0, 0xc8, 0x65, 0xc4, 0x33,
	0xca, 0x7c, 0x82, 0x56, 0xf3, 0xdf, 0x2e, 0xf9,
	0x68, 0xcf, 0x7c, 0x7c, 0xc8, 0xc8, 0x7d, 0x15,
	0xbd, 0x56, 0x7d, 0xd5, 0xdd, 0x82, 0xec, 0x7d,
	0x56, 0x06, 0xca, 0x33, 0xca, 0xca, 0xa5, 0x4a,
	0x4a, 0x14, 0x14, 0x72, 0x44, 0xdd, 0x7c, 0xab,
	0xa4, 0xa9, 0xb6, 0x7d, 0x68, 0x7d, 0x7c, 0x00,
	0x7c, 0xdd, 0x93, 0x0e, 0x40, 0x24, 0x9b, 0xe0,
	0xe0, 0x9b, 0x26, 0x62, 0xcb, 0xf7, 0x7e, 0xb4,
	0x60, 0xad, 0x3c, 0xfa, 0xfa, 0x9e, 0x12, 0x4f,
	0xf8, 0x60, 0x60, 0x4f, 0xe7, 0xe7, 0x64, 0x12,
	0x0e, 0x71, 0x3c, 0x26, 0x26, 0xa2, 0xc0, 0xcc,
	0xfa, 0x3a, 0xc5, 0x9a, 0x50, 0xfa, 0xc0, 0x5e,
	0xfa, 0xe4, 0xae, 0x71, 0xaf, 0x9e, 0xae, 0xaf,
	0x4f, 0x4f, 0xf8, 0x1d, 0x4a, 0x15, 0x96, 0x67,
	0x23, 0x96, 0xc3, 0x4a, 0xb6, 0xce, 0xbc, 0xce,
	0xc9, 0x0c, 0x59, 0xd4, 0x2f, 0x8c, 0x67, 0xbf,
	0x5a, 0xf3, 0xf6, 0xde, 0x36, 0x29, 0x36, 0xc9,
	0xc9, 0x84, 0x65, 0xa5, 0xbc, 0x68, 0xd5, 0x7d,
	0xd5, 0x27, 0x89, 0x7d, 0xa5, 0xe1, 0x0b, 0xbc,
	0xd5, 0x89, 0x89, 0x49, 0x3b, 0x1e, 0x5a, 0xf3,
	0xdf, 0xeb, 0xdf, 0xd5, 0x8b, 0xdd, 0x7d, 0x85,
	0xf6, 0x96, 0xf3, 0x82, 0x94, 0xdf, 0xeb, 0xeb,
	0xeb, 0xf9, 0x27, 0x94, 0xcc, 0xb8, 0x24, 0xcb,
	0xe5, 0xcb, 0xac, 0xf1, 0xe0, 0xdc, 0x9b, 0xf7,
	0xe0, 0xb4, 0xf0, 0x50, 0xf8, 0xaf, 0x9c, 0x4f,
	0x7b, 0xed, 0xb2, 0x09, 0x77, 0xa0, 0x28, 0x8d,
	0x8d, 0xc0, 0xbe, 0x26, 0x5e, 0x4f, 0x2c, 0xe0,
	0xa2, 0x3a, 0xc5, 0xae, 0x55, 0x9c, 0x12, 0x9c,
	0xfa, 0x9a, 0xa1, 0x71, 0x71, 0xfa, 0x50, 0xda,
	0x4f, 0x3a, 0xa2, 0x9c, 0xd4, 0x8b, 0xdf, 0xeb,
	0x73, 0x32, 0x97, 0xde, 0x51, 0x2d, 0x97, 0x84,
	0x2d, 0xc7, 0x2d, 0x92, 0xa4, 0x67, 0xb6, 0xa4,
	0x5c, 0x89, 0xf3, 0xec, 0xf3, 0xf3, 0xeb, 0xf9,
	0xbc, 0x65, 0xbc, 0x68, 0x89, 0xf6, 0xbc, 0x8b,
	0xc4, 0xf6, 0x15, 0x8b, 0x8b, 0x33, 0xbd, 0x06,
	0x4c, 0xc8, 0x89, 0xc8, 0x44, 0x2e, 0x1e, 0xf3,
	0xab, 0x67, 0xa9, 0xc3, 0xa5, 0x89, 0x85, 0xd5,
	0x5a, 0x82, 0x5a, 0xe1, 0x93, 0xdd, 0xf9, 0x00,
	0x5a, 0x94, 0x73, 0x94, 0xdc, 0x37, 0xcb, 0xcb,
	0x9b, 0xcb, 0x24, 0xf2, 0x24, 0x24, 0xc0, 0xb1,
	0xf2, 0xbe, 0x50, 0xae, 0x04, 0xf8, 0xc0, 0xb5,
	0x0e, 0xc5, 0xc0, 0xfa, 0x9e, 0xae, 0x50, 0x4b,
	0x4f, 0x3c, 0x60, 0xac, 0xc5, 0x4f, 0xba, 0x16,
	0xb5, 0xb2, 0xfd, 0xae, 0x71, 0x9c, 0x09, 0x77,
	0xfd, 0x80, 0x4b, 0x4f, 0x9e, 0x09, 0x12, 0x1d,
	0x7b, 0xa2, 0x9c, 0xfa, 0xc4, 0x21, 0x4c, 0x4c,
	0x85, 0xbd, 0x2f, 0xa4, 0xde, 0x51, 0xc7, 0xc7,
	0x74, 0x82, 0xdf, 0xdd, 0xf4, 0x29, 0x5a, 0x29,
	0x21, 0x0b, 0x7d, 0x06, 0x33, 0x33, 0x69, 0x0c,
	0x97, 0x97, 0x15, 0xcf, 0x36, 0x15, 0x36, 0x15,
	0xb0, 0xbc, 0x44, 0x0b, 0x4c, 0x68, 0x4a, 0xa4,
	0x5b, 0x65, 0x8b, 0x1e, 0x44, 0x44, 0x00, 0x7d,
	0xbc, 0x66, 0xb6, 0xec, 0x49, 0x44, 0xdd, 0xdd,
	0xf3, 0x7c, 0xdd, 0xdd, 0x27, 0xbc, 0x66, 0x66,
	0xbc, 0xf4, 0xa9, 0xc0, 0xc5, 0xed, 0xe8, 0xcb,
	0x9b, 0xb8, 0xe8, 0x26, 0x16, 0xf7, 0xc0, 0xa2,
	0xad, 0xda, 0x9e, 0xaf, 0x55, 0xfa, 0xc0, 0x2c,
	0xa2, 0x49, 0xa2, 0x9e, 0x4b, 0xa0, 0x50, 0x4b,
	0x3a, 0xf2, 0xbe, 0x3c, 0x4f, 0x12, 0xba, 0xe0,
	0x1c, 0x0e, 0x9e, 0x9e, 0x71, 0x3a, 0xfd, 0x77,
	0xd8, 0xfc, 0xe7, 0x77, 0x09, 0xfe, 0x80, 0xc0,
	0xc0, 0x3a, 0x4f, 0xa2, 0x84, 0x68, 0xc4, 0xbd,
	0x66, 0x82, 0x82, 0x8b, 0x4a, 0x97, 0xc9, 0x72,
	0xf9, 0x44, 0x4a, 0x85, 0xbc, 0xbc, 0x63, 0x65,
	0x1e, 0xcf, 0x5d, 0x0c, 0x56, 0x36, 0x82, 0x82,
	0xcf, 0x8b, 0x59, 0x0c, 0x5d, 0xbd, 0xa9, 0x96,
	0x7c, 0xdf, 0x00, 0xa5, 0x4c, 0xca, 0x68, 0x56,
	0x4a, 0x29, 0x4a, 0xcf, 0xa5, 0x7c, 0x14, 0x4a,
	0xbc, 0xc8, 0x44, 0xeb, 0xe1, 0xa5, 0x93, 0xdd,
	0xe1, 0xa5, 0x4a, 0x8b, 0xf9, 0x1e, 0xf9, 0x8b,
	0xbc, 0x89, 0xe1, 0xc0, 0x9e, 0xfd, 0x6d, 0x16,
	0x16, 0xcb, 0x40, 0xf2, 0x7a, 0xcc, 0x1d, 0x2c,
	0x5e, 0xda, 0x50, 0x55, 0xaf, 0x04, 0xc0, 0xb1,
	0xa2, 0x4f, 0x4f, 0xfd, 0xfd, 0x9e, 0x50, 0x2b,
	0x7b, 0xcc, 0xba, 0x4b, 0xfd, 0x4b, 0xc0, 0x60,
	0xb5, 0xc0, 0xa0, 0xa0, 0xaf, 0xa2, 0x12, 0x09,
	0x8d, 0x80, 0x09, 0x47, 0x9e, 0x77, 0x83, 0xf0,
	0x3c, 0xc5, 0x4f, 0x7b, 0x0c, 0x5d, 0x65, 0x89,
	0xbd, 0x4c, 0x33, 0x48, 0x69, 0xc9, 0x69, 0x0b,
	0x0b, 0xf9, 0x1e, 0xf9, 0xf9, 0xf3, 0x2f, 0x14,
	0xc4, 0x5b, 0xbd, 0xb0, 0x4a, 0x7c, 0x7c, 0xce,
	0x5b, 0xde, 0x69, 0x06, 0x5b, 0x5b, 0x2d, 0x5d,
	0x84, 0x06, 0x0c, 0x7d, 0x44, 0xdd, 0x7d, 0xca,
	0x7d, 0x7c, 0x7c, 0x89, 0x7d, 0x7d, 0xd5, 0x82,
	0xbb, 0x6a, 0x5a, 0x7d, 0x7c, 0xdd, 0x44, 0xdf,
	0xdd, 0xf9, 0xf9, 0xbc, 0xf9, 0xdf, 0xdf, 0xdf,
	0x89, 0x4a, 0xf3, 0xc5, 0x90, 0x09, 0x7a, 0x37,
	0xdc, 0x40, 0x6c, 0x5e, 0xae, 0x2c, 0xf0, 0xba,
	0x5e, 0xf1, 0x50, 0xf8, 0x55, 0x71, 0xc5, 0x3a,
	0x49, 0x4f, 0x4b, 0x12, 0x4b, 0x9e, 0xa0, 0xaf,
	0xad, 0xac, 0xf0, 0x77, 0x9a, 0x77, 0x9c, 0x0e,
	0x7a, 0xf1, 0x50, 0x55, 0x1d, 0xa2, 0x12, 0x4b,
	0x4b, 0xa2, 0xfa, 0xfa, 0x50, 0xae, 0x77, 0xfa,
	0x55, 0x6f, 0xc5, 0x0e, 0x68, 0xc8, 0xc4, 0x89,
	0xf6, 0xc9, 0xc4, 0x36, 0x82, 0x66, 0x85, 0x66,
	0xf9, 0xa5, 0x1e, 0x1e, 0xdd, 0x27, 0x82, 0x00,
	0x2e, 0x1e, 0x8b, 0xec, 0x2e, 0xdf, 0x93, 0x4c,
	0x21, 0xca, 0xa5, 0x0b, 0xeb, 0xd5, 0x06, 0x4c,
	0x44, 0xdd, 0xf9, 0x8b, 0x0b, 0xcf, 0xca, 0xc8,
	0xc8, 0xdd, 0x1e, 0x2e, 0xd5, 0xc8, 0xb0, 0xb0,
	0x84, 0xf4, 0x56, 0x5a, 0x44, 0xa5, 0x93, 0x7c,
	0xdd, 0x00, 0x1e, 0x44, 0x1e, 0xdf, 0x7c, 0xdf,
	0x7c, 0x89, 0xf6, 0x04, 0x9a, 0xfd, 0xe7, 0x1c,
	0x6c, 0xcb, 0x9b, 0xf8, 0x9a, 0xc0, 0x5e, 0x62,
	0x55, 0xda, 0x50, 0x55, 0x71, 0xda, 0x9c, 0x49,
	0xa2, 0x12, 0xa0, 0xfa, 0x9e, 0xae, 0xae, 0xaf,
	0xf1, 0xb1, 0xaf, 0x77, 0xdb, 0x77, 0xfa, 0xa2,
	0x7a, 0xf1, 0xf1, 0x5e, 0x1d, 0xae, 0x4f, 0xa2,
	0xc5, 0x9c, 0xfa, 0xfa, 0x71, 0xa1, 0x9e, 0x9a,
	0x6f, 0xf8, 0xc5, 0xc0, 0xeb, 0xec, 0x66, 0xe1,
	0xdf, 0xbb, 0x73, 0x32, 0x84, 0x85, 0x66, 0xbc,
	0x06, 0x1f, 0x33, 0x0b, 0xdf, 0x65, 0xa9, 0x4c,
	0xc8, 0xdd, 0xdf, 0x2e, 0x2e, 0x7c, 0xfb, 0x5d,
	0x0c, 0x1f, 0xa5, 0x21, 0x1f, 0x0b, 0x0b, 0x21,
	0xc8, 0xcf, 0xc8, 0x65, 0xc8, 0x68, 0xcf, 0xce,
	0xc8, 0x1f, 0xa5, 0x0b, 0x21, 0xca, 0xbc, 0xf3,
	0x89, 0x49, 0x3b, 0x66, 0x93, 0xf3, 0xd5, 0xdd,
	0x7c, 0xeb, 0xdf, 0xdf, 0xdf, 0xdf, 0x4a, 0x7c,
	0xdf, 0x1e, 0x22, 0xf1, 0xa1, 0x09, 0x77, 0x80,
	0x40, 0x37, 0xbe, 0x50, 0xaf, 0xb1, 0xb1, 0xb1,
	0x12, 0x71, 0x50, 0x55, 0x6f, 0xa1, 0x04, 0x12,
	0x49, 0x4b, 0xae, 0x9e, 0xae, 0xa1, 0xf1, 0x55,
	0xda, 0xda, 0x2b, 0x28, 0x9a, 0x9a, 0x9c, 0x9c,
	0xf0, 0xbe, 0xbe, 0xad, 0xf1, 0x50, 0x9c, 0xa2,
	0xc5, 0xa2, 0x9c, 0x04, 0x7b, 0xaf, 0x9e, 0x4b,
	0xf0, 0x55, 0x04, 0x0e, 0x1a, 0xce, 0x15, 0x74,
	0x66, 0x8b, 0xe1, 0xbc, 0x82, 0x3b, 0xdf, 0x3b,
	0x66, 0x06, 0xa6, 0xf3, 0x89, 0x56, 0xd5, 0x3b,
	0x6a, 0xbb, 0x00, 0xa5, 0x89, 0xd4, 0xce, 0x7c,
	0x2e, 0x00, 0xe1, 0x44, 0x72, 0x8b, 0x8b, 0x21,
	0xdf, 0x7c, 0x5a, 0xdf, 0x22, 0xdf, 0x72, 0x7c,
	0x59, 0x72, 0xeb, 0x82, 0xe1, 0xf6, 0x85, 0x89,
	0xd5, 0xf9, 0x22, 0xeb, 0xf3, 0x93, 0x00, 0xdf,
	0x93, 0x82, 0xdf, 0x82, 0xf9, 0x00, 0x7c, 0x7c,
	0x44, 0xd5, 0x94, 0x55, 0x71, 0x4b, 0x09, 0x79,
	0x7e, 0x40, 0xaf, 0x55, 0xf0, 0x7a, 0xcc, 0x2c,
	0xae, 0x12, 0x50, 0x2b, 0x5e, 0x6f, 0xda, 0x9c,
	0x12, 0xa0, 0x9e, 0xa0, 0x4b, 0x55, 0x6f, 0x3c,
	0xc5, 0xaf, 0x2b, 0x9e, 0x2b, 0xa0, 0xc5, 0xa2,
	0xf0, 0xac, 0x1c, 0x62, 0xad, 0xfa, 0xfa, 0x12,
	0xa2, 0x9c, 0xf8, 0x71, 0x04, 0xf8, 0xaf, 0xfa,
	0x9c, 0x62, 0x1d, 0xc5, 0x7c, 0x4a, 0x84, 0x1a,
	0xf4, 0x5b, 0xc4, 0x63, 0xc9, 0x59, 0x44, 0xd4,
	0x44, 0x44, 0x8b, 0x00, 0xe1, 0x4c, 0xca, 0x85,
	0xa9, 0xf4, 0xa9, 0xef, 0xa5, 0x06, 0x5d, 0xc8,
	0xca, 0xca, 0xd5, 0xf9, 0x8b, 0xcf, 0xe1, 0x7c,
	0xf9, 0x7c, 0x36, 0xcf, 0x29, 0x72, 0x7c, 0x59,
	0x36, 0x82, 0xab, 0x5a, 0xf3, 0x27, 0xdf, 0x82,
	0xdf, 0x82, 0x44, 0x1e, 0xdf, 0x44, 0x7d, 0xeb,
	0x3b, 0xdf, 0x2e, 0x2e, 0x22, 0x44, 0xa5, 0xbc,
	0x82, 0x00, 0xb1, 0x71, 0x71, 0x7b, 0x09, 0xfa,
	0x2c, 0x5e, 0x2b, 0x55, 0x5e, 0xcc, 0x6c, 0xba,
	0x9c, 0xae, 0x2b, 0xaf, 0xd6, 0xf0, 0x3c, 0xf1,
	0x9c, 0xfd, 0xfd, 0xae, 0x50, 0xa1, 0xf1, 0x3c,
	0xc0, 0xf0, 0xd6, 0x4b, 0xaf, 0xf1, 0x7a, 0xc5,
	0x6f, 0xac, 0xf0, 0x3c, 0xad, 0x9c, 0x4f, 0x4f,
	0x7a, 0x3a, 0x04, 0xfa, 0x9c, 0x71, 0xc0, 0x9c,
	0x4b, 0x6f, 0xf0, 0x9c, 0x4c, 0xf4, 0x92, 0x92,
	0xf6, 0x5b, 0xca, 0x06, 0x68, 0xe1, 0xde, 0x5d,
	0x69, 0x33, 0xc8, 0x0c, 0x5d, 0x15, 0x29, 0x4a,
	0xa9, 0x5a, 0xbb, 0x3b, 0xec, 0x29, 0x36, 0x68,
	0x4a, 0x7d, 0xa5, 0xe1, 0xdd, 0x65, 0x44, 0x7c,
	0x8b, 0x29, 0xab, 0x29, 0xbf, 0x4d, 0xc4, 0x44,
	0x7c, 0xa5, 0xa9, 0x27, 0xf3, 0xe1, 0x36, 0x7d,
	0x4a, 0x36, 0xdd, 0xe1, 0xca, 0xdd, 0x7c, 0x72,
	0xf9, 0x66, 0x66, 0x7d, 0x29, 0x27, 0x4a, 0x74,
	0x7c, 0x82, 0x5e, 0xf8, 0xf1, 0xf8, 0x80, 0x26,
	0x9c, 0x3c, 0xaf, 0x50, 0x2c, 0x16, 0xb4, 0xb1,
	0x1d, 0xaf, 0x2b, 0xaf, 0xc0, 0xd6, 0x3c, 0xa2,
	0x04, 0x9e, 0xae, 0xf8, 0xf1, 0xae, 0x6f, 0x3c,
	0xb1, 0xb1, 0x3c, 0xa1, 0xaf, 0xf0, 0xf0, 0xb2,
	0x55, 0xf1, 0xa1, 0x55, 0xc0, 0xc5, 0xa2, 0x7b,
	0x7a, 0xc5, 0xfa, 0x28, 0xf8, 0xc0, 0xc5, 0xfa,
	0xae, 0x50, 0xf8, 0xfa, 0xcf, 0xc8, 0xa5, 0xe1,
	0xca, 0x7d, 0x7d, 0x89, 0xa6, 0x85, 0xc8, 0x4a,
	0xf9, 0x7c, 0x8b, 0xdd, 0x29, 0x29, 0x68, 0x4c,
	0xca, 0xc8, 0x4c, 0xa5, 0x14, 0x72, 0x7c, 0x66,
	0xbd, 0xb0, 0x89, 0x7d, 0xa5, 0xa5, 0x68, 0xc9,
	0xc4, 0x63, 0x0b, 0x36, 0x74, 0x15, 0x73, 0x7c,
	0x0b, 0x68, 0xc8, 0xf3, 0xdf, 0xdd, 0x56, 0x4c,
	0x73, 0x7c, 0x27, 0x97, 0x85, 0x74, 0x72, 0x29,
	0x4a, 0xc1, 0x5a, 0x27, 0xf3, 0xd5, 0x82, 0x82,
	0x82, 0xb1, 0xda, 0x50, 0x04, 0x12, 0x83, 0xad,
	0xe7, 0xb1, 0xf2, 0x55, 0xc5, 0xf2, 0xf2, 0x2c,
	0x7a, 0xf1, 0xae, 0xaf, 0x6f, 0x3c, 0xba, 0xa2,
	0x9c, 0xae, 0x55, 0xd6, 0x6f, 0xaf, 0xf0, 0x3c,
	0xf1, 0x4f, 0xa2, 0x55, 0x9c, 0xb1, 0xb2, 0x7a,
	0x2b, 0xaf, 0xa0, 0xa1, 0xc5, 0x2c, 0x2c, 0x7a,
	0x7a, 0x7b, 0xf8, 0x9e, 0x1d, 0xc0, 0xf0, 0xae,
	0xae, 0xfd, 0xa1, 0x9c, 0x4c, 0xc9, 0xb0, 0x5d,
	0x69, 0xcf, 0x59, 0x36, 0x59, 0xc8, 0x93, 0x7d,
	0xc8, 0xca, 0xa6, 0x4c, 0xd4, 0x8b, 0xce, 0xf4,
	0x06, 0x06, 0x4c, 0x36, 0xce, 0x74, 0xcf, 0x7c,
	0xeb, 0xbb, 0xd5, 0x8b, 0x1e, 0x14, 0x0b, 0xe1,
	0xf9, 0x7c, 0xa5, 0xca, 0x89, 0x6a, 0xec, 0x94,
	0xd5, 0x27, 0xa5, 0xca, 0xca, 0x89, 0xc8, 0x82,
	0xd5, 0x33, 0xcf, 0xf9, 0xe1, 0xc8, 0xd5, 0x5a,
	0xd5, 0x65, 0x65, 0xbc, 0x82, 0xd5, 0x7c, 0xdf,
	0xec, 0x62, 0xda, 0xaf, 0xfa, 0x9c, 0xc0, 0x71,
	0xfd, 0xf1, 0x16, 0x5e, 0x7a, 0x1c, 0x2c, 0x2c,
	0x0e, 0x6f, 0x2b, 0xfa, 0x6f, 0xad, 0xc0, 0xa2,
	0x50, 0xae, 0xf1, 0xd6, 0xf0, 0xf1, 0xb1, 0xf0,
	0x4f, 0x4f, 0x8d, 0xa2, 0x7a, 0x7a, 0xb5, 0xba,
	0x2b, 0xaf, 0x55, 0xa2, 0xa1, 0xad, 0x2c, 0x5e,
	0x2c, 0xb1, 0x1d, 0xf0, 0x1d, 0xc0, 0x7a, 0x4b,
	0xfa, 0x4b, 0xae, 0x12, 0x33, 0x68, 0xa6, 0x85,
	0x7d, 0x21, 0x06, 0xa4, 0xb9, 0xec, 0x3b, 0x3b,
	0x82, 0x7c, 0x7d, 0xb0, 0x69, 0x48, 0x8b, 0xd5,
	0x7c, 0x72, 0x44, 0x14, 0x44, 0x14, 0x4a, 0x0c,
	0xf6, 0x84, 0x5d, 0x2f, 0xce, 0xce, 0xce, 0x7d,
	0xf3, 0x82, 0x66, 0x97, 0xbd, 0xf4, 0x56, 0x73,
	0xf3, 0x72, 0x7c, 0x14, 0xe1, 0xc8, 0xc2, 0x4a,
	0xf6, 0x92, 0x68, 0x36, 0xa5, 0xbc, 0xd5, 0xdf,
	0x3b, 0x7d, 0xf6, 0x7d, 0xf3, 0x7d, 0xf3, 0xd5,
	0x7b, 0x62, 0xda, 0xf1, 0x50, 0xf0, 0x2c, 0x71,
	0x50, 0x71, 0xaf, 0xae, 0x05, 0xba, 0x04, 0xc5,
	0xc5, 0x4f, 0xf8, 0xfd, 0xf1, 0xba, 0x7b, 0xaf,
	0xa1, 0xa0, 0xda, 0x6f, 0x3c, 0xf1, 0xf0, 0xb1,
	0xa2, 0x3a, 0x3a, 0xa2, 0xb1, 0xad, 0xb2, 0xb1,
	0x6f, 0x2b, 0xaf, 0x55, 0xaf, 0x3c, 0x2c, 0xba,
	0xba, 0xba, 0x7a, 0xc0, 0x7a, 0xf0, 0xc0, 0xa1,
	0xfa, 0x71, 0xae, 0xfa, 0x0b, 0x4a, 0x97, 0xde,
	0xa6, 0x06, 0x21, 0xca, 0x14, 0x14, 0x14, 0x69,
	0x48, 0xce, 0x33, 0x65, 0x4c, 0x4c, 0x0c, 0xc9,
	0xc9, 0xde, 0xce, 0x4a, 0xdd, 0xdd, 0xca, 0x65,
	0x7d, 0x8b, 0x4a, 0x14, 0x4a, 0xc9, 0x68, 0x63,
	0x0b, 0xdd, 0x44, 0x65, 0x65, 0x4c, 0x7d, 0x27,
	0x5b, 0xa9, 0xb0, 0xbc, 0xc8, 0xcf, 0x89, 0x8b,
	0xf3, 0x56, 0x66, 0xdf, 0xeb, 0x5a, 0xa5, 0x7c,
	0xe1, 0x2f, 0x74, 0x3b, 0x3b, 0x82, 0xd5, 0xd5,
	0x7a, 0xbe, 0x3c, 0x6f, 0x2b, 0x2c, 0x3c, 0x55,
	0xa0, 0x55, 0x3d, 0x50, 0x88, 0x7a, 0xc5, 0x0e,
	0x0e, 0x8d, 0x4f, 0x7a, 0x3c, 0xad, 0x71, 0xda,
	0xaf, 0xa0, 0x55, 0x3c, 0xb1, 0x3c, 0xb1, 0xb1,
	0xa2, 0x3a, 0x3a, 0x3a, 0xf0, 0xb1, 0xb5, 0xc0,
	0x3c, 0x04, 0xf0, 0xf1, 0x55, 0xc5, 0x7b, 0x2c,
	0x2c, 0x2c, 0xc0, 0x55, 0x71, 0x3c, 0xc0, 0x7a,
	0xc0, 0xae, 0x9e, 0xa1, 0xb0, 0xbc, 0x15, 0x5b,
	0x4c, 0x8b, 0x4a, 0x44, 0xeb, 0x44, 0x5d, 0xce,
	0x8b, 0x8b, 0x7c, 0xf9, 0x72, 0xeb, 0x44, 0xbc,
	0xdf, 0xf9, 0x4d, 0xc7, 0x51, 0x2d, 0x68, 0x7c,
	0x82, 0x15, 0x5a, 0x5a, 0x7c, 0xf9, 0x1f, 0xc4,
	0x27, 0x29, 0x4d, 0x15, 0xe1, 0x8b, 0xcf, 0xc8,
	0xc8, 0x7d, 0x7d, 0xc8, 0x33, 0xca, 0x68, 0xca,
	0x1f, 0xa5, 0xb0, 0xa5, 0xdf, 0x66, 0x89, 0xcf,
	0x65, 0xc8, 0x29, 0x29, 0x29, 0x29, 0x7c, 0x3b,
	0x62, 0xf2, 0xf1, 0xda, 0xad, 0xf0, 0xa1, 0x1d,
	0x7b, 0xa1, 0x28, 0x71, 0x40, 0x12, 0xc5, 0xba,
	0x7b, 0x12, 0x0e, 0xe8, 0xf2, 0x5e, 0x04, 0x6f,
	0x50, 0xda, 0xda, 0xd6, 0xb1, 0xb1, 0xb1, 0xb1,
	0xf0, 0xc0, 0xc0, 0x7a, 0xc0, 0xb1, 0xb5, 0xb5,
	0x3c, 0xda, 0x2c, 0x6f, 0xda, 0x7b, 0xa2, 0xc0,
	0x7a, 0x7a, 0x9c, 0x09, 0xa1, 0xf0, 0x5e, 0xcb,
	0x16, 0x3c, 0x12, 0x4f, 0xd4, 0x8b, 0xd4, 0xcf,
	0xc8, 0xca, 0x44, 0xa5, 0xa5, 0xb0, 0x0c, 0x97,
	0x2f, 0x7c, 0x14, 0xde, 0x06, 0xa6, 0x51, 0xa5,
	0xd4, 0x15, 0xcf, 0xb0, 0x74, 0x97, 0xbc, 0xdd,
	0xdd, 0xf9, 0xdd, 0xe1, 0xca, 0x5d, 0x48, 0x59,
	0x59, 0x15, 0xbd, 0x56, 0xca, 0xca, 0x4a, 0xe1,
	0xbc, 0xdd, 0xdf, 0x8b, 0xcf, 0x8b, 0x59, 0xcf,
	0x68, 0x4c, 0xdd, 0x2e, 0x7f, 0xf3, 0xf4, 0x97,
	0x5a, 0xeb, 0x2e, 0xeb, 0x1e, 0xdf, 0x8b, 0xfa,
	0x62, 0xbe, 0xf1, 0xf1, 0xf2, 0x5e, 0x55, 0x1c,
	0xc0, 0x55, 0x2b, 0xa0, 0xba, 0x7a, 0xd8, 0x9c,
	0xc0, 0xb5, 0xcc, 0xcc, 0xf0, 0x6f, 0xd6, 0x7a,
	0xaf, 0xf1, 0xaf, 0xaf, 0x3c, 0xb5, 0xb5, 0xb2,
	0xb1, 0x7a, 0xba, 0xb1, 0xad, 0xb1, 0xb1, 0xb2,
	0x55, 0xda, 0x6f, 0x6f, 0x6f, 0x7a, 0x8d, 0x4f,
	0xc0, 0x04, 0xfa, 0x09, 0xaf, 0x7a, 0x1c, 0x37,
	0x37, 0xcb, 0x26, 0x7a, 0x0b, 0x33, 0x1f, 0x65,
	0xc8, 0x85, 0xa6, 0xa5, 0x00, 0x89, 0xa5, 0x06,
	0x06, 0x1f, 0x8b, 0x0b, 0x8b, 0x44, 0x1f, 0x0c,
	0x97, 0xd4, 0x74, 0x0c, 0x44, 0x44, 0x44, 0x63,
	0x63, 0x33, 0x48, 0xcf, 0xe1, 0x93, 0x00, 0x00,
	0x7d, 0xca, 0xdd, 0xdf, 0xdd, 0x44, 0x8b, 0xca,
	0x06, 0x06, 0xc4, 0x7d, 0x4a, 0x56, 0x36, 0x73,
	0x36, 0x4a, 0xdd, 0x7c, 0xa5, 0xca, 0x2f, 0x4a,
	0x29, 0x29, 0x94, 0x5a, 0xdd, 0xbc, 0xbf, 0x1d,
	0x5e, 0xad, 0x3c, 0x62, 0xbe, 0x62, 0xad, 0x1c,
	0x7a, 0xad, 0x1d, 0x50, 0x04, 0xe0, 0x2c, 0xb1,
	0x7e, 0x1c, 0x7a, 0x9c, 0x04, 0xf1, 0xad, 0x6f,
	0x6f, 0xda, 0xda, 0x2b, 0xf1, 0xb5, 0xb2, 0xb5,
	0xb1, 0xb1, 0xb2, 0xb2, 0xb5, 0x3c, 0xb1, 0xc0,
	0xc5, 0xaf, 0x55, 0x5e, 0xf0, 0x7b, 0x09, 0x09,
	0x7a, 0x04, 0x4f, 0xae, 0xf0, 0xf0, 0xb1, 0x6c,
	0xe8, 0x99, 0x24, 0x6c, 0xfb, 0x1f, 0x0b, 0x8b,
	0xbc, 0xc4, 0x4c, 0x06, 0xb0, 0x7c, 0x14, 0xd5,
	0x8b, 0x8b, 0x63, 0x68, 0x5d, 0xde, 0x4c, 0x1f,
	0x15, 0x59, 0xce, 0x97, 0x5b, 0xde, 0x5b, 0x66,
	0x73, 0xb0, 0x63, 0x4a, 0x74, 0x74, 0x5a, 0xf9,
	0x1e, 0x7c, 0x7c, 0xe1, 0xa5, 0xca, 0xa5, 0xdd,
	0xca, 0x56, 0xcf, 0x1e, 0x1e, 0xc8, 0xc8, 0x44,
	0x8b, 0xe1, 0xc9, 0x56, 0x56, 0x36, 0x29, 0x7d,
	0xce, 0x4a, 0xe6, 0x4a, 0x14, 0xdf, 0x4b, 0xf1,
	0xf1, 0xda, 0x62, 0xf2, 0x3c, 0x3c, 0x4f, 0xb1,
	0xcc, 0xe8, 0x1c, 0x7b, 0x71, 0x2c, 0xf7, 0x7a,
	0xa2, 0xf8, 0x55, 0xa2, 0xa2, 0x3a, 0x6f, 0xd6,
	0x3c, 0x6f, 0xda, 0x2b, 0x1d, 0xb1, 0xb5, 0xb5,
	0xb1, 0xb2, 0xb1, 0xb5, 0xb2, 0xad, 0xd6, 0x0e,
	0x28, 0xda, 0xaf, 0x6f, 0xaf, 0x12, 0x09, 0xae,
	0xc5, 0xc0, 0x7a, 0xa1, 0x1d, 0x1d, 0x71, 0x2c,
	0x16, 0x37, 0xb8, 0x16, 0xd4, 0x48, 0xd4, 0x33,
	0x33, 0xc8, 0xca, 0x33, 0x06, 0x33, 0x33, 0x5d,
	0x33, 0x06, 0xca, 0xd5, 0x7c, 0xeb, 0xc8, 0x4c,
	0x4c, 0x97, 0x2f, 0x4d, 0x4d, 0x67, 0xa4, 0xde,
	0x84, 0x68, 0x65, 0xcf, 0x36, 0x36, 0xd4, 0x8b,
	0x8b, 0xcf, 0xcf, 0x7c, 0xa5, 0xc8, 0xc8, 0xdd,
	0x2e, 0x1e, 0x44, 0xd4, 0x0b, 0x44, 0x8b, 0xc8,
	0x0b, 0x1e, 0xeb, 0xf9, 0x82, 0x82, 0xdd, 0xdd,
	0x7c, 0x7c, 0xdd, 0x7c, 0x74, 0x74, 0x90, 0xf1,
	0xaf, 0xda, 0x62, 0x60, 0x4f, 0xa2, 0xba, 0xb4,
	0xe0, 0x6c, 0x26, 0xc5, 0x7b, 0x60, 0x2c, 0x2c,
	0x04, 0xc5, 0x55, 0x7b, 0xa2, 0xa2, 0xf1, 0x3c,
	0xd6, 0x3c, 0x6f, 0x6f, 0xb1, 0x1c, 0xb5, 0x7b,
	0xb2, 0xb1, 0xb5, 0xb5, 0xb5, 0xad, 0xd6, 0x7a,
	0xf8, 0xda, 0x2b, 0xaf, 0xa0, 0xfd, 0x12, 0x7a,
	0xc5, 0x5e, 0xba, 0x55, 0xa1, 0x3c, 0xae, 0x55,
	0x6c, 0xe8, 0xb8, 0x16, 0x72, 0x0b, 0x1f, 0xca,
	0x1f, 0x65, 0xd4, 0x21, 0x63, 0x8b, 0xf9, 0xf9,
	0x21, 0x4c, 0xc8, 0x63, 0x44, 0x0b, 0xd4, 0x74,
	0x36, 0xc9, 0xbc, 0x89, 0x32, 0x97, 0xce, 0x63,
	0xe1, 0x44, 0xdf, 0xc8, 0x93, 0x2e, 0x66, 0x4c,
	0xbc, 0x7c, 0x27, 0xef, 0xa9, 0xd5, 0xf3, 0xc9,
	0x21, 0x14, 0x59, 0xc9, 0xc9, 0x8b, 0x4a, 0x74,
	0x36, 0xa5, 0x7c, 0x7c, 0x44, 0xe1, 0x44, 0xdf,
	0x93, 0x66, 0xdf, 0xf3, 0x66, 0xbf, 0xa0, 0x2b,
	0xaf, 0xf8, 0x7b, 0x4f, 0xb2, 0xe0, 0xe5, 0xf2,
	0x26, 0x60, 0xb1, 0xc5, 0x9c, 0xc5, 0xc0, 0xb1,
	0x62, 0x71, 0xf1, 0x2c, 0x7b, 0x4f, 0xc5, 0x5e,
	0x3c, 0x6f, 0xf1, 0xda, 0x3c, 0xcc, 0xb2, 0x4f,
	0x7b, 0xb1, 0xb5, 0xb5, 0xb5, 0xba, 0xb1, 0x7a,
	0x55, 0xf1, 0xa0, 0x50, 0x28, 0xa0, 0x55, 0x5e,
	0xf0, 0x04, 0x7b, 0xa0, 0xaf, 0xad, 0x50, 0x12,
	0x26, 0x40, 0xcb, 0xe0, 0xde, 0x84, 0xc4, 0xde,
	0xde, 0x2d, 0x2d, 0x67, 0xc4, 0x56, 0x33, 0x4c,
	0x1e, 0x44, 0x21, 0x0b, 0x1f, 0x21, 0x1f, 0x69,
	0x69, 0x0c, 0x0c, 0xd4, 0x5a, 0x7d, 0x65, 0x4c,
	0x33, 0xca, 0xca, 0x85, 0xc9, 0x06, 0x4a, 0xa5,
	0x1f, 0x68, 0x85, 0x15, 0x29, 0x29, 0x74, 0xbf,
	0x59, 0x14, 0x8b, 0x59, 0x59, 0x29, 0x72, 0x7c,
	0x7c, 0x72, 0xeb, 0x3b, 0x5a, 0x29, 0x5a, 0x36,
	0x36, 0xbc, 0xd5, 0xf9, 0xeb, 0x12, 0x2b, 0x50,
	0xda, 0x4f, 0xa2, 0x1c, 0xe5, 0x1c, 0x62, 0x60,
	0x60, 0x5e, 0xc0, 0x7b, 0xa2, 0xa2, 0xc5, 0x7b,
	0xc0, 0x62, 0xf0, 0x55, 0x6f, 0x7b, 0xa2, 0xf1,
	0xad, 0x7a, 0xd6, 0x2b, 0xf1, 0xb5, 0x7a, 0x4b,
	0xa2, 0xb1, 0xb5, 0x08, 0xb5, 0xb5, 0x3c, 0xc5,
	0xda, 0xf1, 0xae, 0x28, 0x28, 0xda, 0xbe, 0xf2,
	0x7a, 0x4b, 0xaf, 0x50, 0x1d, 0x5e, 0x3c, 0x04,
	0xf0, 0xcc, 0xdc, 0xad, 0x5c, 0x2f, 0x2f, 0xbd,
	0xc3, 0xb6, 0x67, 0x4b, 0xb9, 0x67, 0xa4, 0x72,
	0x14, 0xc9, 0xa6, 0xde, 0x06, 0xb0, 0x56, 0xc4,
	0x84, 0x69, 0xca, 0x68, 0x68, 0xc4, 0x68, 0x65,
	0x33, 0x44, 0x59, 0x1f, 0x59, 0x14, 0x5d, 0x5b,
	0xa6, 0xca, 0x85, 0x65, 0x15, 0x1a, 0x73, 0x27,
	0x8b, 0x4a, 0xc1, 0xd4, 0x72, 0x1e, 0xcf, 0x68,
	0x65, 0x36, 0x27, 0xdd, 0x5a, 0x7c, 0x14, 0x44,
	0x14, 0x14, 0x72, 0xdf, 0x27, 0xab, 0xa1, 0xa0,
	0xc5, 0x0e, 0xdc, 0xdc, 0xaf, 0x55, 0xbe, 0xcc,
	0x1c, 0x3c, 0x3c, 0xc0, 0xa2, 0xa2, 0x9c, 0xa1,
	0xf8, 0x7a, 0xad, 0x55, 0x55, 0xf0, 0x7b, 0x1d,
	0xad, 0xad, 0x3c, 0xda, 0xda, 0xb5, 0xc0, 0x4b,
	0x4f, 0x3c, 0xb5, 0xb5, 0xb5, 0xb5, 0x3c, 0xc5,
	0xd6, 0xf1, 0x9c, 0x50, 0xaf, 0x6f, 0xbe, 0xac,
	0x3c, 0xa1, 0xaf, 0xda, 0x5e, 0xdc, 0x62, 0x7a,
	0xf8, 0x1d, 0xf2, 0x1d, 0x29, 0x27, 0x97, 0x56,
	0x5a, 0xdf, 0xd5, 0xdd, 0x4a, 0xa5, 0x0c, 0xf4,
	0xa9, 0xc8, 0xdd, 0xd5, 0x96, 0x56, 0x97, 0x84,
	0x65, 0xa5, 0xa5, 0xa5, 0xa5, 0xf9, 0xdf, 0x82,
	0x65, 0x44, 0x1e, 0x00, 0x21, 0x65, 0x2f, 0xd4,
	0xb0, 0x56, 0x3b, 0x08, 0xd3, 0x3b, 0xab, 0x14,
	0x36, 0x4a, 0xa5, 0x7d, 0x0b, 0xcf, 0x63, 0x1f,
	0x63, 0x59, 0x59, 0xd9, 0x74, 0x0c, 0x15, 0x8b,
	0x4a, 0x59, 0x59, 0x21, 0x56, 0xfa, 0x50, 0xa1,
	0xa2, 0xb5, 0x60, 0x3c, 0xa0, 0x1d, 0x1c, 0xc0,
	0x62, 0x62, 0x1c, 0xbe, 0xf8, 0xfa, 0x9c, 0x4f,
	0xfa, 0x04, 0x7a, 0xb1, 0xed, 0x60, 0x2c, 0x5e,
	0x5e, 0xad, 0x5e, 0x3c, 0x5e, 0xb1, 0xc0, 0x4f,
	0x4f, 0x0e, 0xb5, 0x7f, 0xb5, 0xb1, 0xb1, 0x50,
	0x7b, 0xf1, 0xa1, 0x9c, 0xf1, 0xc5, 0xf1, 0xad,
	0xad, 0xc0, 0xda, 0xda, 0xad, 0x6c, 0x62, 0x5e,
	0x9c, 0x4b, 0xf0, 0x71, 0x5d, 0xf4, 0x85, 0x96,
	0x73, 0x66, 0x96, 0x65, 0x1f, 0xca, 0xc8, 0xe1,
	0x68, 0x73, 0xb0, 0x8b, 0x7c, 0x8b, 0xcf, 0x69,
	0x33, 0x4c, 0x06, 0x4c, 0xc8, 0xe1, 0x44, 0x4a,
	0x4a, 0x0b, 0x59, 0x14, 0x14, 0x1e, 0x72, 0x0b,
	0x21, 0x44, 0xe1, 0xd5, 0x22, 0x22, 0x72, 0x14,
	0x0b, 0x72, 0x22, 0x2e, 0x82, 0x7d, 0xc4, 0x27,
	0x82, 0xec, 0x5a, 0xbb, 0x22, 0xd3, 0xd3, 0xec,
	0xb9, 0x89, 0xcf, 0xf9, 0xeb, 0xaf, 0xf8, 0x04,
	0x4f, 0xcc, 0x3c, 0x6f, 0x28, 0x1d, 0xc5, 0x7a,
	0x5e, 0x1c, 0x1c, 0x26, 0x62, 0x7b, 0x12, 0x4f,
	0xae, 0xa1, 0x1d, 0xb4, 0xe0, 0xf7, 0x40, 0x7e,
	0xb4, 0xcc, 0xba, 0x2c, 0xc5, 0xc5, 0x7b, 0x7b,
	0x3c, 0xb1, 0xba, 0xb5, 0xb5, 0x2c, 0xf0, 0xa1,
	0xaf, 0x3c, 0x55, 0x04, 0x55, 0xad, 0xc5, 0xc5,
	0x60, 0xba, 0xf1, 0x2b, 0x1d, 0xdc, 0x26, 0xad,
	0x71, 0xae, 0xf8, 0x60, 0xca, 0xca, 0xca, 0x65,
	0x65, 0xbc, 0xc8, 0xca, 0xe1, 0xc8, 0xdf, 0xeb,
	0xd5, 0x15, 0xf6, 0x1f, 0x4a, 0xdd, 0x8b, 0x21,
	0x59, 0x21, 0x85, 0xf9, 0xdf, 0xf9, 0x63, 0xc4,
	0xb0, 0xbc, 0x33, 0xce, 0xde, 0xb0, 0xc9, 0xb0,
	0xce, 0x36, 0x89, 0x66, 0xc8, 0x7d, 0xf9, 0xdd,
	0x68, 0xca, 0xc8, 0xca, 0xa5, 0xa5, 0x06, 0x92,
	0x15, 0x66, 0xbc, 0xd4, 0x7c, 0x7c, 0x1a, 0x96,
	0x15, 0x06, 0xdd, 0x8b, 0xe1, 0x04, 0x55, 0xa2,
	0xa2, 0xe0, 0xda, 0x6f, 0x47, 0xf0, 0xf8, 0xfa,
	0x7a, 0x5e, 0x1c, 0xcc, 0x1c, 0x3c, 0xa2, 0xa2,
	0x8d, 0xae, 0x7b, 0xb4, 0x8a, 0xf7, 0xf7, 0xf7,
	0xf7, 0xf7, 0xe5, 0xe5, 0xb4, 0x60, 0xb2, 0xb1,
	0xb1, 0xb1, 0xb5, 0xb5, 0xb1, 0xba, 0xf0, 0x04,
	0xf8, 0x62, 0xf1, 0x71, 0x1d, 0x7a, 0xae, 0x12,
	0x16, 0x6c, 0x5e, 0xf1, 0x6f, 0x16, 0xcb, 0xdc,
	0xc0, 0x7a, 0x7a, 0x6c, 0x7d, 0x89, 0x7d, 0xbc,
	0xb0, 0x0b, 0xdf, 0xeb, 0x94, 0x27, 0x27, 0xec,
	0x3b, 0x66, 0x4a, 0xd4, 0x0c, 0x21, 0x21, 0x5d,
	0x69, 0x21, 0xca, 0x5d, 0x33, 0x33, 0x21, 0x59,
	0x48, 0xd4, 0x69, 0x69, 0x06, 0x06, 0xcf, 0x14,
	0x29, 0xbc, 0x92, 0xf6, 0x66, 0x65, 0xc4, 0xb0,
	0x27, 0x36, 0x97, 0xbd, 0xf4, 0xc7, 0xc7, 0xa9,
	0xa6, 0xbc, 0xdd, 0xeb, 0x29, 0xd5, 0xf3, 0x74,
	0x15, 0xb0, 0xc9, 0x65, 0x5a, 0x6f, 0x04, 0xa2,
	0xb5, 0xf2, 0xda, 0xad, 0x71, 0xbe, 0xfa, 0x9c,
	0x7b, 0x7a, 0x3c, 0x5e, 0x5e, 0x7a, 0x7b, 0x04,
	0xfd, 0x28, 0xb2, 0xed, 0x40, 0xf7, 0x88, 0xf7,
	0x7e, 0xb4, 0x7e, 0xe5, 0xe5, 0xf7, 0x7e, 0x7a,
	0x2c, 0x2c, 0xba, 0xba, 0xb5, 0xba, 0xf8, 0xaf,
	0x3c, 0x5e, 0xc5, 0x1d, 0xaf, 0xae, 0xf8, 0xc0,
	0x9b, 0x40, 0xf2, 0xb1, 0xba, 0xdc, 0x05, 0x40,
	0x62, 0xe0, 0x40, 0xe0, 0xdd, 0xdf, 0xdf, 0x2f,
	0x59, 0x63, 0x4c, 0x0b, 0x44, 0x21, 0x7c, 0x7c,
	0xf9, 0x7c, 0x14, 0x59, 0x21, 0x1e, 0x44, 0x48,
	0x06, 0x00, 0xa5, 0xc4, 0xcf, 0x14, 0x8b, 0x74,
	0x7c, 0x72, 0x2f, 0x68, 0x4c, 0x0b, 0x72, 0x5a,
	0xc8, 0xf4, 0xf3, 0x5a, 0x7c, 0xdf, 0xd5, 0xc4,
	0x2f, 0xbc, 0xa6, 0xca, 0x89, 0xd5, 0x56, 0x29,
	0xf6, 0x89, 0xdd, 0xf3, 0xf4, 0xbc, 0x29, 0x7c,
	0x4a, 0xe1, 0xa5, 0xa5, 0xec, 0xf1, 0xc0, 0xa2,
	0xe0, 0xad, 0xad, 0x62, 0xf2, 0xbe, 0x9c, 0xae,
	0x04, 0x5e, 0xf0, 0xf8, 0x7b, 0xc0, 0xc5, 0x4f,
	0x4b, 0xfa, 0xb2, 0xed, 0xb4, 0xb4, 0x7e, 0xe5,
	0xb4, 0xb4, 0xe5, 0xe5, 0x7e, 0xb4, 0xcc, 0xb2,
	0xb1, 0xb5, 0xb1, 0xb2, 0xad, 0xb1, 0x4b, 0x2b,
	0x62, 0x62, 0xda, 0xaf, 0xaf, 0x04, 0x04, 0x1d,
	0xba, 0xb1, 0x7b, 0xf2, 0x9b, 0x16, 0xe8, 0x16,
	0x2c, 0x9b, 0x05, 0x26, 0x33, 0x63, 0x0b, 0x1f,
	0x5b, 0xc8, 0x7c, 0x1e, 0x21, 0x33, 0xce, 0x33,
	0xce, 0x69, 0xd4, 0xce, 0xde, 0x97, 0x74, 0x82,
	0x2e, 0xf6, 0x63, 0x21, 0x14, 0xca, 0x33, 0xc9,
	0x84, 0x5b, 0xdd, 0xf3, 0x4a, 0x72, 0x44, 0x89,
	0xf4, 0xa9, 0x27, 0x85, 0x92, 0x56, 0xca, 0x56,
	0xef, 0xa9, 0x93, 0xdd, 0x5a, 0xe1, 0x7d, 0xf6,
	0x96, 0x14, 0x2e, 0xf9, 0xdd, 0xdd, 0x4a, 0xb0,
	0x06, 0x68, 0x4a, 0x82, 0xec, 0x7a, 0xc5, 0x7a,
	0x9b, 0x3c, 0xbe, 0x2c, 0xbe, 0xf2, 0xfa, 0xae,
	0xae, 0x7b, 0x7a, 0x12, 0xa2, 0xc0, 0xa2, 0xfa,
	0x4b, 0xb2, 0x08, 0xb5, 0xed, 0xb4, 0xb4, 0xcc,
	0xed, 0x7e, 0xf7, 0x88, 0xf7, 0xf7, 0xe5, 0x8a,
	0x7e, 0xed, 0xb5, 0x7a, 0x7a, 0xb1, 0x2b, 0x50,
	0x62, 0xdc, 0x7b, 0xf8, 0x55, 0x55, 0xaf, 0xf8,
	0xf8, 0x2c, 0xdc, 0x40, 0x9b, 0x62, 0x60, 0xba,
	0xba, 0xdc, 0x24, 0x60, 0x06, 0x21, 0x8b, 0x06,
	0xca, 0xf9, 0xeb, 0xdd, 0x0c, 0x0c, 0xd4, 0xc1,
	0xd4, 0xce, 0xce, 0xd4, 0x8b, 0xd4, 0x36, 0x4a,
	0x1e, 0x72, 0x4a, 0x4c, 0x33, 0x5d, 0x8b, 0x72,
	0x29, 0xdf, 0x2e, 0x00, 0xa5, 0x1f, 0x5d, 0xca,
	0x4c, 0xf4, 0x5b, 0x4c, 0x36, 0xdd, 0x3b, 0xec,
	0xbc, 0x27, 0x13, 0x29, 0x74, 0x7c, 0x2e, 0x7d,
	0xf3, 0x5a, 0x14, 0x59, 0x63, 0x65, 0xcf, 0xa5,
	0x1e, 0x1e, 0x36, 0xbc, 0x56, 0x7a, 0x3a, 0x60,
	0xcc, 0xda, 0xbe, 0xda, 0x3c, 0x3c, 0x4b, 0x4b,
	0x9e, 0xfa, 0xc0, 0xa2, 0x3a, 0xb1, 0xc0, 0xa1,
	0xae, 0x1c, 0xed, 0xb4, 0xb2, 0xb5, 0xb5, 0x7f,
	0xed, 0xf7, 0xf7, 0xf7, 0xf7, 0xf7, 0xf7, 0x88,
	0xf7, 0xf7, 0xf7, 0x7e, 0xc0, 0x5e, 0x9c, 0xa0,
	0xbe, 0x6c, 0x7a, 0xc5, 0x50, 0x50, 0xc5, 0x9c,
	0xcc, 0xe5, 0x16, 0x60, 0xf2, 0x55, 0xf0, 0x5e,
	0x7a, 0xf0, 0x1d, 0xb1, 0x4c, 0x06, 0x69, 0xd9,
	0x69, 0xde, 0xcf, 0x14, 0x8b, 0x69, 0x0c, 0xc9,
	0xb7, 0x84, 0x14, 0x44, 0x1f, 0xe1, 0x36, 0x56,
	0x56, 0xf4, 0xa5, 0xf9, 0x89, 0xbc, 0xbc, 0xef,
	0x85, 0x7c, 0xdd, 0xdd, 0x65, 0x06, 0x0b, 0x72,
	0x82, 0xb0, 0x06, 0x06, 0x4c, 0xe1, 0x8b, 0xca,
	0x59, 0x72, 0xce, 0x63, 0x44, 0xc8, 0x44, 0xdf,
	0xe6, 0xdf, 0x1e, 0x14, 0x63, 0x59, 0x29, 0x8b,
	0xf9, 0x72, 0x1e, 0xdd, 0x7d, 0x3a, 0xc5, 0xdc,
	0x2c, 0xaf, 0x3c, 0x28, 0xf0, 0xaf, 0xa0, 0xae,
	0x9a, 0xfd, 0x3a, 0x0e, 0xb2, 0x1c, 0xb5, 0xb5,
	0xb1, 0xb4, 0xe5, 0x7e, 0xb4, 0x7f, 0x1c, 0xb5,
	0xb4, 0xf7, 0xf7, 0xf7, 0x88, 0xf7, 0xf7, 0x18,
	0xf7, 0xf7, 0xf7, 0xdc, 0xa2, 0xf0, 0xa1, 0xaf,
	0xad, 0x26, 0x62, 0xf8, 0x28, 0xaf, 0xf8, 0x1c,
	0x16, 0xf2, 0xf0, 0x5e, 0x62, 0xfa, 0xbe, 0x2c,
	0xf0, 0xa1, 0x71, 0x6c, 0x06, 0x06, 0x4c, 0xdf,
	0x7d, 0x92, 0xde, 0x4c, 0x44, 0x2e, 0x1e, 0xa6,
	0x2f, 0x29, 0xcf, 0xc4, 0x06, 0xde, 0x06, 0xf9,
	0x89, 0x73, 0xf3, 0xd5, 0x06, 0x5b, 0x85, 0x8b,
	0x7c, 0x2e, 0x82, 0x89, 0xb6, 0x5b, 0x5b, 0xb0,
	0x14, 0xf3, 0xe1, 0x36, 0x29, 0x14, 0x36, 0x84,
	0xca, 0xeb, 0x3b, 0xbb, 0x6a, 0x2e, 0x1e, 0x8b,
	0x4a, 0x14, 0x59, 0x29, 0x5a, 0x5a, 0x82, 0x82,
	0x82, 0x89, 0x56, 0xec, 0xa2, 0xc5, 0x1c, 0xe5,
	0x04, 0x50, 0xaf, 0xae, 0x3c, 0x50, 0x50, 0xda,
	0xa1, 0x9e, 0x4f, 0xe0, 0xe5, 0x7e, 0xb4, 0xed,
	0xb4, 0xe5, 0xe5, 0x88, 0xf7, 0x7e, 0x39, 0x7f,
	0x8a, 0xf7, 0x88, 0xf7, 0xf7, 0xf7, 0x88, 0xf7,
	0xf7, 0xf7, 0xf7, 0xb4, 0xc5, 0x55, 0xae, 0xaf,
	0x3c, 0xad, 0x2c, 0x04, 0xaf, 0xa2, 0xb1, 0xe5,
	0x40, 0xf2, 0x2c, 0xf2, 0xf2, 0xfa, 0x5e, 0xf0,
	0x1d, 0x55, 0xf8, 0x16, 0x4a, 0xbb, 0xdf, 0xf4,
	0xa6, 0x5d, 0x0b, 0x06, 0x93, 0x93, 0xdf, 0x82,
	0xbc, 0xa5, 0x93, 0xca, 0x15, 0x3b, 0x72, 0x32,
	0x36, 0x5a, 0x27, 0x2e, 0x2e, 0x72, 0x5a, 0xf6,
	0x2f, 0x4a, 0x7d, 0x96, 0xef, 0xc3, 0x27, 0x7c,
	0x00, 0xe1, 0xf4, 0x32, 0x84, 0x97, 0x15, 0xc9,
	0x65, 0xcf, 0xdd, 0x8b, 0xd4, 0x74, 0xd9, 0x8b,
	0xd4, 0x1e, 0x00, 0x44, 0x29, 0x27, 0x7c, 0xa5,
	0xf4, 0xbf, 0xa2, 0xc5, 0x2c, 0x16, 0xcc, 0x5e,
	0xa0, 0x50, 0xaf, 0x50, 0xf1, 0x28, 0x2b, 0xf1,
	0x71, 0xae, 0x2c, 0xb4, 0xed, 0x52, 0x7e, 0xcc,
	0xed, 0x9b, 0xf7, 0x88, 0xf7, 0xf7, 0x39, 0xed,
	0xf7, 0xf7, 0xf7, 0x88, 0x88, 0xf7, 0xf7, 0x45,
	0xf7, 0xe5, 0xf7, 0x60, 0xc5, 0xaf, 0x9c, 0xa1,
	0x6f, 0xad, 0x2c, 0xb1, 0xc0, 0xb1, 0x9b, 0x5e,
	0xf2, 0xbe, 0x5e, 0x26, 0x26, 0x55, 0xaf, 0xda,
	0x5e, 0xaf, 0xae, 0x9c, 0xde, 0xca, 0x1e, 0xa5,
	0xcf, 0xe1, 0x5b, 0x4c, 0x85, 0xa9, 0xa9, 0xf4,
	0xdd, 0xeb, 0x29, 0xcf, 0x29, 0x4d, 0x4d, 0x59,
	0xdf, 0x1e, 0x22, 0x44, 0xe1, 0x66, 0x4a, 0x1e,
	0xca, 0xca, 0x89, 0xbc, 0x73, 0xc4, 0x06, 0x5b,
	0xc4, 0x0c, 0x0c, 0x27, 0x92, 0xc7, 0x67, 0x2d,
	0xf6, 0xe1, 0x68, 0xf4, 0x29, 0x8b, 0xe1, 0x65,
	0xf4, 0xf4, 0x65, 0xc9, 0x15, 0x5c, 0x67, 0x8c,
	0x3b, 0x2c, 0x2c, 0xe0, 0xe0, 0xbb, 0xae, 0xf8,
	0xa0, 0xaf, 0xda, 0xa1, 0x2b, 0x28, 0xaf, 0x1d,
	0xba, 0x1c, 0x7f, 0xb5, 0x60, 0x1c, 0xed, 0x7e,
	0xb4, 0xed, 0x7e, 0x7e, 0x9b, 0x9b, 0xb4, 0x7e,
	0x88, 0x88, 0xf7, 0x18, 0xf7, 0xe5, 0xf7, 0xf7,
	0xf7, 0xf7, 0x18, 0x3c, 0xaf, 0xfa, 0x9c, 0xfa,
	0x6f, 0xba, 0xb1, 0x1c, 0x7a, 0xcc, 0xcc, 0x9e,
	0x9e, 0xa1, 0x2c, 0x6c, 0xbe, 0x1d, 0x6f, 0x1d,
	0x3c, 0xaf, 0xaf, 0x12, 0xa5, 0x72, 0x5d, 0x06,
	0x5d, 0x4c, 0xca, 0x4c, 0xa9, 0x56, 0x82, 0x4a,
	0x8b, 0x4a, 0xde, 0x5b, 0x32, 0xce, 0x5c, 0xc9,
	0x36, 0x14, 0x65, 0x0c, 0xc8, 0x44, 0xcf, 0x48,
	0x5d, 0xe1, 0xdf, 0x5a, 0x29, 0xd4, 0xc9, 0xce,
	0x15, 0x2f, 0x4d, 0x32, 0x5c, 0x5c, 0x4d, 0x15,
	0x92, 0xb0, 0xcf, 0x8b, 0xca, 0x06, 0x33, 0x15,
	0x85, 0x7d, 0x7c, 0xe1, 0xd5, 0x5a, 0xab, 0x23,
	0xec, 0xb8, 0xe5, 0x6a, 0x72, 0xb9, 0x9a, 0x9e,
	0x28, 0x55, 0x5e, 0x3c, 0xa0, 0x47, 0xda, 0xed,
	0xb5, 0xb2, 0xb2, 0xb2, 0xb2, 0xb5, 0x1c, 0x7e,
	0x7e, 0xb4, 0xb4, 0xb4, 0x6c, 0xdc, 0xb4, 0xf7,
	0xf7, 0x88, 0xf7, 0xf7, 0xf7, 0xf7, 0xf7, 0xf7,
	0xf7, 0xf7, 0xf7, 0xf0, 0xda, 0x50, 0x12, 0xfa,
	0x6f, 0xba, 0x71, 0xb1, 0x2c, 0x9b, 0x2c, 0x71,
	0x28, 0x1d, 0xad, 0xcb, 0x62, 0x1d, 0x5e, 0x5e,
	0x1d, 0x55, 0x55, 0xae, 0xdd, 0x1e, 0x73, 0xb7,
	0xb7, 0x51, 0xf4, 0xf4, 0x5b, 0xa6, 0x5b, 0x4a,
	0xdf, 0xd5, 0x33, 0x0b, 0x7c, 0x3b, 0x72, 0xf6,
	0xc9, 0xc9, 0xd4, 0x8b, 0x4a, 0x4c, 0xa5, 0x7c,
	0x8b, 0xc4, 0x0c, 0xd4, 0x84, 0x97, 0x14, 0x7c,
	0x89, 0x94, 0xc1, 0x5c, 0x23, 0xab, 0xab, 0x8c,
	0x67, 0xc3, 0x1a, 0x4a, 0xf6, 0x89, 0xf3, 0x15,
	0x15, 0x36, 0xdf, 0xeb, 0xd5, 0xbd, 0x92, 0x66,
	0xef, 0x94, 0x94, 0x66, 0x94, 0x12, 0x47, 0x28,
	0x90, 0xda, 0xad, 0x6f, 0x47, 0x3c, 0xed, 0x0e,
	0x3a, 0xa2, 0x3a, 0x0e, 0xb5, 0xb5, 0x7f, 0x7e,
	0xf7, 0x7e, 0xb4, 0x7e, 0xdc, 0xdc, 0xe5, 0xf7,
	0xf7, 0xf7, 0xf7, 0xf7, 0xf7, 0xf7, 0xf7, 0xf7,
	0xf7, 0xf7, 0x16, 0x6f, 0xf1, 0xf1, 0x04, 0x71,
	0x7a, 0xad, 0xf0, 0xba, 0x60, 0x9b, 0x5e, 0xad,
	0x1d, 0xf0, 0x2c, 0x1c, 0x3c, 0x71, 0xf8, 0x1d,
	0x1d, 0x71, 0x04, 0xa1, 0xec, 0x49, 0xf4, 0xf6,
	0xca, 0xca, 0xe1, 0xf4, 0x06, 0x44, 0x1e, 0x44,
	0xcf, 0xdd, 0x89, 0x44, 0x93, 0xc8, 0x5a, 0x8b,
	0x15, 0x84, 0x0c, 0x21, 0xca, 0xca, 0x92, 0x5b,
	0xde, 0x4c, 0xc8, 0xc8, 0xd5, 0x2e, 0x2e, 0xf9,
	0xd5, 0xc1, 0xf6, 0x5b, 0x96, 0x27, 0xa9, 0xca,
	0xec, 0xbf, 0x8f, 0x7c, 0xd5, 0x8b, 0xc4, 0x97,
	0xb0, 0xcf, 0x21, 0xf9, 0xe1, 0x4a, 0xbc, 0xd5,
	0xd5, 0x7c, 0x1e, 0x4a, 0xcf, 0xb9, 0x90, 0x47,
	0x80, 0x55, 0xac, 0x6f, 0xb1, 0xed, 0x0e, 0xa2,
	0x4f, 0x3a, 0x0e, 0xb2, 0xb5, 0xed, 0xdc, 0xe5,
	0xe5, 0xe5, 0x7e, 0x7e, 0x7e, 0x2c, 0xba, 0xdc,
	0x16, 0xe5, 0xf7, 0xf7, 0xf7, 0xf7, 0x18, 0x18,
	0xf7, 0xf7, 0xcc, 0x6f, 0x3c, 0xad, 0x62, 0x3c,
	0x3c, 0x2c, 0xb1, 0x60, 0x7e, 0x60, 0xaf, 0x3c,
	0xf0, 0x62, 0x62, 0x62, 0xfa, 0xf8, 0xf1, 0xae,
	0xa1, 0x71, 0x7b, 0x1d, 0x33, 0x44, 0x21, 0xc4,
	0xc8, 0xf9, 0x4c, 0x5b, 0xcf, 0x14, 0x1f, 0x63,
	0x7c, 0xd4, 0xa5, 0x21, 0x44, 0x21, 0xa5, 0xd5,
	0x27, 0x4c, 0x06, 0xe1, 0x22, 0x22, 0x5a, 0xa9,
	0x4c, 0xf9, 0x44, 0xa5,
};

EfeFlashBuffer EVL_D_800677B0 = {
	{
		{
			{ 0x5685, 0x8b0b, 0x0b59, 0xd58b },
			0xf327,
			0xd5eb,
			0xf6bc,
			0xebf3,
			0x6544,
			0x21ca,
			0x89b0,
			0xdfa5,
			0x9682,
			0x3bc3,
			0xf392a494,
			0x904d29df,
			0xda9e,
			0xbef2,
		},
		{
			{ 0x3aed, 0x4f3a, 0x3aa2, 0xed60 },
			0x7ecc,
			0xe58a,
			0xe5e5,
			0x7eb4,
			0xc0b4,
			0x6fda,
			0x6f3c,
			0x62ad,
			0xe5e0,
			0xf7f7,
			0x1dbaf7e5,
			0x621cad7a,
			0xbead,
			0xcc60,
		},
		{
			{ 0x559b, 0xaf47, 0x3c7a, 0xad26 },
			0x7ba1,
			0xfada,
			0xc0f8,
			0xba2c,
			0x7c44,
			0x7d21,
			0x21ca,
			0x7c1e,
			0xf4b0,
			0xf9bc,
			0xf944897d,
			0xa5c8cac8,
			0x5a5a,
			0xe129,
		},
		{
			{ 0x8989, 0xbdc7, 0x7cbc, 0x7c7c },
			0xbc66,
			0x66f3,
			0x6add,
			0x7dbf,
			0xa993,
			0xebc8,
			0xeb22,
			0x7cdf,
			0xddf9,
			0xec15,
			0x72142e7f,
			0xbc564a59,
			0xbbdf,
			0xa4ab,
		},
		{
			{ 0x7392, 0xa09f, 0xf12b, 0xe01c },
			0x4fb2,
			0x3a4f,
			0xb23a,
			0xb439,
			0x7eb4,
			0xe5e5,
			0xe5e5,
			0xe58a,
			0x7bdc,
			0xda04,
			0x3cda6f50,
			0xdc26b160,
			0x16e0,
			0xf8ba,
		},
		{
			{ 0xf171, 0x6262, 0xccbe, 0x6c60 },
			0xa09b,
			0xaf47,
			0x6c5e,
			0xcc6c,
			0xbe3c,
			0x1dad,
			0xb17a,
			0xe0dc,
			0xb75d,
			0x51b7,
			0x064c442e,
			0x97745add,
			0x27ef,
			0xde89,
		},
		{
			{ 0xcaf4, 0x4cc8, 0x5606, 0xdfeb },
			0xe10b,
			0x7d7d,
			0xbc89,
			0x277c,
			0x10c3,
			0x6abf,
			0x66df,
			0x49ec,
			0xeca9,
			0xbcdf,
			0xce4a1e06,
			0xdd73742f,
			0x688b,
			0xd4ce,
		},
		{
			{ 0x7417, 0x82df, 0x14d5, 0xce29 },
			0xe136,
			0xbff3,
			0xcc71,
			0xb5e0,
			0xa20e,
			0x3a3a,
			0x6008,
			0xb4b4,
			0x7e7e,
			0xf7e5,
			0xe5e5f7f7,
			0xa0fa4fb4,
			0x5047,
			0xada0,
		},
		{
			{ 0xb1f2, 0x166c, 0x26ac, 0x71ad },
			0x6f7a,
			0xbe5e,
			0xbaf2,
			0x7ecc,
			0xa126,
			0xda28,
			0x263c,
			0x6c40,
			0x1cf2,
			0x5ead,
			0x241660b1,
			0x8c496a2e,
			0x8474,
			0x4c5d,
		},
		{
			{ 0xca0c, 0xeb7c, 0xbc29, 0x8236 },
			0x1a29,
			0xbbdf,
			0x925a,
			0xd5bd,
			0x857c,
			0x0606,
			0x44ca,
			0xc8dd,
			0x8992,
			0xcf66,
			0xcacaca44,
			0xce6344a5,
			0x8b69,
			0x001e,
		},
		{
			{ 0x0bcf, 0x7c72, 0x7d14, 0x4a8b },
			0xebf9,
			0xf629,
			0x4433,
			0xf9f9,
			0x2e1e,
			0x927c,
			0xe0c0,
			0xb5ed,
			0xa20e,
			0xb24f,
			0x7eb4edb5,
			0x8888e58a,
			0xf788,
			0xf788,
		},
		{
			{ 0xa260, 0xaefa, 0x9047, 0xf228 },
			0x1c1c,
			0x1640,
			0xdc6c,
			0x5e2c,
			0x3c62,
			0x623c,
			0x1c26,
			0x9bcc,
			0xa1ba,
			0xafaf,
			0xad6cbe2c,
			0xf2ad3c3c,
			0x1c1c,
			0x26cc,
		},
	},
	0x5914d41f,
};

int16_t EVL_D_80067994[40] = {
	0x852f, 0xbc1a, 0xddd5, 0xd544, 0xca72, 0xc851, 0x1f44, 0x8b4a,
	0xa6bd, 0xdda5, 0xcac8, 0x4cca, 0x7cf4, 0xdd82, 0xb796, 0xc951,
	0x4a2f, 0xc4c8, 0x89c8, 0x2163, 0x4863, 0xca21, 0x934c, 0xa544,
	0xd4ce, 0xa563, 0x82e1, 0xf64a, 0x7d5a, 0x82e1, 0x3beb, 0x6a6a,
	0xe00a, 0xb160, 0x0e0e, 0xb254, 0xb460, 0xe57e, 0x88e5, 0x886d,
};

u_long EVL_D_800679E4[961] = {
	0x88f7f76d, 0x28c5a2c0, 0xbea13d47, 0x9b40e0be,
	0x3c7a6ccb, 0x5e71ad2c, 0xf7dcf226, 0xda9c4fc0,
	0xf0be62f0, 0x5e3c1d7a, 0x1c2cb12c, 0xdf3bbcb0,
	0x7ce14a7d, 0xebcacae1, 0x74cacedf, 0x06591463,
	0x36a651de, 0x8536d536, 0x1ee1c84a, 0x631482eb,
	0x72eb1448, 0xdfeb00d5, 0x4a8b1eeb, 0x151f36d5,
	0xbfbfab4a, 0x0b4a6656, 0x7c7dca85, 0x27271514,
	0xb2b2b4b5, 0xed1cb2b2, 0x88e5e57e, 0x6d88b888,
	0xdc6d8888, 0x9e04c5c5, 0xbec59047, 0x9be57e6c,
	0x3c3c2616, 0xafaf7a3c, 0xdce0ccf2, 0xf10404a2,
	0x04c52c71, 0xaf9c9c04, 0x1c2cc05e, 0xbcc87c14,
	0x1aa4d51e, 0x893bec89, 0x3b3bdf94, 0x4cc8d55a,
	0x2e2222f9, 0x1e008b7c, 0x22930cca, 0x36bdd5df,
	0xf4f4ce72, 0x2f7c0bc8, 0x5184c9b0, 0x97cf5984,
	0x4473a474, 0x22eba5bc, 0x56caf6e1, 0x3b7c4a66,
	0xb22cb5b4, 0xb4edbab1, 0x8888e5e5, 0xe86db86d,
	0x2c16886d, 0x9e1dc504, 0x2662ae28, 0x6c16166c,
	0xdaf15e6c, 0x2ba1f8af, 0x607eccbe, 0x6f7a5ec5,
	0x9ef8625e, 0xa028ae09, 0x6fb1babe, 0x7d633369,
	0xef7cdddf, 0x82e10ba6, 0x512f96bc, 0x0cc885a6,
	0xc9caca4c, 0xe1ce0cf4, 0x0b48b068, 0x8b29b636,
	0x1e684472, 0xf6065d8b, 0xcf36de5b, 0x4a0b1e72,
	0x8ad3824a, 0xa9a9563b, 0x5a66f406, 0xd34d293b,
	0xb2b5b2cc, 0x7eb47fb5, 0xb888f7f7, 0x6dcb886d,
	0x9c7bf7b8, 0x50f0c504, 0xf26204a1, 0xf2e06cf2,
	0xfa556f1c, 0x55aea0ae, 0x609bb460, 0x3c621c1c,
	0xfdae1cbe, 0x28a0a1db, 0x04a11c7a, 0x0bc85944,
	0xdd060621, 0x59f46593, 0x00f9f3f3, 0xd4ce8be1,
	0x2fb07244, 0x1e221e8b, 0x68ced44a, 0x825af4a6,
	0xebd5665a, 0xbd3b7fbb, 0x74c92f97, 0x14594836,
	0x79b75c74, 0xef893a96, 0xabecbb89, 0xdc6a6abb,
	0xb5b5b1b5, 0xe57eccb5, 0x6d88f7f7, 0x162626b8,
	0x9cf82ce0, 0x71b17bf8, 0x4771c0af, 0x266cdc7a,
	0xa0551d5e, 0x3c50afa0, 0x9be5dccc, 0x626060cc,
	0x12fd1cf2, 0xa0aef86f, 0x7baf7b7a, 0x664d8c51,
	0x06a9a9a9, 0x5df46565, 0x72b04c84, 0x74ddd57c,
	0xa5651af4, 0xc8a50cf4, 0x361414a5, 0x3b496689,
	0x6682ebec, 0x1a27c8ca, 0x7482ee29, 0xc8896689,
	0xb9ef9685, 0xd5f3f93b, 0xb6293b5a, 0xcc39b989,
	0xedb1b2b5, 0xe5e5dced, 0xb8b888f7, 0xccf22616,
	0xc5c5b1f2, 0x1db1c5a1, 0x28a12cf1, 0xbe6c1ca2,
	0xa155f01d, 0x5eaff19c, 0xe09b7ecc, 0x1c1c60dc,
	0xfd0460e0, 0x71aff8a1, 0xf22c621c, 0xc39227bb,
	0xefb7b751, 0xf673b6bd, 0x364aa6b7, 0x847df45b,
	0xca667229, 0x4421ca5d, 0x21651e2e, 0x2db796d5,
	0x67bfa48c, 0xd51a6710, 0x364ca57c, 0x66898929,
	0xbff32989, 0xe1f4a94a, 0xb6bf29df, 0xede0bbb6,
	0xb5b20eb1, 0xf7e57eb4, 0x886d8888, 0x6cdccc26,
	0x1df0c026, 0x1df00404, 0xae2b6fa1, 0x5e26607b,
	0x716f6ff1, 0x2cda3c6f, 0xcce09bcc, 0x7aad5eba,
	0xfab160ed, 0x71af9aa0, 0x622cbe62, 0xa92f2f84,
	0x82efca85, 0x85f97c3b, 0xf95b6656, 0x73824a14,
	0x5a5bde48, 0x74514922, 0x6a27ced4, 0xd5ec2e22,
	0x5beff627, 0x4c7327b6, 0x1a23bd5b, 0x945af9c9,
	0x82ec943b, 0x22ebdd5a, 0x7366bcdf, 0xbaccb45a,
	0xb5b2b5b5, 0xf7e5e5e0, 0x0ab8b888, 0x9be0cc6a,
	0x7abe26dc, 0x7bc05571, 0x4b501d50, 0xf160ba7b,
	0x047ad6f1, 0x1c1df071, 0x5edce5b4, 0x71710404,
	0x1d2c2c1c, 0xaf289e4b, 0x1df0621d, 0xa65b0cd4,
	0xce06b0de, 0x654cc465, 0x82ebb0f6, 0xf6594a4a,
	0x7c4adea6, 0x56f45666, 0x827c68c4, 0x4a731f65,
	0xbca5f97c, 0x89f689f3, 0xbd4ab9d5, 0x7d271e56,
	0xbf66bc66, 0x277db627, 0x9356a992, 0xb560d366,
	0xb460baba, 0x88f7e57e, 0x6af76d88, 0xccbbbbbb,
	0x62ccdc6c, 0x0404daad, 0xae50a150, 0xc57a1cc5,
	0x556f6fda, 0xdc3c1df8, 0xc01c167e, 0x7104a2c5,
	0x5e7ac0b2, 0x9e3d9efa, 0x3c6262fa, 0xdedede63,
	0x510c4cde, 0xce97c932, 0x1f1f8bd4, 0x0b002e44,
	0xde2f6559, 0x73c932de, 0xd5df1edd, 0xce5972cf,
	0xd52fa474, 0xa951a64a, 0x8b7ceba5, 0x66684a14,
	0x94b696f3, 0xb6a4bfab, 0x3bd55ab9, 0xb53beb2e,
	0x7ecc7fb5, 0x6df7f7e5, 0x2e227e88, 0x2e5af394,
	0xcc1cd352, 0xf171f11c, 0x552bae50, 0x1d71a2f8,
	0xda6f6f3c, 0xcc7af155, 0x1d5e26e0, 0x6faef87b,
	0x5efaa22c, 0x9a909ef0, 0x5e621c71, 0x2dce5959,
	0xddf3a54c, 0xd51556f6, 0x33691f74, 0x724463c8,
	0xb0b0b01f, 0xd9ce5b84, 0x210b8b59, 0x0b2e8bcf,
	0x9692291a, 0xc3928ff3, 0x9796ec94, 0xa5bc48d4,
	0xb9d5a593, 0xbc85a9b6, 0xa6a9cabc, 0xdf7c7d15,
	0xbbbb6a82, 0xbbbbbb3b, 0x7c897ddd, 0x9300e193,
	0x2c3b0bca, 0xf03cf0be, 0x2bfa9ea1, 0xf07155f1,
	0xf83c5e5e, 0xedbaf104, 0x5e6fad7e, 0x71509cf8,
	0xc04b71f2, 0xfa4b7bf2, 0x5e3c3c9c, 0xa536f4a9,
	0x68cecf36, 0x3bbf6792, 0xca63f6f3, 0x56c8d5a5,
	0x5b51bcca, 0x1e2e2e0b, 0xdf2e2144, 0x84693315,
	0x273bec1a, 0x548296a9, 0x21f3bfb6, 0xc94ca544,
	0xdd896836, 0x295a7c72, 0x5af32982, 0x89568996,
	0xd5a53bbb, 0x7d82b35a, 0x8566d566, 0x93f3d57d,
	0xf32e7c96, 0x6f5e7a3b, 0xa0fa4b2b, 0xf01d6ff1,
	0x4f7bf07b, 0xe060044f, 0x5eda559b, 0x714f9c3c,
	0xf8ae71dc, 0x04a1f21c, 0xbe5e7b9c, 0x4c064cc8,
	0xb006ca65, 0xcf633629, 0xd5d5a568, 0x445b0668,
	0x325b3273, 0x59d44d84, 0xbc931ee1, 0x636529ec,
	0x56b0ce68, 0x2323b6f3, 0xbb39bb23, 0x5add7c7d,
	0x27c496f3, 0x5b5a8256, 0x7d56562f, 0x56ddd5dd,
	0xcac85656, 0x272993a5, 0x963b9493, 0x5a82caa9,
	0x5ad5935a, 0x6fecb9ec, 0x2bfa4ba1, 0x1d6ff02b,
	0xa2c57bc5, 0x7ecc7b9c, 0x5e5550f2, 0xc512045e,
	0x714ba26c, 0xa17162f0, 0x2c1ca2c5, 0xa6c8caa9,
	0xe1064c4c, 0xc8f6598b, 0x96bc96f6, 0xcfa5f4ca,
	0x368b5936, 0x1f6574a5, 0x89a5bcc8, 0xe1e1c8ca,
	0xb673ec3b, 0xb6b6bf94, 0x238d23c3, 0xf692c710,
	0xb01573f6, 0x8956bce1, 0x727c4ab0, 0xf35add82,
	0xdd7cd527, 0xebeb2e93, 0xd5bc935a, 0x3bdfdfdf,
	0x8227565a, 0x94f366dd, 0xaf4baefa, 0x1df0f1da,
	0xc5c57b1d, 0x9bedc0a2, 0x5e6faf5e, 0x4fa21d5e,
	0xf89e5560, 0x55715ef1, 0x261c7b7b, 0xa9a9e17c,
	0xca4cebd5, 0xf6bd7d00, 0xcaefb7f4, 0xb0f68989,
	0x1a97f463, 0x86b75132, 0x2f738296, 0xe1e13629,
	0x8592bc93, 0xf382f9d5, 0x4d742994, 0x51ef325b,
	0x89bfb98c, 0xa906ca2f, 0xdd82f993, 0xf4bf94d5,
	0x2785a9ef, 0x6a5a8973, 0x1eddec6a, 0xebeb44df,
	0x277cebeb, 0x0b728b66, 0xfaae1229, 0xf071afda,
	0x7bf03c5e, 0x7edc1c7b, 0x3cf1daf0, 0xc57bf0ad,
	0xaf9e551c, 0xf0aff0da, 0xcb40bac0, 0xf9df962d,
	0xca8966c8, 0x5d89d5a5, 0xa568cab0, 0x1f4c0b0b,
	0x2e22d57d, 0x007c8b72, 0x154addf9, 0x223ba58b,
	0x7c14722e, 0x7c2e1edf, 0x14cfcaa5, 0x67561515,
	0x72eb3b66, 0xd36a931f, 0xefeb3b94, 0x652727ef,
	0xf35af9dd, 0x36e6135a, 0xeb7cdfd5, 0xdd7c29df,
	0x72297dd5, 0xf9c8367c, 0x4baeeb22, 0xf0552bfa,
	0x3c5ebebe, 0x9bb4ccc0, 0x3cafafda, 0x717a3c3c,
	0x50a02bf2, 0x1d553caf, 0x0588b1c0, 0x7c4c4cf4,
	0x82ddca93, 0x2d9732bc, 0xa60651a6, 0x1e93a5b7,
	0xa684722e, 0xa563745d, 0xb9b9bbdf, 0x4af9b966,
	0xcece48ce, 0xbc27824a, 0xd4448ba5, 0xbf921ace,
	0x0b2f92c3, 0x721e1e44, 0x2915bbbb, 0x894a275a,
	0xeb276856, 0xa5c8942e, 0x002eeb5a, 0x367cdf14,
	0x448b7436, 0x7c5a7c14, 0x129482f9, 0x71a1af50,
	0x5e62623c, 0xf216dc7a, 0x71ae2b2b, 0xf0f25e6f,
	0xaf477126, 0xafaff0da, 0xcbcb7a9c, 0xca651f84,
	0xf33be144, 0x1e1eddbf, 0xeb22eb2e, 0x65e6ebdf,
	0x1e4a4ace, 0x2e2edf22, 0x7c7c8272, 0x4a4ad55a,
	0x1e44ca69, 0xd4360665, 0x48690c0c, 0x857c7cd9,
	0xbdb95b5b, 0xbcbcc4ef, 0xca2eddc8, 0xf9eb93ca,
	0x93963b82, 0xbf822e00, 0xbcf69673, 0x8bf9007d,
	0x44f9000b, 0x89d5ebdf, 0x4ff32789, 0xa1afafae,
	0x1df0f0da, 0x5e9bb462, 0x1250502b, 0x5e1c3c1d,
	0xae4771f2, 0xafa150da, 0xb81cc5a1, 0xca680b1e,
	0x0b4cbd4c, 0x8b931e00, 0x2121d4e1, 0x5dca6921,
	0xa6a64c4c, 0xd91e72a5, 0xbdf48469, 0x937cb051,
	0xeb93f44c, 0xc4296a2e, 0x3bd54c5b, 0x737c823b,
	0xb996a4c3, 0xdd3b94bf, 0x447d8b7d, 0xd5827d00,
	0x823b825a, 0x5ac8ef96, 0x823b2e2e, 0x7f2e3bdf,
	0x82bb6a82, 0x2c6af97c, 0x8fb1c0c0, 0x2bafaf3b,
	0x7bf0f0af, 0x5ee5e01c, 0x4bae2b55, 0x1c1d1d9c,
	0xaf4b501c, 0xdada9e6f, 0x6004af04, 0x69deb7a6,
	0x721e4459, 0x634a8b14, 0x744ca94c, 0x00d48229,
	0x0c338b1e, 0x212165f4, 0x2dfb591f, 0x06a5892d,
	0xa50606ca, 0x4aa57dd5, 0x651e1e0b, 0x74360c84,
	0x9415eb72, 0x73df222e, 0x3bebeb66, 0x738206a5,
	0x7cf392ef, 0x3bbb5af9, 0xc8cacabc, 0xd566e193,
	0xdf141429, 0xbc8b7272, 0x969494b9, 0x4f292796,
	0x3c1df155, 0xf240b426, 0x122bf1ad, 0x1c04da9c,
	0xf1ae0426, 0x049c4b3c, 0x7bf81d7b, 0x2d5d33a5,
	0xa91a6adf, 0x3bdf275d, 0x8083b9ab, 0x657c22bf,
	0x0c0c3348, 0x5bde36ce, 0x80099784, 0xef8c2323,
	0xd589a466, 0x7256977d, 0xbfa9cf2e, 0xf65a27bf,
	0x82bdf456, 0xc9567ceb, 0x4472b097, 0xeb22df7d,
	0xf35a89f3, 0xdfddcad5, 0x668989f3, 0xebf37d94,
	0x22bb3bdf, 0x0be17222, 0xbfc3ca89, 0x96965a94,
	0x2cf0bb5a, 0x6c9be0cc, 0x506ff226, 0x2655a1fa,
	0xad5ec01c, 0x049c09af, 0xc01d1d1d, 0xbf5c74b3,
	0x66b696b6, 0x5a7dd55a, 0x96bf827c, 0x1536f94a,
	0xce1a1a27, 0xca338b59, 0xa9970b72, 0x5cc3b9a4,
	0x15bf2727, 0xc997972f, 0xb95ad4c9, 0x6a3bbfbf,
	0xeceb3beb, 0x4ab0665a, 0xd5dd8b8b, 0x89c889f6,
	0x276666bc, 0xbc002e7c, 0x5ae10b7d, 0xa5f93b82,
	0x5a9fbf2f, 0xdff3df29, 0xb9662782, 0xdf66f327,
	0x606aeceb, 0xbe269be0, 0x9c6226be, 0x621da1fa,
	0xbe26ba62, 0xafa1fa50, 0x7ac01d6f, 0x234bfab9,
	0x968c23b6, 0x2766f35a, 0x666a22bb, 0xdf7cd592,
	0x5a29bf82, 0x8bcf158b, 0x44005944, 0x5bbdf496,
	0x745d84c9, 0x2dc78474, 0x67bf5c2d, 0x74b994b9,
	0x74275a29, 0x73ec5a29, 0xdd279f27, 0xdd9696a5,
	0x152f1582, 0xc47c728b, 0x5ac8a9ef, 0xeb009389,
	0xef945add, 0x3b2266ef, 0xebbb9493, 0x5adfebec,
	0x7f00b693, 0x6f7ae59b, 0x711c265e, 0x603c9c9c,
	0xbedc166c, 0xaf502bae, 0xf06f1dda, 0x66dea95b,
	0x74842d84, 0x0689147c, 0x67108c2d, 0x515132c3,
	0x74bd2fbd, 0x7c826829, 0x4c65360c, 0x74568989,
	0xc72d5c4d, 0x942f92b9, 0x5666dfeb, 0x217c8227,
	0xcac84cc8, 0x65636333, 0x5915ce2f, 0x73272714,
	0x1e7c1fb0, 0xb3d521c8, 0x290685b9, 0x44dddd72,
	0x5ad5bc44, 0xd55af3bf, 0xddd5dff9, 0xe1dfddf3,
	0xdc5abcca, 0xdaf3b416, 0xb1e06c5e, 0x627a04c0,
	0x62dcb8cc, 0x2bafa1ae, 0xba3c712b, 0x66e189bd,
	0x144a66bc, 0x8bc82114, 0x51ef8c15, 0x74c94cb7,
	0xc92fecb3, 0x5b69d48b, 0x89b0a651, 0xdfbbb65b,
	0xc9ce721e, 0xdfebf974, 0xd5a5b08b, 0xf9bc368b,
	0x1af6f47c, 0x823bec15, 0xb059728b, 0x9696bcf4,
	0xdddf3b27, 0xd585857d, 0x5a82667d, 0x1e144a4a,
	0x4c89f382, 0x7ddd22f9, 0xf3f9f9e1, 0xdfddd58b,
	0xdc3bdff9, 0x5a7db516, 0x264024c0, 0x6f3cc01c,
	0xace837be, 0x1df1aefa, 0x1d5ef850, 0x1e3b2eec,
	0x6784f3f9, 0x8b21c997, 0xd5bd8465, 0x0c97b382,
	0xeb7c8b0c, 0x6963722e, 0x4ac40c63, 0x33921566,
	0x4859d4b0, 0xe1568b21, 0xeb22298b, 0xf4d429e6,
	0x721597a6, 0x745a7cdf, 0x1f8bd40c, 0xf4c797f6,
	0xcaa5bc92, 0xcabc00e1, 0x27ddca06, 0xbc824a66,
	0x452e5a7d, 0xddd5f322, 0x002e22f9, 0x5a7cebeb,
	0xe0d32eeb, 0x29eb2216, 0x2424bb8b, 0xadbe2c6c,
	0x403724f0, 0xad5e55da, 0xae9e4b04, 0x63975b51,
	0x89d5a915, 0xd54a7415, 0x3b82a9c4, 0x842f4adf,
	0x2f970c5b, 0xb00c97c7, 0xa51f68b0, 0x8bcff60c,
	0x3b4d5d5d, 0x06c8d572, 0x663b1ee1, 0x8bb02766,
	0xf929737c, 0x9236f3e1, 0x82cf155b, 0xca92bf2e,
	0xdddfdfdd, 0x7c63c4c4, 0xf97dc866, 0x27d5dfeb,
	0x66a4737d, 0xeb1ea5b9, 0xc8e1937c, 0x148b8293,
	0xe01cf3df, 0xdff3dfe5, 0x6049a5a5, 0x26266ce0,
	0xe88860f0, 0xda71f1f2, 0x124b772b, 0x44448229,
	0xddd5ebeb, 0xd5bd8415, 0xf606c87d, 0x4cc7ce74,
	0x4a8b334c, 0xd5b0970c, 0xdfdf7c7c, 0x518ca6f4,
	0xa91a731a, 0x1eeb2294, 0xbca5441e, 0xe100f989,
	0x1edde121, 0xc806dd2e, 0xdd002200, 0x447cf944,
	0xcf8b721e, 0x8906ca7d, 0x934ccad5, 0xa57c44a5,
	0x89e1ddce, 0x89f37c7d, 0x931e7cf6, 0x2e82dfa5,
	0xdced822e, 0xd566cfdc, 0x222ef373, 0xbe9b450a,
	0xe8265ec0, 0x55a171f2, 0x04fa12a1, 0x7da46767,
	0xe1ca68ca, 0xd58bbce1, 0x06a651a5, 0xdf33064c,
	0xd40b0022, 0xf9a5cece, 0xd566f3f9, 0x5a6a2222,
	0xc90c8432, 0x8506684a, 0xdd227cd4, 0xd5caef5b,
	0x0a7fdf82, 0x33c9746a, 0x148b0b59, 0x218b8bc8,
	0xd5c8a521, 0xf921c8bc, 0x854a148b, 0x7de1a5ca,
	0x896666dd, 0xd5ec7f3b, 0xdf7cdd7c, 0xebebdff9,
	0xe0b4bbdf, 0x0322220a, 0x0a18226a, 0x5e0a180a,
	0xb82c1d1d, 0xa128a1ac, 0x1d717104, 0x828fecec,
	0x2e4406a6, 0x44a90c7c, 0xbc222edf, 0x22448b2f,
	0x7df4f41e, 0xb7b72d89, 0x59322db7, 0xb04a7429,
	0x6af9bc68, 0x517d6a22, 0xbc22bcef, 0x6a3b8289,
	0xc8bc2eeb, 0x1ecfce36, 0xd4dd2e22, 0x0b727c72,
	0x297c6aeb, 0xebbb2222, 0xbb8272eb, 0xbcd55adf,
	0x5ad59685, 0x561e223b, 0x89dd2ec8, 0x7c3bdf5a,
	0x406c7fdf, 0x226abbd3, 0xebeb220a, 0x7babec46,
	0xcbf0adf0, 0x1dda5e16, 0x7aad603c, 0x594a230d,
	0x932e1e0b, 0xeb63331f, 0x0685895a, 0x668269a6,
	0xa65bbd92, 0x72bd2d5b, 0x2f4adf8f, 0x84f6732f,
	0x59654acf, 0x1ea5d48b, 0xa52e1e44, 0xbdca48ca,
	0x0651f485, 0xbc63a6b0, 0xeb93cac8, 0x217d4a72,
	0x27721e72, 0x1472ec14, 0xe6148b14, 0x3bec2994,
	0xdd822edf,
};

GsRVIEW2 EVL_D_800688E8 = {
	0x1edfeb7c,
	0x22223b7c,
	0x2e22ebeb,
	0xbb3bdddf,
	0x9393ebeb,
	0x8d969400,
	0xaeaf9c12,
	(GsCOORDINATE2 *)0x602c1dfa,
};

int32_t EVL_D_80068908[4] = {
	0xdadabecb, 0x04b12cf0, 0x2f32303d, 0x06b7a64a,
};

GsRVIEW2 EVL_D_80068918 = {
	0x4c4c85a5,
	0x068989ca,
	0x361e44e1,
	0xb01f5184,
	0x0b440b68,
	0x66728b4c,
	0xd5f4a9bd,
	(GsCOORDINATE2 *)0x1e14ddeb,
};

int8_t EVL_D_80068938[12] = {
	0x59, 0x0c, 0xc9, 0x48, 0x48, 0x0b, 0x59, 0xc4,
	0x36, 0xdf, 0x1e, 0xa9,
};

EvlParticle EVL_D_80068944[100] = {
	{
		0xb1ecbfa9,
		{ 0x659f, 0xbcc4, 0xdff9, 0x72df },
		0x4a,
		0xf6,
		0xe1,
		0x2e,
	},
	{
		0x29292972,
		{ 0xbfab, 0xf629, 0x8bc4, 0x5a82 },
		0xb9,
		0xbf,
		0x4a,
		0x44,
	},
	{
		0x7d36d572,
		{ 0xe1e1, 0xa593, 0x1e93, 0xd5f9 },
		0x89,
		0xd5,
		0x8b,
		0x5a,
	},
	{
		0x82275af3,
		{ 0x2e2e, 0x2282, 0x2222, 0xaebb },
		0xfa,
		0xa1,
		0xa1,
		0x9c,
	},
	{
		0x3c55a1af,
		{ 0xe86c, 0xafbe, 0x0450, 0x047b },
		0x5b,
		0xf6,
		0x27,
		0x4a,
	},
	{
		0x970c217c,
		{ 0x4a15, 0x85f6, 0x89f6, 0xf97c },
		0x7d,
		0xca,
		0x06,
		0x1f,
	},
	{
		0x2d2dcedd,
		{ 0xfb5b, 0x63de, 0xc40b, 0xf4f4 },
		0xbc,
		0x56,
		0xbd,
		0x89,
	},
	{
		0xbd66d5c8,
		{ 0x72cf, 0x2eeb, 0x1e2e, 0x92b0 },
		0x15,
		0x4a,
		0x4a,
		0x00,
	},
	{
		0x4a27dfdf,
		{ 0x8566, 0xa61a, 0x5692, 0x7dbc },
		0xc8,
		0xc8,
		0x4c,
		0xc8,
	},
	{
		0xb382cf15,
		{ 0xf64a, 0xf62f, 0x720b, 0x8b72 },
		0x7c,
		0x2e,
		0x22,
		0xdf,
	},
	{
		0x29272ff4,
		{ 0x29ec, 0xf689, 0x3689, 0x2974 },
		0x73,
		0x27,
		0x27,
		0xbc,
	},
	{
		0xca736666,
		{ 0xddbc, 0x007c, 0x727c, 0xfa94 },
		0xa1,
		0x4b,
		0xa1,
		0xa1,
	},
	{
		0xbe3cf8a1,
		{ 0xf2f1, 0x62dc, 0x1250, 0x7b7b },
		0xbd,
		0x92,
		0x3b,
		0x6a,
	},
	{
		0x6563f96a,
		{ 0x56bc, 0x51ef, 0x85b6, 0xd5a6 },
		0x8b,
		0x44,
		0x44,
		0xca,
	},
	{
		0x8ca43bca,
		{ 0x292d, 0x8b72, 0x3659, 0x064c },
		0xc8,
		0x33,
		0x1f,
		0x48,
	},
	{
		0xc8bd8459,
		{ 0x44a5, 0x4459, 0x488b, 0x3315 },
		0x5d,
		0xf4,
		0x84,
		0xc8,
	},
	{
		0xc8a606b0,
		{ 0x2edf, 0x7c2e, 0x7329, 0x06bc },
		0x06,
		0xc8,
		0x44,
		0x29,
	},
	{
		0x4cca7d66,
		{ 0x6663, 0x74b6, 0xa9f6, 0x7d06 },
		0x2e,
		0xeb,
		0x44,
		0xd5,
	},
	{
		0xf98b93d5,
		{ 0x6536, 0xf4f6, 0x7d36, 0x72bc },
		0x29,
		0x4a,
		0x27,
		0x27,
	},
	{
		0xe1ca7327,
		{ 0xf3d5, 0xdfeb, 0x825a, 0x047b },
		0xf8,
		0xf8,
		0xa1,
		0xae,
	},
	{
		0xf21c71f8,
		{ 0xa02b, 0x62af, 0x4b5e, 0x2cc0 },
		0xca,
		0x72,
		0x82,
		0x27,
	},
	{
		0x2f97322f,
		{ 0x6959, 0x7ca5, 0x7327, 0x5d32 },
		0x5d,
		0x0b,
		0x00,
		0x63,
	},
	{
		0xa6fbd463,
		{ 0x0cde, 0x59b0, 0x8b8b, 0xb059 },
		0x0c,
		0x4c,
		0x1f,
		0xcf,
	},
	{
		0xf4c45959,
		{ 0xf327, 0xa6ca, 0x9306, 0xcf4a },
		0x15,
		0x97,
		0x68,
		0xa6,
	},
	{
		0x567d06b7,
		{ 0xd474, 0x8269, 0x2222, 0x5a3b },
		0x00,
		0x8b,
		0xcf,
		0x1f,
	},
	{
		0xdd7c8b0b,
		{ 0x854c, 0x39bb, 0x94d3, 0x8589 },
		0x56,
		0xa9,
		0xa9,
		0xc8,
	},
	{
		0x7d3b22ec,
		{ 0xcf65, 0xe18b, 0xd585, 0x66d5 },
		0x36,
		0xc4,
		0x06,
		0xbc,
	},
	{
		0x8f3b5add,
		{ 0x2782, 0xbc2f, 0x2982, 0x1dec },
		0xf8,
		0xf8,
		0xfa,
		0x4b,
	},
	{
		0xbb60c004,
		{ 0x2bf1, 0xa150, 0x4b4f, 0xf89c },
		0x84,
		0x14,
		0x36,
		0xcf,
	},
	{
		0x141f0c4a,
		{ 0x4874, 0x56d4, 0x2929, 0xd4c1 },
		0xd4,
		0x48,
		0x5d,
		0x0c,
	},
	{
		0x0c5d1f69,
		{ 0x0c4c, 0x59b0, 0x1f8b, 0xde85 },
		0x51,
		0x33,
		0x44,
		0x44,
	},
	{
		0xbfb6bdbd,
		{ 0xf3bf, 0x27ec, 0x8b29, 0xc969 },
		0x59,
		0x4a,
		0x4a,
		0x72,
	},
	{
		0x8bd4722e,
		{ 0x7c72, 0x4c4a, 0xa95b, 0x1584 },
		0xce,
		0xd4,
		0x2f,
		0x15,
	},
	{
		0x828f7cbc,
		{ 0x32f6, 0xbd85, 0x8289, 0xdf13 },
		0x72,
		0xdd,
		0xe1,
		0x7d,
	},
	{
		0x2f6682df,
		{ 0x891a, 0x0b4a, 0xdda5, 0xebeb },
		0xec,
		0x66,
		0xc4,
		0x82,
	},
	{
		0x5a5aa5e1,
		{ 0x6666, 0x9689, 0x7d56, 0x1d0e },
		0x55,
		0x55,
		0x04,
		0xc5,
	},
	{
		0x6adc5eb1,
		{ 0x7adf, 0x3cba, 0x4bfa, 0xfaf8 },
		0x5b,
		0x06,
		0x5d,
		0x97,
	},
	{
		0x68442e4a,
		{ 0x1f5d, 0x3363, 0x6692, 0x1f82 },
		0x1f,
		0x63,
		0xca,
		0x48,
	},
	{
		0x4ca65d33,
		{ 0x060c, 0xe1c4, 0xc88b, 0x681f },
		0x51,
		0xa6,
		0xa6,
		0xc4,
	},
	{
		0xdf7da582,
		{ 0x597c, 0x0c0c, 0xc968, 0x69b0 },
		0x5b,
		0xa6,
		0xc9,
		0xc9,
	},
	{
		0x1f7497fb,
		{ 0x63d4, 0x334c, 0x8bcf, 0x148b },
		0x72,
		0x74,
		0x32,
		0x33,
	},
	{
		0x7d7c8ba5,
		{ 0x8bcf, 0xc44a, 0x274a, 0x5b06 },
		0x92,
		0xc8,
		0xcf,
		0x0b,
	},
	{
		0x278b4ae1,
		{ 0x66a6, 0x5222, 0x8993, 0x7ddd },
		0xbc,
		0x2f,
		0x27,
		0x82,
	},
	{
		0x66f3ecdf,
		{ 0x5af3, 0xdfdf, 0xd582, 0x55bb },
		0x04,
		0x1d,
		0x3c,
		0x62,
	},
	{
		0xd39b6cf2,
		{ 0x8203, 0x944a, 0xf83a, 0x9c71 },
		0xa6,
		0xa6,
		0xa6,
		0x5d,
	},
	{
		0xa651a65d,
		{ 0x335d, 0x0606, 0xf9c8, 0x697c },
		0x5d,
		0x5d,
		0x5d,
		0x0c,
	},
	{
		0xa65d6969,
		{ 0xf9f4, 0x85e1, 0xa6a6, 0x97f4 },
		0x74,
		0x4a,
		0x1e,
		0x2e,
	},
	{
		0x48d40c21,
		{ 0x5d5d, 0x7259, 0x68a5, 0xeb0b },
		0xdf,
		0xe1,
		0x68,
		0x65,
	},
	{
		0xb61a73e1,
		{ 0x94b6, 0x2eec, 0x7394, 0x29dd },
		0x29,
		0x82,
		0x82,
		0x4a,
	},
	{
		0x14220014,
		{ 0xcf27, 0x337d, 0x8906, 0x44a9 },
		0x2e,
		0x1e,
		0xa5,
		0xca,
	},
	{
		0xa5a5e1c8,
		{ 0x1f36, 0xd52f, 0xc4d5, 0x8bc8 },
		0x29,
		0x29,
		0x9f,
		0x8f,
	},
	{
		0x44ddec8f,
		{ 0x4400, 0x827c, 0x96f3, 0xf03b },
		0x7b,
		0x3c,
		0x60,
		0x16,
	},
	{
		0xdfb49b16,
		{ 0x6abb, 0x4ad5, 0xdd7c, 0xa2f3 },
		0xa6,
		0x51,
		0x51,
		0x5b,
	},
	{
		0x440bb75d,
		{ 0x0c33, 0x1e44, 0xec2e, 0xde74 },
		0x69,
		0x44,
		0x1e,
		0x8b,
	},
	{
		0xca065b5d,
		{ 0xefef, 0x44a5, 0xf67d, 0x1e00 },
		0x5b,
		0xb7,
		0x4c,
		0xca,
	},
	{
		0x0044a506,
		{ 0xc963, 0x5c97, 0x2774, 0x7cbc },
		0xf9,
		0xe1,
		0xa9,
		0x73,
	},
	{
		0x6629abbf,
		{ 0x515c, 0xcea6, 0x56de, 0xf329 },
		0xf9,
		0xe1,
		0x33,
		0x69,
	},
	{
		0x67327436,
		{ 0x3bb6, 0x7c7d, 0xbc7c, 0x3b7d },
		0xeb,
		0x4a,
		0x36,
		0x4a,
	},
	{
		0x4c68cf7c,
		{ 0x897d, 0xf4c8, 0xb973, 0x5615 },
		0x63,
		0xa5,
		0xe1,
		0x36,
	},
	{
		0x727c1474,
		{ 0x7d7c, 0x0044, 0xc8a5, 0x6a7c },
		0x1c,
		0xf2,
		0x6c,
		0x6c,
	},
	{
		0x186d9b9b,
		{ 0xbb39, 0x82d5, 0xdd72, 0x5a3b },
		0x4c,
		0x0b,
		0x00,
		0x7c,
	},
	{
		0xd41584c9,
		{ 0x4cfb, 0x5d06, 0xf45d, 0x4cde },
		0xc8,
		0x06,
		0x51,
		0xf4,
	},
	{
		0x00a60c48,
		{ 0x441e, 0x2169, 0x1414, 0x6359 },
		0x48,
		0x06,
		0x33,
		0x44,
	},
	{
		0x5bbca58b,
		{ 0x84a6, 0x7497, 0x6572, 0x065d },
		0x85,
		0x69,
		0x36,
		0x48,
	},
	{
		0x0c1f59ce,
		{ 0xcf0c, 0x1e7c, 0x7c82, 0x4a4a },
		0xe1,
		0xa5,
		0x33,
		0x1f,
	},
	{
		0x854a4a21,
		{ 0xa9a9, 0xc806, 0xa58b, 0x727c },
		0x7c,
		0x7d,
		0x33,
		0x33,
	},
	{
		0xce658b14,
		{ 0x22df, 0x2218, 0xf4df, 0x29bd },
		0xb3,
		0x6a,
		0x0a,
		0x22,
	},
	{
		0xd5277c22,
		{ 0x89ca, 0xd5c8, 0x7cdf, 0x724a },
		0xdf,
		0xbb,
		0xcc,
		0x26,
	},
	{
		0xddddbbd3,
		{ 0xdfa5, 0xdf82, 0xdf3b, 0xddc8 },
		0x21,
		0x21,
		0x21,
		0x63,
	},
	{
		0xc8597272,
		{ 0xca4c, 0x2e44, 0xa5eb, 0xe14c },
		0x00,
		0x00,
		0x1e,
		0x00,
	},
	{
		0x5906a6ca,
		{ 0x6921, 0x0c5d, 0x0bd4, 0x0c63 },
		0x33,
		0xa6,
		0xca,
		0x85,
	},
	{
		0xa5dda5a6,
		{ 0xf47d, 0xc84c, 0x0bcf, 0x0b21 },
		0x44,
		0x0b,
		0x5d,
		0x84,
	},
	{
		0xd49774ce,
		{ 0x218b, 0x4421, 0x4821, 0x331f },
		0x63,
		0xc8,
		0x00,
		0x2e,
	},
	{
		0xcaca931e,
		{ 0xf9f9, 0x4463, 0x060b, 0x4c4c },
		0xc4,
		0x36,
		0x73,
		0xbc,
	},
	{
		0x29ce6529,
		{ 0xd573, 0x0b0b, 0x0b7d, 0xf3c9 },
		0xeb,
		0xec,
		0x44,
		0x3b,
	},
	{
		0x82e1ca44,
		{ 0x933b, 0xdfdf, 0xdd7d, 0xdf72 },
		0x2e,
		0x72,
		0x4a,
		0x82,
	},
	{
		0xeb72dd8b,
		{ 0xebeb, 0x222e, 0xdf2e, 0x1eeb },
		0x59,
		0xcf,
		0x36,
		0x21,
	},
	{
		0x59148b59,
		{ 0x0b0b, 0x3344, 0x4c5d, 0x210b },
		0x63,
		0x33,
		0x1f,
		0x69,
	},
	{
		0xc9695d5b,
		{ 0xcec4, 0xdec9, 0x4c0c, 0x48a6 },
		0x74,
		0x8b,
		0x36,
		0xc8,
	},
	{
		0xa54ca6ca,
		{ 0x0bdd, 0x44d4, 0xd40b, 0x5168 },
		0x5b,
		0x84,
		0x97,
		0xcf,
	},
	{
		0xc9ce2959,
		{ 0x2d5b, 0x1592, 0x6673, 0x65cf },
		0x4a,
		0x74,
		0x73,
		0x82,
	},
	{
		0xddf9df2e,
		{ 0x0072, 0x65c8, 0x897d, 0xc489 },
		0xcf,
		0x00,
		0x22,
		0x00,
	},
	{
		0x8b0bc84c,
		{ 0xf6a5, 0x56c4, 0x8b74, 0x898b },
		0xce,
		0x4a,
		0x82,
		0x8b,
	},
	{
		0x141e2e21,
		{ 0x727c, 0x1fd5, 0x7227, 0xe1f9 },
		0x4c,
		0xf6,
		0x27,
		0x7c,
	},
	{
		0x667cd5a5,
		{ 0x8266, 0x8966, 0x6789, 0xbc96 },
		0x5d,
		0xf3,
		0x6a,
		0xbb,
	},
	{
		0xa62d8427,
		{ 0x330c, 0x5da6, 0x6369, 0x6948 },
		0x06,
		0x5d,
		0x48,
		0x14,
	},
	{
		0xfb0707d9,
		{ 0xd40c, 0xfbd4, 0x075b, 0x5914 },
		0x0b,
		0x63,
		0x63,
		0xc8,
	},
	{
		0x3306064c,
		{ 0x5d69, 0x6933, 0x0606, 0x227d },
		0x82,
		0x4c,
		0x06,
		0x4c,
	},
	{
		0x5c670c97,
		{ 0x674d, 0x2dc7, 0x2d32, 0x48c4 },
		0x15,
		0x27,
		0x74,
		0x0c,
	},
	{
		0x68d45dde,
		{ 0xbdbd, 0x89a9, 0xeb5a, 0x7cdf },
		0x7c,
		0x14,
		0x59,
		0x4a,
	},
	{
		0x5a82f97d,
		{ 0xecbf, 0x0a6a, 0x717a, 0xab04 },
		0xf3,
		0x66,
		0x7d,
		0xc8,
	},
	{
		0x228266a5,
		{ 0x5aeb, 0x0072, 0xeb1e, 0xecec },
		0x3b,
		0xec,
		0xf3,
		0x5a,
	},
	{
		0x66b689b6,
		{ 0x8227, 0xb949, 0x94bf, 0xeb3b },
		0x72,
		0xdf,
		0xdf,
		0xc7,
	},
	{
		0xc90732c7,
		{ 0x1fde, 0x7c44, 0x7200, 0x2fc9 },
		0x14,
		0x36,
		0x0c,
		0xde,
	},
	{
		0xce4dce0c,
		{ 0xdec9, 0xa497, 0x85ce, 0xf4de },
		0x69,
		0x33,
		0x7d,
		0xa5,
	},
	{
		0xf4ce630c,
		{ 0x27f6, 0xd5d5, 0x8b7c, 0xf9ce },
		0x2e,
		0xdf,
		0x6b,
		0x14,
	},
	{
		0x724a8be6,
		{ 0x5b82, 0x56ef, 0x722e, 0xce74 },
		0x29,
		0xd4,
		0xd4,
		0xd4,
	},
	{
		0xbf73c159,
		{ 0xa2b9, 0xfc4b, 0x8db7, 0x3b0e },
		0x96,
		0xf4,
		0x66,
		0x5a,
	},
	{
		0x7d002edf,
		{ 0xecec, 0x94a2, 0x8294, 0x9f3b },
		0xb2,
		0xeb,
		0x3b,
		0x7c,
	},
	{
		0xdf2edd93,
		{ 0xdff3, 0x1ff9, 0x1ff4, 0x89dd },
		0x7d,
		0x3b,
		0xeb,
		0x9f,
	},
};

EvlSpark EVL_D_80068F84[16] = {
	{ 0xdf3b, 0xdfdf, (Entity *)0xf4bc8282 },
	{ 0x7385, 0x5a27, (Entity *)0xc92f5685 },
	{ 0xeb29, 0xec22, (Entity *)0x1e1e147c },
	{ 0xd414, 0xa684, (Entity *)0x36441e69 },
	{ 0xfb36, 0x5bfb, (Entity *)0xc1cec732 },
	{ 0x5674, 0xc4f4, (Entity *)0x631f06f6 },
	{ 0xa521, 0x7dca, (Entity *)0x85df2e22 },
	{ 0x7429, 0x075c, (Entity *)0x7d141448 },
	{ 0x72dd, 0x1414, (Entity *)0x2163fbc9 },
	{ 0x6348, 0x6363, (Entity *)0xa61f5921 },
	{ 0x3636, 0xbb89, (Entity *)0xbfb6a4c0 },
	{ 0x6a0e, 0xbb6a, (Entity *)0xc7bcbbbb },
	{ 0x4d96, 0xab29, (Entity *)0x7d442974 },
	{ 0xeb7c, 0x2713, (Entity *)0x721eb34a },
	{ 0x3627, 0xcfcf, (Entity *)0x54ddcabc },
	{ 0x3922, 0x8900, (Entity *)0x7ce66589 },
};
#else
int16_t EVL_D_80063F3C[1794] = {
	0x0000, 0x0000, 0x0000, 0x0000, 0x0000, 0x0000, 0x0000, 0x0000,
	0x0000, 0x0000, 0x0000, 0x0000, 0x0000, 0x0000, 0x0000, 0x0000,
	0x0000, 0x0000, 0x0000, 0x0000, 0x0000, 0x0000, 0x0000, 0x0000,
	0x0000, 0x0000, 0x0000, 0x0000, 0x0000, 0x0000, 0x0000, 0x0000,
	0x0000, 0x0000, 0x0000, 0x0000, 0x0000, 0x0000, 0x0000, 0x0000,
	0x0000, 0x0000, 0x0000, 0x0000, 0x0000, 0x0000, 0x0000, 0x0000,
	0x0000, 0x0000, 0x0000, 0x0000, 0x0000, 0x0000, 0x0000, 0x0000,
	0x0000, 0x0000, 0x0000, 0x0000, 0x0000, 0x0000, 0x0000, 0x0000,
	0x0000, 0x0000, 0x0000, 0x0000, 0x0000, 0x0000, 0x0000, 0x0000,
	0x0000, 0x0000, 0x0000, 0x0000, 0x0000, 0x0000, 0x0000, 0x0000,
	0x0000, 0x0000, 0x0000, 0x0000, 0x0000, 0x0000, 0x0000, 0x0000,
	0x0000, 0x0000, 0x0000, 0x0000, 0x0000, 0x0000, 0x0000, 0x0000,
	0x0000, 0x0000, 0xcb03, 0x0002, 0x005a, 0x87a2, 0x9021, 0x0320,
	0x0058, 0x87a3, 0x2021, 0x0040, 0xa022, 0x0052, 0x1020, 0x0092,
	0x8822, 0x0072, 0x0044, 0xafa2, 0x9020, 0x0243, 0x0000, 0x8f82,
	0x00a0, 0x2403, 0x1022, 0x0062, 0x1821, 0x0040, 0xa822, 0x0222,
	0x1022, 0x0243, 0x0048, 0xafa2, 0x0000, 0x8f82, 0x0078, 0x2403,
	0x1022, 0x0062, 0x1821, 0x0040, 0xb822, 0x0282, 0x0044, 0x8fa2,
	0x0010, 0xafb3, 0x1022, 0x0043, 0x004c, 0xafa2, 0x0004, 0x2404,
	0x0001, 0x2405, 0x1860, 0x2406, 0x0000, 0x0c00, 0x3821, 0x0000,
	0x9821, 0x0040, 0x00a0, 0x22a2, 0x1821, 0x0040, 0xb022, 0x0222,
	0x0078, 0x22e2, 0xf020, 0x0073, 0x002b, 0x1bc0, 0xa822, 0x0282,
	0x0000, 0x0c00, 0x2021, 0x0200, 0x2021, 0x0200, 0x0000, 0x0c00,
	0x0002, 0x2405, 0x0080, 0x2404, 0x0006, 0xa204, 0x0005, 0xa204,
	0x0004, 0xa204, 0x00dd, 0x2402, 0x0016, 0xa602, 0x79c0, 0x2402,
	0x000e, 0xa602, 0x000c, 0xa200, 0x1021, 0x0080, 0x000d, 0xa202,
	0x0003, 0x2403, 0x0014, 0xa203, 0x0015, 0xa204, 0x001c, 0xa200,
	0x0083, 0x2402, 0x001d, 0xa202, 0x0024, 0xa203, 0x0025, 0xa202,
	0x0008, 0xa616, 0x1020, 0x02de, 0x000a, 0xa615, 0x0010, 0xa602,
	0x1821, 0x0040, 0x0012, 0xa615, 0x00f0, 0x22a2, 0x0018, 0xa616,
	0x001a, 0xa602, 0x2021, 0x0040, 0x0020, 0xa603, 0x0022, 0xa604,
	0x0000, 0x8f82, 0x2821, 0x0200, 0x0004, 0x8c42, 0x0028, 0x24b0,
	0x0000, 0x0c00, 0x0088, 0x2444, 0x0078, 0x22e2, 0xa822, 0x0282,
	0x0048, 0x8fa2, 0x00a0, 0x2403, 0x1022, 0x0062, 0xf020, 0x0053,
	0x002b, 0x1bc0, 0xb022, 0x0253, 0x0000, 0x0c00, 0x2021, 0x0200,
	0x0080, 0x2402, 0x0006, 0xa202, 0x0005, 0xa202, 0x0004, 0xa202,
	0x2021, 0x0200, 0x0000, 0x0c00, 0x0002, 0x2405, 0x00dd, 0x2402,
	0x0016, 0xa602, 0x79c0, 0x2402, 0x000e, 0xa602, 0x000c, 0xa200,
	0x0080, 0x2402, 0x000d, 0xa202, 0x0003, 0x2403, 0x0014, 0xa203,
	0x0015, 0xa202, 0x001c, 0xa200, 0x0083, 0x2402, 0x001d, 0xa202,
	0x0024, 0xa203, 0x0025, 0xa202, 0x0008, 0xa616, 0x1020, 0x02de,
	0x000a, 0xa615, 0x0010, 0xa602, 0x1821, 0x0040, 0x0012, 0xa615,
	0x00f0, 0x22a2, 0x0018, 0xa616, 0x001a, 0xa602, 0x2021, 0x0040,
	0x0020, 0xa603, 0x0022, 0xa604, 0x0000, 0x8f82, 0x2821, 0x0200,
	0x0004, 0x8c42, 0x0028, 0x24b0, 0x0000, 0x0c00, 0x0088, 0x2444,
	0x0078, 0x22e2, 0x1821, 0x0040, 0xb022, 0x0251, 0x002e, 0x1ac0,
	0xa022, 0x0282, 0xa820, 0x0073, 0x002b, 0x1aa0, 0x0000, 0x0000,
	0x0000, 0x0c00, 0x2021, 0x0200, 0x0080, 0x2402, 0x0006, 0xa202,
	0x0005, 0xa202, 0x0004, 0xa202, 0x2021, 0x0200, 0x0000, 0x0c00,
	0x0002, 0x2405, 0x00dd, 0x2402, 0x0016, 0xa602, 0x79c0, 0x2402,
	0x000e, 0xa602, 0x000c, 0xa200, 0x0080, 0x2402, 0x000d, 0xa202,
	0x0003, 0x2403, 0x0014, 0xa203, 0x0015, 0xa202, 0x001c, 0xa200,
	0x0083, 0x2402, 0x001d, 0xa202, 0x0024, 0xa203, 0x0025, 0xa202,
	0x0008, 0xa611, 0x1020, 0x0236, 0x000a, 0xa614, 0x0010, 0xa602,
	0x1821, 0x0040, 0x0012, 0xa614, 0x1020, 0x0295, 0x0018, 0xa611,
	0x001a, 0xa602, 0x2021, 0x0040, 0x0020, 0xa603, 0x0022, 0xa604,
	0x0000, 0x8f82, 0x2821, 0x0200, 0x0004, 0x8c42, 0x0028, 0x24b0,
	0x0000, 0x0c00, 0x0088, 0x2444, 0x0044, 0x8fa2, 0xa822, 0x0251,
	0x0031, 0x1aa0, 0xa022, 0x0053, 0x004c, 0x8fa2, 0x0078, 0x2403,
	0x1022, 0x0062, 0x9020, 0x0053, 0x002b, 0x1a40, 0x0000, 0x0000,
	0x0000, 0x0c00, 0x2021, 0x0200, 0x0080, 0x2402, 0x0006, 0xa202,
	0x0005, 0xa202, 0x0004, 0xa202, 0x2021, 0x0200, 0x0000, 0x0c00,
	0x0002, 0x2405, 0x00dd, 0x2402, 0x0016, 0xa602, 0x79c0, 0x2402,
	0x000e, 0xa602, 0x000c, 0xa200, 0x0080, 0x2402, 0x000d, 0xa202,
	0x0003, 0x2403, 0x0014, 0xa203, 0x0015, 0xa202, 0x001c, 0xa200,
	0x0083, 0x2402, 0x001d, 0xa202, 0x0024, 0xa203, 0x0025, 0xa202,
	0x0008, 0xa611, 0x1020, 0x0235, 0x000a, 0xa614, 0x0010, 0xa602,
	0x1821, 0x0040, 0x0012, 0xa614, 0x1020, 0x0292, 0x0018, 0xa611,
	0x001a, 0xa602, 0x2021, 0x0040, 0x0020, 0xa603, 0x0022, 0xa604,
	0x0000, 0x8f82, 0x2821, 0x0200, 0x0004, 0x8c42, 0x0028, 0x24b0,
	0x0000, 0x0c00, 0x0088, 0x2444, 0x0000, 0x0c00, 0x2021, 0x0200,
	0x0040, 0x8fa2, 0x0000, 0x0000, 0x003c, 0x8fbf, 0x0038, 0x8fbe,
	0x0034, 0x8fb7, 0x0030, 0x8fb6, 0x002c, 0x8fb5, 0x0028, 0x8fb4,
	0x0024, 0x8fb3, 0x0020, 0x8fb2, 0x001c, 0x8fb1, 0x0018, 0x8fb0,
	0x0008, 0x03e0, 0x0078, 0x27bd, 0xffe0, 0x27bd, 0x0018, 0xafbf,
	0x0014, 0xafb1, 0x0010, 0xafb0, 0x0000, 0x0c00, 0x8821, 0x0080,
	0x8021, 0x0040, 0x0000, 0x0c00, 0x2021, 0x0200, 0x2021, 0x0200,
	0x0000, 0x0c00, 0x0001, 0x2405, 0x00dd, 0x2402, 0x0016, 0xa602,
	0x79c0, 0x2402, 0x000e, 0xa602, 0xff60, 0x2404, 0x0008, 0xa604,
	0xff88, 0x2402, 0x000a, 0xa602, 0x00a0, 0x2403, 0x0010, 0xa603,
	0x0012, 0xa602, 0x0018, 0xa604, 0x0078, 0x2402, 0x001a, 0xa602,
	0x0020, 0xa603, 0x0022, 0xa602, 0x000c, 0xa200, 0x0080, 0x2402,
	0x000d, 0xa202, 0x0003, 0x2403, 0x0014, 0xa203, 0x0015, 0xa202,
	0x001c, 0xa200, 0x0083, 0x2402, 0x001d, 0xa202, 0x0024, 0xa203,
	0x0025, 0xa202, 0x0000, 0x8e22, 0x2821, 0x0200, 0x0004, 0xa202,
	0x0004, 0x8e22, 0x0000, 0x0000, 0x0005, 0xa202, 0x0008, 0x8e22,
	0x0000, 0x0000, 0x0006, 0xa202, 0x0000, 0x8f82, 0x0000, 0x0000,
	0x0004, 0x8c42, 0x0000, 0x0c00, 0x2021, 0x0040, 0x0028, 0x2610,
	0x0000, 0x0c00, 0x2021, 0x0200, 0x0018, 0x8fbf, 0x0014, 0x8fb1,
	0x0010, 0x8fb0, 0x0008, 0x03e0, 0x0020, 0x27bd, 0x8008, 0x3c03,
	0x000b, 0x2404, 0x0000, 0x3c01, 0x0000, 0xac24, 0xc000, 0x3462,
	0x0000, 0x3c01, 0x0004, 0xac22, 0x0000, 0x3c01, 0x0014, 0xac24,
	0xe000, 0x3462, 0x0000, 0x3c01, 0x0008, 0x03e0, 0x0018, 0xac22,
	0xffb8, 0x27bd, 0x0020, 0xafbf, 0x001c, 0xafb3, 0x0018, 0xafb2,
	0x0014, 0xafb1, 0x0010, 0xafb0, 0x9021, 0x0080, 0x8021, 0x00a0,
	0x1821, 0x0000, 0x000a, 0x1000, 0x2021, 0x0000, 0x0000, 0x3c02,
	0x0000, 0x2442, 0x1021, 0x0044, 0x0000, 0x8c42, 0x0000, 0x0000,
	0x0006, 0x1052, 0x0000, 0x0000, 0x0001, 0x2063, 0x0004, 0x2084,
	0x000a, 0x2861, 0xfff5, 0x1420, 0x0000, 0x0000, 0x000a, 0x2401,
	0x0053, 0x1061, 0x0000, 0x0000, 0x0000, 0x8f83, 0x2021, 0x0000,
	0x1080, 0x0003, 0x1020, 0x0043, 0x1880, 0x0002, 0x0000, 0x3c02,
	0x0000, 0x2442, 0x3021, 0x0043, 0x0000, 0x0c00, 0x0002, 0x2405,
	0x0000, 0x8f83, 0x0000, 0x3c18, 0x1080, 0x0003, 0x1020, 0x0043,
	0x1880, 0x0002, 0x0000, 0x3c02, 0x000c, 0x2442, 0x1021, 0x0043,
	0x0000, 0xac50, 0x0000, 0x8e43, 0x0004, 0x8e50, 0x1040, 0x0003,
	0x1020, 0x0043, 0x1080, 0x0002, 0x1020, 0x0043, 0x1880, 0x0002,
	0x0000, 0x3c02, 0x0014, 0x2442, 0x1021, 0x0043, 0x0000, 0x8c53,
	0x0000, 0x2718, 0x0028, 0x27af, 0x0008, 0x2419, 0x0000, 0x8f0e,
	0xffff, 0x2739, 0x0000, 0xadee, 0x0004, 0x2718, 0xfffb, 0x1f20,
	0x0004, 0x25ef, 0x001c, 0x1000, 0x8821, 0x0000, 0x0008, 0x8e02,
	0x0000, 0x0000, 0x0016, 0x1040, 0x0000, 0x0000, 0x0004, 0x8e04,
	0x0000, 0x0c00, 0x0028, 0x27a5, 0x0000, 0x0c00, 0x0028, 0x27a4,
	0x0004, 0x8e04, 0x0000, 0x0c00, 0x0028, 0x27a5, 0x0000, 0x0c00,
	0x0028, 0x27a4, 0x0000, 0x8f83, 0x2021, 0x0200, 0x1080, 0x0003,
	0x1020, 0x0043, 0x1880, 0x0002, 0x0000, 0x3c02, 0x0000, 0x2442,
	0x2821, 0x0043, 0x0003, 0x2406, 0x0000, 0x0c00, 0x1f80, 0x3c07,
	0x0088, 0x2610, 0x0001, 0x2231, 0x082a, 0x0233, 0xffe3, 0x1420,
	0x0000, 0x0000, 0x0000, 0x8f83, 0x0000, 0x8f85, 0x1080, 0x0003,
	0x1020, 0x0043, 0x1880, 0x0002, 0x0000, 0x3c02, 0x0000, 0x2442,
	0x0000, 0x0c00, 0x2021, 0x0043, 0x0000, 0x0c00, 0x2021, 0x0240,
	0x0020, 0x8fbf, 0x001c, 0x8fb3, 0x0018, 0x8fb2, 0x0014, 0x8fb1,
	0x0010, 0x8fb0, 0x0008, 0x03e0, 0x0048, 0x27bd, 0x0022, 0x1480,
	0x0000, 0xa384, 0x2021, 0x0000, 0x001a, 0x1000, 0x2821, 0x0000,
	0x0000, 0x3c02, 0x0000, 0x2442, 0x1021, 0x0045, 0x0000, 0x8c43,
	0x0000, 0x3c02, 0x0000, 0x2442, 0x000c, 0x1062, 0x3021, 0x0060,
	0x0034, 0x80c2, 0x0000, 0x0000, 0x0008, 0x1040, 0x0000, 0x0000,
	0x0000, 0x3c02, 0x0000, 0x2442, 0x0034, 0xa0c0, 0x0001, 0x2403,
	0x1021, 0x0044, 0x0005, 0x1000, 0x0000, 0xa043, 0x0000, 0x3c02,
	0x0000, 0x2442, 0x1021, 0x0044, 0x0000, 0xa040, 0x0001, 0x2084,
	0x0004, 0x20a5, 0x000a, 0x2881, 0xffe5, 0x1420, 0x0000, 0x0000,
	0x0017, 0x1000, 0x0000, 0x0000, 0x2021, 0x0000, 0x0011, 0x1000,
	0x2821, 0x0000, 0x0000, 0x3c02, 0x0000, 0x2442, 0x1021, 0x0045,
	0x0000, 0x8c43, 0x0000, 0x3c02, 0x0000, 0x2442, 0x0007, 0x1062,
	0x3021, 0x0060, 0x0000, 0x3c02, 0x0000, 0x2442, 0x1021, 0x0044,
	0x0000, 0x8042, 0x0000, 0x0000, 0x0034, 0xa0c2, 0x0001, 0x2084,
	0x0004, 0x20a5, 0x000a, 0x2881, 0xffee, 0x1420, 0x0000, 0x0000,
	0x0008, 0x03e0, 0x0000, 0x0000, 0xffd8, 0x27bd, 0x0018, 0xafbf,
	0x0014, 0xafb1, 0x0010, 0xafb0, 0x8021, 0x0080, 0x8821, 0x00a0,
	0x0000, 0x0c00, 0x2021, 0x0220, 0x0000, 0x8e24, 0x0000, 0x0c00,
	0x2821, 0x0040, 0x0012, 0x9443, 0x0020, 0x27a4, 0x003f, 0x3063,
	0x1900, 0x0003, 0x0020, 0xa7a3, 0x0012, 0x9442, 0x0000, 0x0000,
	0x1183, 0x0002, 0x0022, 0xa7a2, 0x0010, 0x2402, 0x0024, 0xa7a2,
	0x0018, 0x2402, 0x0026, 0xa7a2, 0x0000, 0x0c00, 0x2821, 0x0200,
	0x0000, 0x0c00, 0x2021, 0x0000, 0x0018, 0x8fbf, 0x0014, 0x8fb1,
	0x0010, 0x8fb0, 0x0008, 0x03e0, 0x0028, 0x27bd, 0xffc0, 0x27bd,
	0x0030, 0xafbf, 0x002c, 0xafb7, 0x0028, 0xafb6, 0x0024, 0xafb5,
	0x0020, 0xafb4, 0x001c, 0xafb3, 0x0018, 0xafb2, 0x0014, 0xafb1,
	0x0010, 0xafb0, 0xb821, 0x0080, 0x8021, 0x00a0, 0x0050, 0x8fb6,
	0x0054, 0x8fb4, 0x8821, 0x00c0, 0xa821, 0x00e0, 0x0000, 0x0c00,
	0x2021, 0x0200, 0x0000, 0x8e04, 0x0000, 0x0c00, 0x2821, 0x0040,
	0x082a, 0x02d4, 0x0002, 0x1020, 0x8021, 0x0040, 0xa021, 0x02c0,
	0x0000, 0x0c00, 0x0000, 0x0000, 0x0064, 0x2403, 0x001a, 0x0043,
	0x1010, 0x0000, 0x9c00, 0x0002, 0x0000, 0x0c00, 0x9c03, 0x0013,
	0x0064, 0x2403, 0x001a, 0x0043, 0x1010, 0x0000, 0x9400, 0x0002,
	0x0000, 0x0c00, 0x9403, 0x0012, 0x0064, 0x2403, 0x001a, 0x0043,
	0x2821, 0x0000, 0x1010, 0x0000, 0x3400, 0x0002, 0x3403, 0x0006,
	0x1021, 0x0000, 0x1822, 0x0295, 0x0080, 0x1000, 0x2022, 0x02d5,
	0x0000, 0x86ea, 0x0000, 0x0000, 0x4821, 0x0140, 0x001f, 0x3147,
	0x4143, 0x0009, 0x4a83, 0x0009, 0x53c3, 0x000a, 0x001f, 0x3108,
	0x001f, 0x3129, 0x0001, 0x314a, 0x3c00, 0x0007, 0x4400, 0x0008,
	0x4c00, 0x0009, 0x5400, 0x000a, 0x3c03, 0x0007, 0x4403, 0x0008,
	0x4c03, 0x0009, 0x0002, 0x26f7, 0x0005, 0x14e0, 0x5403, 0x000a,
	0x0003, 0x1500, 0x0000, 0x0000, 0x0050, 0x1120, 0x0000, 0x0000,
	0x0004, 0x1295, 0x0000, 0x0000, 0x0001, 0x240a, 0x5400, 0x000a,
	0x5403, 0x000a, 0x001f, 0x240c, 0x5822, 0x0187, 0x0018, 0x0163,
	0x5812, 0x0000, 0x0000, 0x0000, 0x0000, 0x0000, 0x001a, 0x0164,
	0x5812, 0x0000, 0x0000, 0x0000, 0x0000, 0x0000, 0x0018, 0x026b,
	0x51eb, 0x3c0b, 0x6812, 0x0000, 0x851f, 0x356b, 0x0000, 0x0000,
	0x0018, 0x016d, 0x77c2, 0x000d, 0x6810, 0x0000, 0x6943, 0x000d,
	0x6821, 0x01ae, 0x6c00, 0x000d, 0x6c03, 0x000d, 0x3820, 0x00ed,
	0x6821, 0x0180, 0x6822, 0x01a8, 0x0018, 0x01a3, 0x3c00, 0x0007,
	0x6812, 0x0000, 0x0000, 0x0000, 0x0000, 0x0000, 0x001a, 0x01a4,
	0x6022, 0x0189, 0x6812, 0x0000, 0x0000, 0x0000, 0x0000, 0x0000,
	0x0018, 0x024d, 0x3c03, 0x0007, 0x7012, 0x0000, 0x6821, 0x0160,
	0x0000, 0x0000, 0x0018, 0x01ae, 0x6810, 0x0000, 0x0000, 0x0000,
	0x0000, 0x0000, 0x0018, 0x0183, 0x77c2, 0x000e, 0x6012, 0x0000,
	0x0000, 0x0000, 0x0000, 0x0000, 0x001a, 0x0184, 0x6943, 0x000d,
	0x6012, 0x0000, 0x0000, 0x0000, 0x0000, 0x0000, 0x0018, 0x00cc,
	0x6821, 0x01ae, 0x6012, 0x0000, 0x0000, 0x0000, 0x0000, 0x0000,
	0x0018, 0x016c, 0x6c00, 0x000d, 0x5810, 0x0000, 0x6c03, 0x000d,
	0x4020, 0x010d, 0x4400, 0x0008, 0x67c2, 0x000c, 0x5943, 0x000b,
	0x5821, 0x016c, 0x5c00, 0x000b, 0x5c03, 0x000b, 0x4820, 0x012b,
	0x4c00, 0x0009, 0x4403, 0x0008, 0x4c03, 0x0009, 0x5821, 0x0222,
	0x0000, 0xa567, 0x3940, 0x0008, 0x6400, 0x0007, 0x4021, 0x0160,
	0x0000, 0x8507, 0x6403, 0x000c, 0x3820, 0x00ec, 0x0000, 0xa507,
	0x3a80, 0x0009, 0x4c00, 0x0007, 0x4021, 0x0160, 0x0000, 0x8507,
	0x4c03, 0x0009, 0x3820, 0x00e9, 0x0000, 0xa507, 0x3bc0, 0x000a,
	0x4400, 0x0007, 0x0000, 0x8567, 0x4403, 0x0008, 0x3820, 0x00e8,
	0x0000, 0xa567, 0x0001, 0x20a5, 0x0002, 0x2042, 0x0180, 0x28a1,
	0xff7f, 0x1420, 0x0000, 0x0000, 0x0012, 0x9602, 0x0038, 0x27a4,
	0x003f, 0x3042, 0x1100, 0x0002, 0x0038, 0xa7a2, 0x0012, 0x9602,
	0x0000, 0x0000, 0x1183, 0x0002, 0x003a, 0xa7a2, 0x0010, 0x2402,
	0x003c, 0xa7a2, 0x0018, 0x2402, 0x003e, 0xa7a2, 0x0000, 0x0c00,
	0x2821, 0x0220, 0x0000, 0x0c00, 0x2021, 0x0000, 0x0030, 0x8fbf,
	0x002c, 0x8fb7, 0x0028, 0x8fb6, 0x0024, 0x8fb5, 0x0020, 0x8fb4,
	0x001c, 0x8fb3, 0x0018, 0x8fb2, 0x0014, 0x8fb1, 0x0010, 0x8fb0,
	0x0008, 0x03e0, 0x0040, 0x27bd, 0xffc8, 0x27bd, 0x0020, 0xafbf,
	0x0000, 0x2782, 0x0000, 0x8446, 0x0002, 0x8445, 0x0004, 0x8443,
	0x0006, 0x8442, 0x0028, 0xa7a6, 0x002a, 0xa7a5, 0x0000, 0xa780,
	0x002c, 0xa7a3, 0x0002, 0xa780, 0x002e, 0xa7a2, 0x0004, 0xaf84,
	0x0004, 0x8c82, 0x0028, 0x27a5, 0x0078, 0x8c42, 0x0000, 0x0000,
	0x0030, 0xa7a2, 0x0004, 0x8c82, 0x0000, 0x0000, 0x007c, 0x8c42,
	0x0000, 0x0000, 0x0032, 0xa7a2, 0x0004, 0x8c82, 0x0000, 0x0000,
	0x0080, 0x8c42, 0x0000, 0x0000, 0x0034, 0xa7a2, 0x0000, 0x0c00,
	0x0030, 0x27a4, 0x0000, 0x8f82, 0x00a8, 0x2403, 0x1822, 0x0062,
	0x1c00, 0x0003, 0x0028, 0x87a2, 0x1c03, 0x0003, 0x1022, 0x0043,
	0x0028, 0xa7a2, 0x0000, 0x8f82, 0x007e, 0x2403, 0x1822, 0x0062,
	0x1c00, 0x0003, 0x002a, 0x87a2, 0x1c03, 0x0003, 0x1022, 0x0043,
	0x002a, 0xa7a2, 0x0028, 0x27a2, 0x0010, 0xafa2, 0x0000, 0x3c02,
	0x0000, 0x2442, 0x0014, 0xafa2, 0x0000, 0x3c02, 0x0000, 0x2442,
	0x0018, 0xafa2, 0x0003, 0x2404, 0x2821, 0x0000, 0x0002, 0x2406,
	0x0000, 0x0c00, 0x0000, 0x2787, 0x0020, 0x8fbf, 0x0000, 0x0000,
	0x0008, 0x03e0, 0x0038, 0x27bd, 0x0000, 0x0800, 0x0003, 0x2404,
	0xffd8, 0x27bd, 0x0010, 0xafbf, 0x0000, 0x2782, 0x0000, 0x8445,
	0x0002, 0x8444, 0x0004, 0x8443, 0x0006, 0x8442, 0x0018, 0xa7a5,
	0x001a, 0xa7a4, 0x001c, 0xa7a3, 0x0004, 0x8f83, 0x001e, 0xa7a2,
	0x0004, 0x8c62, 0x0020, 0x27a4, 0x0078, 0x8c42, 0x0000, 0x0000,
	0x0020, 0xa7a2, 0x0004, 0x8c62, 0x0000, 0x0000, 0x007c, 0x8c42,
	0x0000, 0x0000, 0x0022, 0xa7a2, 0x0004, 0x8c62, 0x0000, 0x0000,
	0x0080, 0x8c42, 0x0000, 0x0000, 0x0024, 0xa7a2, 0x0000, 0x0c00,
	0x0018, 0x27a5, 0x0000, 0x8f82, 0x00a8, 0x2403, 0x1822, 0x0062,
	0x1c00, 0x0003, 0x0018, 0x87a2, 0x1c03, 0x0003, 0x1022, 0x0043,
	0x0018, 0xa7a2, 0x0000, 0x8f82, 0x007e, 0x2403, 0x1822, 0x0062,
	0x1c00, 0x0003, 0x001a, 0x87a2, 0x1c03, 0x0003, 0x1022, 0x0043,
	0x001a, 0xa7a2,
};

VECTOR EVL_D_80064D40 = { 0x24040003, 0x0c000000, 0x27a50018, 0x8fbf0010 };

char EVL_D_80064D50[836] = {
	0x00, 0x00, 0x00, 0x00, 0x08, 0x00, 0xe0, 0x03,
	0x28, 0x00, 0xbd, 0x27, 0x00, 0x00, 0x82, 0x87,
	0x00, 0x00, 0x00, 0x00, 0x01, 0x00, 0x42, 0x20,
	0x00, 0x00, 0x82, 0xa7, 0x02, 0x00, 0x82, 0x87,
	0x02, 0x00, 0x01, 0x24, 0x15, 0x00, 0x41, 0x10,
	0x00, 0x00, 0x83, 0x27, 0x01, 0x00, 0x01, 0x24,
	0x0b, 0x00, 0x41, 0x10, 0x00, 0x00, 0x00, 0x00,
	0x10, 0x00, 0x40, 0x14, 0x00, 0x00, 0x00, 0x00,
	0x00, 0x00, 0x62, 0x84, 0x00, 0x00, 0x00, 0x00,
	0x0a, 0x00, 0x41, 0x28, 0x0b, 0x00, 0x20, 0x14,
	0x00, 0x00, 0x00, 0x00, 0x01, 0x00, 0x02, 0x24,
	0x08, 0x00, 0x00, 0x10, 0x02, 0x00, 0x62, 0xa4,
	0x00, 0x00, 0x62, 0x84, 0x00, 0x00, 0x00, 0x00,
	0x1e, 0x00, 0x41, 0x28, 0x03, 0x00, 0x20, 0x14,
	0x00, 0x00, 0x00, 0x00, 0x02, 0x00, 0x02, 0x24,
	0x02, 0x00, 0x62, 0xa4, 0x08, 0x00, 0xe0, 0x03,
	0x00, 0x00, 0x00, 0x00, 0xd8, 0xff, 0xbd, 0x27,
	0x24, 0x00, 0xbf, 0xaf, 0x20, 0x00, 0xb4, 0xaf,
	0x1c, 0x00, 0xb3, 0xaf, 0x18, 0x00, 0xb2, 0xaf,
	0x06, 0x00, 0x02, 0x24, 0x22, 0x98, 0x44, 0x00,
	0x14, 0x00, 0xb1, 0xaf, 0x00, 0x00, 0x04, 0x3c,
	0x04, 0x00, 0x94, 0x8f, 0x00, 0x00, 0x85, 0x8f,
	0x10, 0x00, 0xb0, 0xaf, 0x00, 0x00, 0x92, 0x27,
	0xff, 0xff, 0x66, 0x32, 0x00, 0x00, 0x00, 0x0c,
	0x00, 0x00, 0x84, 0x24, 0x21, 0x80, 0x00, 0x00,
	0x0a, 0x00, 0x00, 0x10, 0xf5, 0xff, 0x11, 0x24,
	0x00, 0x00, 0x01, 0x3c, 0x00, 0x00, 0x04, 0x3c,
	0x00, 0x00, 0x85, 0x8f, 0x04, 0x00, 0x31, 0xa4,
	0xff, 0xff, 0x66, 0x32, 0x00, 0x00, 0x00, 0x0c,
	0x00, 0x00, 0x84, 0x24, 0x01, 0x00, 0x10, 0x22,
	0x22, 0x00, 0x31, 0x22, 0x7c, 0x00, 0x82, 0x82,
	0x00, 0x00, 0x00, 0x00, 0x20, 0x10, 0x40, 0x00,
	0x2a, 0x08, 0x02, 0x02, 0xf2, 0xff, 0x20, 0x14,
	0x00, 0x00, 0x00, 0x00, 0x00, 0x11, 0x10, 0x00,
	0x20, 0x10, 0x50, 0x00, 0x40, 0x10, 0x02, 0x00,
	0xf5, 0xff, 0x42, 0x20, 0x00, 0x00, 0x01, 0x3c,
	0x04, 0x00, 0x22, 0xa4, 0x21, 0x18, 0x40, 0x00,
	0x00, 0x00, 0x01, 0x3c, 0x04, 0x00, 0x23, 0xa4,
	0x02, 0x00, 0x42, 0x86, 0x02, 0x00, 0x01, 0x24,
	0x24, 0x00, 0x41, 0x10, 0x00, 0x00, 0x00, 0x00,
	0x01, 0x00, 0x01, 0x24, 0x0a, 0x00, 0x41, 0x10,
	0x00, 0x00, 0x00, 0x00, 0x24, 0x00, 0x40, 0x14,
	0x00, 0x00, 0x00, 0x00, 0x00, 0x00, 0x04, 0x3c,
	0x00, 0x00, 0x85, 0x8f, 0xff, 0xff, 0x66, 0x32,
	0x00, 0x00, 0x00, 0x0c, 0x00, 0x00, 0x84, 0x24,
	0x1e, 0x00, 0x00, 0x10, 0x7c, 0x00, 0x82, 0x82,
	0x00, 0x00, 0x42, 0x86, 0x00, 0x00, 0x00, 0x00,
	0x03, 0x00, 0x41, 0x04, 0x43, 0xc8, 0x02, 0x00,
	0x01, 0x00, 0x42, 0x24, 0x43, 0xc8, 0x02, 0x00,
	0x01, 0x00, 0x22, 0x33, 0x08, 0x00, 0x40, 0x14,
	0x00, 0x00, 0x00, 0x00, 0x00, 0x00, 0x04, 0x3c,
	0x00, 0x00, 0x85, 0x8f, 0xff, 0xff, 0x66, 0x32,
	0x00, 0x00, 0x00, 0x0c, 0x00, 0x00, 0x84, 0x24,
	0x0e, 0x00, 0x00, 0x10, 0x7c, 0x00, 0x82, 0x82,
	0x00, 0x00, 0x04, 0x3c, 0x00, 0x00, 0x85, 0x8f,
	0xff, 0xff, 0x66, 0x32, 0x00, 0x00, 0x00, 0x0c,
	0x00, 0x00, 0x84, 0x24, 0x07, 0x00, 0x00, 0x10,
	0x7c, 0x00, 0x82, 0x82, 0x00, 0x00, 0x04, 0x3c,
	0x00, 0x00, 0x85, 0x8f, 0xff, 0xff, 0x66, 0x32,
	0x00, 0x00, 0x00, 0x0c, 0x00, 0x00, 0x84, 0x24,
	0x7c, 0x00, 0x82, 0x82, 0x00, 0x00, 0x00, 0x00,
	0x01, 0x00, 0x50, 0x20, 0x00, 0x11, 0x10, 0x00,
	0x20, 0x10, 0x50, 0x00, 0x40, 0x10, 0x02, 0x00,
	0x0a, 0x00, 0x00, 0x10, 0xf5, 0xff, 0x51, 0x20,
	0x00, 0x00, 0x01, 0x3c, 0x00, 0x00, 0x04, 0x3c,
	0x00, 0x00, 0x85, 0x8f, 0x04, 0x00, 0x31, 0xa4,
	0xff, 0xff, 0x66, 0x32, 0x00, 0x00, 0x00, 0x0c,
	0x00, 0x00, 0x84, 0x24, 0x01, 0x00, 0x10, 0x22,
	0x22, 0x00, 0x31, 0x22, 0x03, 0x00, 0x01, 0x2a,
	0xf5, 0xff, 0x20, 0x14, 0x00, 0x00, 0x00, 0x00,
	0x24, 0x00, 0xbf, 0x8f, 0x20, 0x00, 0xb4, 0x8f,
	0x1c, 0x00, 0xb3, 0x8f, 0x18, 0x00, 0xb2, 0x8f,
	0x14, 0x00, 0xb1, 0x8f, 0x10, 0x00, 0xb0, 0x8f,
	0x08, 0x00, 0xe0, 0x03, 0x28, 0x00, 0xbd, 0x27,
	0x00, 0x00, 0x00, 0x00, 0x00, 0x00, 0x00, 0x00,
	0x00, 0x00, 0x00, 0x00, 0x65, 0x00, 0x00, 0x00,
	0x11, 0x00, 0x12, 0x00, 0x20, 0x3b, 0x00, 0x00,
	0x58, 0x02, 0x4d, 0x57, 0x20, 0x57, 0x49, 0x4e,
	0x33, 0x32, 0x20, 0x4d, 0x49, 0x50, 0x53, 0x20,
	0x43, 0x2d, 0x43, 0x6f, 0x6d, 0x70, 0x69, 0x6c,
	0x65, 0x72, 0x00, 0x38, 0x00, 0x43, 0x3a, 0x5c,
	0x4b, 0x69, 0x72, 0x6b, 0x5c, 0x52, 0x65, 0x76,
	0x69, 0x73, 0x65, 0x64, 0x5c, 0x48, 0x49, 0x47,
	0x55, 0x43, 0x48, 0x49, 0x5c, 0x45, 0x46, 0x45,
	0x6d, 0x75, 0x72, 0x64, 0x65, 0x72, 0x2e, 0x63,
	0x00, 0x36, 0x01, 0x02, 0x00, 0x00, 0x00, 0x11,
	0x01, 0x00, 0x00, 0x00, 0x00, 0x21, 0x01, 0x00,
	0x00, 0x00, 0x00, 0x06, 0x01, 0x00, 0x00, 0x00,
	0x00, 0x2b, 0x00, 0x00, 0x00, 0x0c, 0x00, 0x12,
	0x00, 0x90, 0x00, 0x00, 0x00, 0x38, 0x00, 0x67,
	0x52, 0x45, 0x53, 0x55, 0x4c, 0x54, 0x5f, 0x44,
	0x6f, 0x4f, 0x41, 0x62, 0x69, 0x6e, 0x00, 0x23,
	0x00, 0x05, 0x00, 0x03, 0x00, 0x00, 0x00, 0x00,
	0x55, 0x00, 0x01, 0x00, 0x20, 0x00, 0x00, 0x00,
	0x01, 0x00, 0x12, 0x00, 0xb0, 0x00, 0x00, 0x00,
	0xa3, 0x00, 0x10, 0x00, 0x00, 0x0a, 0x00, 0x00,
	0x00, 0x00, 0x00, 0x0f, 0x00, 0x00, 0x00, 0x08,
	0x55, 0x00, 0x01, 0x00, 0x20, 0x00, 0x00, 0x00,
	0x01, 0x00, 0x12, 0x00, 0xd0, 0x00, 0x00, 0x00,
	0xa3, 0x00, 0x10, 0x00, 0x00, 0x0a, 0x00, 0x00,
	0x00, 0x00, 0x00, 0x03, 0x03, 0x00, 0x00, 0x08,
	0x55, 0x00, 0x01, 0x00, 0x2e, 0x00, 0x00, 0x00,
	0x0c, 0x00, 0x12, 0x00, 0xfe, 0x00, 0x00, 0x00,
	0x38, 0x00, 0x53, 0x61, 0x76, 0x65, 0x5f, 0x62,
	0x75, 0x66, 0x66, 0x65,
};

uint16_t EVL_D_80065094[386] = {
	0x5f72, 0x6c63, 0x7475, 0x2300, 0x0500, 0x0300, 0x0000, 0x0000,
	0x0072, 0x00b0, 0x0000, 0x0028, 0x0000, 0x000c, 0x0012, 0x0126,
	0x0000, 0x0038, 0x7264, 0x7761, 0x455f, 0x756d, 0x6472, 0x7265,
	0x2300, 0x0500, 0x0300, 0x0000, 0x0000, 0x0055, 0x0014, 0x002a,
	0x0000, 0x000c, 0x0012, 0x0150, 0x0000, 0x0038, 0x6f6d, 0x6576,
	0x455f, 0x4546, 0x756d, 0x6472, 0x7265, 0x2300, 0x0500, 0x0300,
	0x0000, 0x0000, 0x0055, 0x0014, 0x0020, 0x0000, 0x0001, 0x0012,
	0x0170, 0x0000, 0x00a3, 0x0010, 0x0a00, 0x0000, 0x0000, 0x0200,
	0x0000, 0x0800, 0x0055, 0x0004, 0x0022, 0x0000, 0x0001, 0x0012,
	0x0192, 0x0000, 0x00a3, 0x0012, 0x0a00, 0x0000, 0x0000, 0x0200,
	0x0000, 0x0800, 0x0072, 0x0150, 0x0000, 0x0020, 0x0000, 0x0001,
	0x0012, 0x01b2, 0x0000, 0x00a3, 0x0010, 0x0a00, 0x0000, 0x0000,
	0x0200, 0x0000, 0x0800, 0x0055, 0x000a, 0x0012, 0x0000, 0x0013,
	0x0012, 0x0208, 0x0000, 0x00b6, 0x0020, 0x0000, 0x0020, 0x0000,
	0x000d, 0x0012, 0x01e4, 0x0000, 0x0038, 0x006d, 0x0072, 0x0170,
	0x0000, 0x0023, 0x0006, 0x0004, 0x0000, 0x0700, 0x0020, 0x0000,
	0x000d, 0x0012, 0x0204, 0x0000, 0x0038, 0x0074, 0x0072, 0x0192,
	0x0000, 0x0023, 0x0006, 0x1404, 0x0000, 0x0700, 0x0004, 0x0000,
	0x0012, 0x0000, 0x0013, 0x0012, 0x029b, 0x0000, 0x00b6, 0x0010,
	0x0000, 0x001f, 0x0000, 0x000d, 0x0012, 0x0239, 0x0000, 0x0038,
	0x7876, 0x5500, 0x0a00, 0x2300, 0x0600, 0x0400, 0x0000, 0x0000,
	0x1f07, 0x0000, 0x0d00, 0x1200, 0x5800, 0x0002, 0x3800, 0x7600,
	0x0079, 0x0055, 0x000a, 0x0023, 0x0006, 0x0404, 0x0000, 0x0700,
	0x001f, 0x0000, 0x000d, 0x0012, 0x0277, 0x0000, 0x0038, 0x7a76,
	0x5500, 0x0a00, 0x2300, 0x0600, 0x0400, 0x0008, 0x0000, 0x2007,
	0x0000, 0x0d00, 0x1200, 0x9700, 0x0002, 0x3800, 0x7000, 0x6461,
	0x5500, 0x0a00, 0x2300, 0x0600, 0x0400, 0x000c, 0x0000, 0x0407,
	0x0000, 0x1200, 0x0000, 0x1300, 0x1200, 0x2e00, 0x0003, 0xb600,
	0x0800, 0x0000, 0x1f00, 0x0000, 0x0d00, 0x1200, 0xcc00, 0x0002,
	0x3800, 0x7600, 0x0078, 0x0055, 0x0004, 0x0023, 0x0006, 0x0004,
	0x0000, 0x0700, 0x001f, 0x0000, 0x000d, 0x0012, 0x02eb, 0x0000,
	0x0038, 0x7976, 0x5500, 0x0400, 0x2300, 0x0600, 0x0400, 0x0002,
	0x0000, 0x1f07, 0x0000, 0x0d00, 0x1200, 0x0a00, 0x0003, 0x3800,
	0x7600, 0x007a, 0x0055, 0x0004, 0x0023, 0x0006, 0x0404, 0x0000,
	0x0700, 0x0020, 0x0000, 0x000d, 0x0012, 0x032a, 0x0000, 0x0038,
	0x6170, 0x0064, 0x0055, 0x0004, 0x0023, 0x0006, 0x0604, 0x0000,
	0x0700, 0x0004, 0x0000, 0x0012, 0x0000, 0x0013, 0x0012, 0x03b1,
	0x0000, 0x00b6, 0x0028, 0x0000, 0x0024, 0x0000, 0x000d, 0x0012,
	0x0364, 0x0000, 0x0038, 0x6373, 0x6c61, 0x0065, 0x0072, 0x0208,
	0x0000, 0x0023, 0x0006, 0x0004, 0x0000, 0x0700, 0x0025, 0x0000,
	0x000d, 0x0012, 0x0389, 0x0000, 0x0038, 0x6f72, 0x6174, 0x6574,
	0x7200, 0x9b00, 0x0002, 0x2300, 0x0600, 0x0400, 0x0010, 0x0000,
	0x2407, 0x0000, 0x0d00, 0x1200, 0xad00, 0x0003, 0x3800, 0x7400,
	0x6172, 0x736e, 0x7200, 0x0800, 0x0002, 0x2300, 0x0600, 0x0400,
	0x0018, 0x0000, 0x0407, 0x0000, 0x2300, 0x0000, 0x1300, 0x1200,
	0xb300, 0x0004, 0x3800, 0x5f00, 0x7347, 0x4f43, 0x524f, 0x4944,
	0x414e, 0x4554, 0x0032, 0x00b6, 0x0050, 0x0000, 0x0020, 0x0000,
	0x000d, 0x0012, 0x03f4, 0x0000, 0x0038, 0x6c66, 0x0067, 0x0055,
	0x000c, 0x0023,
};

u_long EVL_D_80065398[193] = {
	0x00040006, 0x07000000, 0x00000024, 0x0012000d,
	0x00000418, 0x6f630038, 0x0064726f, 0x01b20072,
	0x00230000, 0x04040006, 0x07000000, 0x00000024,
	0x0012000d, 0x0000043c, 0x6f770038, 0x006d6b72,
	0x01b20072, 0x00230000, 0x24040006, 0x07000000,
	0x00000027, 0x0012000d, 0x00000463, 0x61700038,
	0x006d6172, 0x00050083, 0x00032e01, 0x06002300,
	0x00440400, 0x27070000, 0x0d000000, 0x8a001200,
	0x38000004, 0x70757300, 0x83007265, 0x01000500,
	0x000003b1, 0x00060023, 0x00004804, 0x00250700,
	0x000d0000, 0x04af0012, 0x00380000, 0x00627573,
	0x00050083, 0x0003b101, 0x06002300, 0x004c0400,
	0x04070000, 0x12000000, 0x13000000, 0x59001200,
	0xb6000005, 0x00001000, 0x00002600, 0x12000d00,
	0x0004eb00, 0x61003800, 0x69727474, 0x65747562,
	0x0c005500, 0x06002300, 0x00000400, 0x28070000,
	0x0d000000, 0x13001200, 0x38000005, 0x6f6f6300,
	0x00326472, 0x00050083, 0x0003b101, 0x06002300,
	0x00040400, 0x23070000, 0x0d000000, 0x36001200,
	0x38000005, 0x646d7400, 0x03006300, 0x000c0100,
	0x00060023, 0x00000804, 0x001f0700, 0x000d0000,
	0x05550012, 0x00380000, 0x55006469, 0x23000c00,
	0x04000600, 0x0000000c, 0x00000407, 0x00001200,
	0x12001300, 0x00062400, 0x8800b600, 0x25000000,
	0x0d000000, 0x90001200, 0x38000005, 0x6a626f00,
	0x00746365, 0x04b30072, 0x00230000, 0x00040006,
	0x07000000, 0x00000024, 0x0012000d, 0x000005b4,
	0x6f630038, 0x0064726f, 0x03b10072, 0x00230000,
	0x10040006, 0x07000000, 0x00000024, 0x0012000d,
	0x000005d8, 0x63730038, 0x00656c61, 0x02080072,
	0x00230000, 0x60040006, 0x07000000, 0x00000024,
	0x0012000d, 0x000005fc, 0x6e610038, 0x00656c67,
	0x029b0072, 0x00230000, 0x70040006, 0x07000000,
	0x00000024, 0x0012000d, 0x00000620, 0x72740038,
	0x00736e61, 0x02080072, 0x00230000, 0x78040006,
	0x07000000, 0x00000004, 0x00000012, 0x00120013,
	0x00000694, 0x000600b6, 0x001e0000, 0x000d0000,
	0x06540012, 0x00380000, 0x00550078, 0x00230004,
	0x00040006, 0x07000000, 0x0000001e, 0x0012000d,
	0x00000672, 0x00790038, 0x00040055, 0x00060023,
	0x00000204, 0x001e0700, 0x000d0000, 0x06900012,
	0x00380000, 0x0055007a, 0x00230004, 0x04040006,
	0x07000000, 0x00000004, 0x00000012, 0x00120013,
	0x00000704, 0x000300b6, 0x001e0000, 0x000d0000,
	0x06c40012, 0x00380000, 0x00550078, 0x00230002,
	0x00040006, 0x07000000, 0x0000001e, 0x0012000d,
	0x000006e2, 0x00790038, 0x00020055, 0x00060023,
	0x00000104, 0x001e0700, 0x000d0000, 0x07000012,
	0x00380000,
};

u_long EVL_D_8006569C[577] = {
	0x0055007a, 0x00230002, 0x02040006, 0x07000000,
	0x00000004, 0x00000012, 0x00120013, 0x00000952,
	0x005200b6, 0x00280000, 0x000d0000, 0x073e0012,
	0x00380000, 0x6c616373, 0x6e654465, 0x0072006f,
	0x00000624, 0x00060023, 0x00000004, 0x00260700,
	0x000d0000, 0x07640012, 0x00380000, 0x44676e61,
	0x006f6e65, 0x06240072, 0x00230000, 0x06040006,
	0x07000000, 0x00000026, 0x0012000d, 0x0000078a,
	0x6f700038, 0x6e654473, 0x0072006f, 0x00000624,
	0x00060023, 0x00000c04, 0x00280700, 0x000d0000,
	0x07b20012, 0x00380000, 0x6c616373, 0x6d754e65,
	0x00720065, 0x00000624, 0x00060023, 0x00001204,
	0x00260700, 0x000d0000, 0x07d80012, 0x00380000,
	0x4e676e61, 0x00656d75, 0x06240072, 0x00230000,
	0x18040006, 0x07000000, 0x00000026, 0x0012000d,
	0x000007fe, 0x6f700038, 0x6d754e73, 0x00720065,
	0x00000624, 0x00060023, 0x00001e04, 0x00270700,
	0x000d0000, 0x08250012, 0x00380000, 0x6c616373,
	0x746e4965, 0x24007200, 0x23000006, 0x04000600,
	0x00000024, 0x00002507, 0x12000d00, 0x00084a00,
	0x61003800, 0x6e49676e, 0x00720074, 0x00000624,
	0x00060023, 0x00002a04, 0x00250700, 0x000d0000,
	0x086f0012, 0x00380000, 0x49736f70, 0x7200746e,
	0x00062400, 0x06002300, 0x00300400, 0x28070000,
	0x0d000000, 0x97001200, 0x38000008, 0x61637300,
	0x6f57656c, 0x72006b72, 0x00062400, 0x06002300,
	0x00360400, 0x26070000, 0x0d000000, 0xbd001200,
	0x38000008, 0x676e6100, 0x6b726f57, 0x24007200,
	0x23000006, 0x04000600, 0x0000003c, 0x00002607,
	0x12000d00, 0x0008e300, 0x70003800, 0x6f57736f,
	0x72006b72, 0x00062400, 0x06002300, 0x00420400,
	0x25070000, 0x0d000000, 0x08001200, 0x38000009,
	0x61637300, 0x0044656c, 0x06940072, 0x00230000,
	0x48040006, 0x07000000, 0x00000023, 0x0012000d,
	0x0000092b, 0x6e610038, 0x72004467, 0x00069400,
	0x06002300, 0x004b0400, 0x23070000, 0x0d000000,
	0x4e001200, 0x38000009, 0x736f7000, 0x00720044,
	0x00000694, 0x00060023, 0x00004e04, 0x00040700,
	0x00120000, 0x00130000, 0x0b650012, 0x00b60000,
	0x00000028, 0x0000002a, 0x0012000d, 0x0000098e,
	0x656b0038, 0x61724679, 0x8300656d, 0x01000500,
	0x00000704, 0x00060023, 0x00000004, 0x00260700,
	0x000d0000, 0x09b40012, 0x00380000, 0x746f6f72,
	0x6b726f57, 0x00550058, 0x0023000a, 0x04040006,
	0x07000000, 0x00000026, 0x0012000d, 0x000009da,
	0x6f720038, 0x6f57746f, 0x00596b72, 0x000a0055,
	0x00060023, 0x00000804, 0x00260700, 0x000d0000,
	0x0a000012, 0x00380000, 0x746f6f72, 0x6b726f57,
	0x0055005a, 0x0023000a, 0x0c040006, 0x07000000,
	0x00000025, 0x0012000d, 0x00000a25, 0x72660038,
	0x43656d61, 0x5500746e, 0x23000400, 0x04000600,
	0x00000010, 0x00002307, 0x12000d00, 0x000a4800,
	0x6e003800, 0x6d617246, 0x00550065, 0x00230004,
	0x12040006, 0x07000000, 0x00000024, 0x0012000d,
	0x00000a6c, 0x61640038, 0x63006174, 0x01000300,
	0x00230004, 0x14040006, 0x07000000, 0x00000026,
	0x0012000d, 0x00000a92, 0x74730038, 0x706f6f4c,
	0x03006300, 0x00040100, 0x00060023, 0x00001804,
	0x00280700, 0x000d0000, 0x0aba0012, 0x00380000,
	0x7478656e, 0x6172666b, 0x004e656d, 0x00040055,
	0x00060023, 0x00001c04, 0x001f0700, 0x000d0000,
	0x0ad90012, 0x00380000, 0x55007870, 0x23000400,
	0x04000600, 0x0000001e, 0x00001f07, 0x12000d00,
	0x000af800, 0x70003800, 0x00550079, 0x00230004,
	0x20040006, 0x07000000, 0x00000024, 0x0012000d,
	0x00000b1c, 0x6f6d0038, 0x6e6f6974, 0x0055004e,
	0x00230003, 0x22040006, 0x07000000, 0x00000024,
	0x0012000d, 0x00000b40, 0x6f6c0038, 0x6e43706f,
	0x00550074, 0x00230003, 0x23040006, 0x07000000,
	0x00000021, 0x0012000d, 0x00000b61, 0x6c660038,
	0x55006761, 0x23000300, 0x04000600, 0x00000024,
	0x00000407, 0x00001200, 0x12001300, 0x000c9a00,
	0x3800b600, 0x1f000000, 0x0d000000, 0x96001200,
	0x3800000b, 0x00646900, 0x000a0055, 0x00060023,
	0x00000004, 0x00270700, 0x000d0000, 0x0bbd0012,
	0x00380000, 0x74726170, 0x00830070, 0x59010005,
	0x23000005, 0x04000600, 0x00000004, 0x00002407,
	0x12000d00, 0x000be100, 0x6d003800, 0x00706e74,
	0x00030063, 0x23000c01, 0x04000600, 0x00000008,
	0x00002507, 0x12000d00, 0x000c0600, 0x6d003800,
	0x6f69746f, 0x0072006e, 0x00000952, 0x00060023,
	0x00000c04, 0x00240700, 0x000d0000, 0x0c2a0012,
	0x00380000, 0x69736976, 0x00656c62, 0x00010055,
	0x00060023, 0x00003404, 0x00260700, 0x000d0000,
	0x0c500012, 0x00380000, 0x735f6e6f, 0x65657263,
	0x0055006e, 0x00230001, 0x35040006, 0x07000000,
	0x00000023, 0x0012000d, 0x00000c73, 0x636c0038,
	0x6e74705f, 0x02005500, 0x06002300, 0x00360400,
	0x23070000, 0x0d000000, 0x96001200, 0x3800000c,
	0x5f636c00, 0x00746e63, 0x00020055, 0x00060023,
	0x00003704, 0x00040700, 0x00120000, 0x00130000,
	0x0d3e0012, 0x00b60000, 0x0000000c, 0x00000022,
	0x0012000d, 0x00000cce, 0x6f630038, 0x00746e75,
	0x00040055, 0x00060023, 0x00000004, 0x00230700,
	0x000d0000, 0x0cf10012, 0x00380000, 0x74617473,
	0x55007375, 0x23000400, 0x04000600, 0x00000002,
	0x00002807, 0x12000d00, 0x000d1900, 0x6d003800,
	0x6c65646f, 0x00830070, 0x65010005, 0x2300000b,
	0x04000600, 0x00000004, 0x00002107, 0x12000d00,
	0x000d3a00, 0x6c003800, 0x00656669, 0x00040055,
	0x00060023, 0x00000804, 0x00040700, 0x002d0000,
	0x000c0000, 0x0d6b0012, 0x00380000, 0x464e4967,
	0x46455f4f, 0x72756d45, 0x00726564, 0x00050023,
	0x00000003, 0x9a007200, 0x8b00000c, 0x14000000,
	0x87001200, 0x3800000e, 0x74657300, 0x4546455f,
	0x6472756d, 0x11007265, 0x00000001, 0x20012100,
	0x06000001, 0x00000001, 0x0c204300, 0x001d0200,
	0x18040000, 0x07000000, 0x0c205306, 0x001d0200,
	0x1c040000, 0x07000000, 0x0c02a306, 0x001d0200,
	0x20040000, 0x07000000, 0x0b201306, 0x001d0100,
	0x28040000, 0x07000000, 0x00d02022, 0x20220000,
	0x00000065, 0x00fe2022, 0x20220000, 0x00000126,
	0x0d3e2022, 0x00270000, 0x00050000, 0x0e1d0012,
	0x00380000, 0x65646f6d, 0x2300706c, 0x01000500,
	0x00000011, 0x00050083, 0x000b6501, 0x00002000,
	0x12000500, 0x000e3d00, 0x66003800, 0x0067616c,
	0x00050023, 0x00000501, 0x04005500, 0x00002000,
	0x12000c00, 0x000e5d00, 0x5f003800, 0x00667562,
	0x00050023, 0x00000401, 0x0a005500, 0x00002600,
	0x12000c00, 0x000e8300, 0x70003800, 0x6f666e49,
	0x05002300, 0x00100100, 0x00830000, 0x9a010005,
	0x0400000c, 0x25000000, 0x01000000, 0xac001200,
	0xa300000e, 0x00001500, 0x0000000a, 0xffff0000,
	0x8308ffff, 0x01000500, 0x00000b65, 0x00000025,
	0x00120007, 0x00000ed1, 0x4d670038, 0x4c45444f,
	0x00230070, 0x00030005, 0x72000000, 0x000e8700,
	0x00002900, 0x12000700, 0x000efa00, 0x67003800,
	0x505f4742, 0x4c455849, 0x00230070, 0x00030005,
	0x63000000, 0x01000300, 0x00120003, 0x00130000,
	0x0f880012, 0x00b60000, 0x00000008, 0x0000001e,
	0x0012000d, 0x00000f2a, 0x00780038, 0x00040055,
	0x00060023, 0x00000004, 0x001e0700, 0x000d0000,
	0x0f480012, 0x00380000, 0x00550079, 0x00230004,
	0x02040006, 0x07000000, 0x0000001e, 0x0012000d,
	0x00000f66, 0x00770038, 0x00040055, 0x00060023,
	0x00000404, 0x001e0700, 0x000d0000, 0x0f840012,
	0x00380000, 0x00550068, 0x00230004, 0x06040006,
	0x07000000, 0x00000004, 0x00000012, 0x00120013,
	0x0000112e, 0x002400b6, 0x00230000, 0x000d0000,
	0x0fbd0012, 0x00380000, 0x74636572, 0xfa007200,
	0x2300000e, 0x04000600, 0x00000000, 0x00002607,
	0x12000d00, 0x000fe300, 0x77003800, 0x65526e69,
	0x72007463, 0x000efa00, 0x06002300, 0x00080400,
	0x22070000, 0x0d000000, 0x05001200, 0x38000010,
	0x635f6600,
};

char EVL_D_80065FA0[724] = {
	0x6e, 0x74, 0x00, 0x55, 0x00, 0x04, 0x00, 0x23,
	0x00, 0x06, 0x00, 0x04, 0x10, 0x00, 0x00, 0x00,
	0x07, 0x21, 0x00, 0x00, 0x00, 0x0d, 0x00, 0x12,
	0x00, 0x26, 0x10, 0x00, 0x00, 0x38, 0x00, 0x6d,
	0x6f, 0x64, 0x65, 0x00, 0x55, 0x00, 0x04, 0x00,
	0x23, 0x00, 0x06, 0x00, 0x04, 0x12, 0x00, 0x00,
	0x00, 0x07, 0x22, 0x00, 0x00, 0x00, 0x0d, 0x00,
	0x12, 0x00, 0x48, 0x10, 0x00, 0x00, 0x38, 0x00,
	0x6c, 0x69, 0x6e, 0x65, 0x4e, 0x00, 0x55, 0x00,
	0x04, 0x00, 0x23, 0x00, 0x06, 0x00, 0x04, 0x14,
	0x00, 0x00, 0x00, 0x07, 0x22, 0x00, 0x00, 0x00,
	0x0d, 0x00, 0x12, 0x00, 0x6a, 0x10, 0x00, 0x00,
	0x38, 0x00, 0x6e, 0x4c, 0x69, 0x6e, 0x65, 0x00,
	0x55, 0x00, 0x04, 0x00, 0x23, 0x00, 0x06, 0x00,
	0x04, 0x16, 0x00, 0x00, 0x00, 0x07, 0x25, 0x00,
	0x00, 0x00, 0x0d, 0x00, 0x12, 0x00, 0x8f, 0x10,
	0x00, 0x00, 0x38, 0x00, 0x6d, 0x61, 0x78, 0x4e,
	0x4c, 0x69, 0x6e, 0x65, 0x00, 0x55, 0x00, 0x04,
	0x00, 0x23, 0x00, 0x06, 0x00, 0x04, 0x18, 0x00,
	0x00, 0x00, 0x07, 0x21, 0x00, 0x00, 0x00, 0x0d,
	0x00, 0x12, 0x00, 0xb0, 0x10, 0x00, 0x00, 0x38,
	0x00, 0x61, 0x74, 0x74, 0x72, 0x00, 0x55, 0x00,
	0x03, 0x00, 0x23, 0x00, 0x06, 0x00, 0x04, 0x1a,
	0x00, 0x00, 0x00, 0x07, 0x24, 0x00, 0x00, 0x00,
	0x0d, 0x00, 0x12, 0x00, 0xd4, 0x10, 0x00, 0x00,
	0x38, 0x00, 0x63, 0x6f, 0x6c, 0x5f, 0x69, 0x64,
	0x78, 0x00, 0x55, 0x00, 0x03, 0x00, 0x23, 0x00,
	0x06, 0x00, 0x04, 0x1b, 0x00, 0x00, 0x00, 0x07,
	0x2b, 0x00, 0x00, 0x00, 0x0d, 0x00, 0x12, 0x00,
	0xff, 0x10, 0x00, 0x00, 0x38, 0x00, 0x6d, 0x6f,
	0x76, 0x65, 0x5f, 0x66, 0x75, 0x6e, 0x63, 0x00,
	0x83, 0x00, 0x05, 0x00, 0x01, 0x14, 0x00, 0x00,
	0x00, 0x23, 0x00, 0x06, 0x00, 0x04, 0x1c, 0x00,
	0x00, 0x00, 0x07, 0x2b, 0x00, 0x00, 0x00, 0x0d,
	0x00, 0x12, 0x00, 0x2a, 0x11, 0x00, 0x00, 0x38,
	0x00, 0x64, 0x72, 0x61, 0x77, 0x5f, 0x66, 0x75,
	0x6e, 0x63, 0x00, 0x83, 0x00, 0x05, 0x00, 0x01,
	0x14, 0x00, 0x00, 0x00, 0x23, 0x00, 0x06, 0x00,
	0x04, 0x20, 0x00, 0x00, 0x00, 0x07, 0x04, 0x00,
	0x00, 0x00, 0x22, 0x00, 0x00, 0x00, 0x01, 0x00,
	0x12, 0x00, 0x50, 0x11, 0x00, 0x00, 0xa3, 0x00,
	0x12, 0x00, 0x00, 0x0a, 0x00, 0x00, 0x00, 0x00,
	0x00, 0x05, 0x00, 0x00, 0x00, 0x08, 0x72, 0x00,
	0x88, 0x0f, 0x00, 0x00, 0x25, 0x00, 0x00, 0x00,
	0x07, 0x00, 0x12, 0x00, 0x75, 0x11, 0x00, 0x00,
	0x38, 0x00, 0x67, 0x57, 0x49, 0x4e, 0x44, 0x4f,
	0x57, 0x00, 0x23, 0x00, 0x05, 0x00, 0x03, 0x00,
	0x00, 0x00, 0x00, 0x72, 0x00, 0x2e, 0x11, 0x00,
	0x00, 0x12, 0x00, 0x00, 0x00, 0x13, 0x00, 0x12,
	0x00, 0x42, 0x12, 0x00, 0x00, 0xb6, 0x00, 0x10,
	0x00, 0x00, 0x00, 0x1f, 0x00, 0x00, 0x00, 0x0d,
	0x00, 0x12, 0x00, 0xa6, 0x11, 0x00, 0x00, 0x38,
	0x00, 0x76, 0x78, 0x00, 0x55, 0x00, 0x07, 0x00,
	0x23, 0x00, 0x06, 0x00, 0x04, 0x00, 0x00, 0x00,
	0x00, 0x07, 0x1f, 0x00, 0x00, 0x00, 0x0d, 0x00,
	0x12, 0x00, 0xc5, 0x11, 0x00, 0x00, 0x38, 0x00,
	0x76, 0x79, 0x00, 0x55, 0x00, 0x07, 0x00, 0x23,
	0x00, 0x06, 0x00, 0x04, 0x04, 0x00, 0x00, 0x00,
	0x07, 0x1f, 0x00, 0x00, 0x00, 0x0d, 0x00, 0x12,
	0x00, 0xe4, 0x11, 0x00, 0x00, 0x38, 0x00, 0x76,
	0x7a, 0x00, 0x55, 0x00, 0x07, 0x00, 0x23, 0x00,
	0x06, 0x00, 0x04, 0x08, 0x00, 0x00, 0x00, 0x07,
	0x1e, 0x00, 0x00, 0x00, 0x0d, 0x00, 0x12, 0x00,
	0x02, 0x12, 0x00, 0x00, 0x38, 0x00, 0x72, 0x00,
	0x55, 0x00, 0x03, 0x00, 0x23, 0x00, 0x06, 0x00,
	0x04, 0x0c, 0x00, 0x00, 0x00, 0x07, 0x1e, 0x00,
	0x00, 0x00, 0x0d, 0x00, 0x12, 0x00, 0x20, 0x12,
	0x00, 0x00, 0x38, 0x00, 0x67, 0x00, 0x55, 0x00,
	0x03, 0x00, 0x23, 0x00, 0x06, 0x00, 0x04, 0x0d,
	0x00, 0x00, 0x00, 0x07, 0x1e, 0x00, 0x00, 0x00,
	0x0d, 0x00, 0x12, 0x00, 0x3e, 0x12, 0x00, 0x00,
	0x38, 0x00, 0x62, 0x00, 0x55, 0x00, 0x03, 0x00,
	0x23, 0x00, 0x06, 0x00, 0x04, 0x0e, 0x00, 0x00,
	0x00, 0x07, 0x04, 0x00, 0x00, 0x00, 0x22, 0x00,
	0x00, 0x00, 0x01, 0x00, 0x12, 0x00, 0x64, 0x12,
	0x00, 0x00, 0xa3, 0x00, 0x12, 0x00, 0x00, 0x0a,
	0x00, 0x00, 0x00, 0x00, 0x00, 0x02, 0x00, 0x00,
	0x00, 0x08, 0x72, 0x00, 0x75, 0x11, 0x00, 0x00,
	0x24, 0x00, 0x00, 0x00, 0x07, 0x00, 0x12, 0x00,
	0x88, 0x12, 0x00, 0x00, 0x38, 0x00, 0x67, 0x4c,
	0x49, 0x47, 0x48, 0x54, 0x00, 0x23, 0x00, 0x05,
	0x00, 0x03, 0x00, 0x00, 0x00, 0x00, 0x72, 0x00,
	0x42, 0x12, 0x00, 0x00, 0x20, 0x00, 0x00, 0x00,
	0x01, 0x00, 0x12, 0x00, 0xa8, 0x12, 0x00, 0x00,
	0xa3, 0x00, 0x10, 0x00, 0x00, 0x0a, 0x00, 0x00,
	0x00, 0x00, 0x00, 0x03, 0x0e, 0x00, 0x00, 0x08,
	0x55, 0x00, 0x01, 0x00, 0x31, 0x00, 0x00, 0x00,
	0x0c, 0x00, 0x12, 0x00, 0xd9, 0x12, 0x00, 0x00,
	0x38, 0x00, 0x53, 0x61, 0x76, 0x65, 0x5f, 0x62,
	0x75, 0x66, 0x66, 0x65, 0x72, 0x5f, 0x63, 0x6c,
	0x75, 0x74, 0x5f, 0x42,
};

char EVL_D_80066274[5436] = {
	0x47, 0x00, 0x23, 0x00, 0x05, 0x00, 0x03, 0x00,
	0x00, 0x00, 0x00, 0x72, 0x00, 0x88, 0x12, 0x00,
	0x00, 0xa8, 0x00, 0x00, 0x00, 0x14, 0x00, 0x12,
	0x00, 0xbb, 0x14, 0x00, 0x00, 0x38, 0x00, 0x6d,
	0x6f, 0x76, 0x65, 0x5f, 0x45, 0x46, 0x45, 0x6d,
	0x75, 0x72, 0x64, 0x65, 0x72, 0x00, 0x11, 0x01,
	0x00, 0x00, 0x00, 0x00, 0x21, 0x01, 0x80, 0x05,
	0x00, 0x00, 0x06, 0x01, 0x0c, 0x01, 0x00, 0x00,
	0x43, 0x20, 0x0c, 0x00, 0x02, 0x1d, 0x00, 0x00,
	0x00, 0x04, 0x18, 0x00, 0x00, 0x00, 0x07, 0x06,
	0x53, 0x20, 0x0c, 0x00, 0x02, 0x1d, 0x00, 0x00,
	0x00, 0x04, 0x1c, 0x00, 0x00, 0x00, 0x07, 0x06,
	0x63, 0x20, 0x0c, 0x00, 0x02, 0x1d, 0x00, 0x00,
	0x00, 0x04, 0x20, 0x00, 0x00, 0x00, 0x07, 0x06,
	0xa3, 0x02, 0x0c, 0x00, 0x02, 0x1d, 0x00, 0x00,
	0x00, 0x04, 0x24, 0x00, 0x00, 0x00, 0x07, 0x06,
	0x13, 0x20, 0x0b, 0x00, 0x01, 0x1d, 0x00, 0x00,
	0x00, 0x04, 0x78, 0x00, 0x00, 0x00, 0x07, 0x22,
	0x20, 0xac, 0x0e, 0x00, 0x00, 0x22, 0x20, 0xd1,
	0x0e, 0x00, 0x00, 0x22, 0x20, 0x65, 0x00, 0x00,
	0x00, 0x22, 0x20, 0x50, 0x11, 0x00, 0x00, 0x22,
	0x20, 0x64, 0x12, 0x00, 0x00, 0x22, 0x20, 0xa8,
	0x12, 0x00, 0x00, 0x22, 0x20, 0x3e, 0x0d, 0x00,
	0x00, 0x21, 0x00, 0x00, 0x00, 0x05, 0x00, 0x12,
	0x00, 0xa2, 0x13, 0x00, 0x00, 0x38, 0x00, 0x69,
	0x6e, 0x64, 0x65, 0x78, 0x00, 0x23, 0x00, 0x05,
	0x00, 0x01, 0x11, 0x00, 0x00, 0x00, 0x55, 0x00,
	0x0a, 0x00, 0x28, 0x00, 0x00, 0x00, 0x0c, 0x00,
	0x12, 0x00, 0xca, 0x13, 0x00, 0x00, 0x38, 0x00,
	0x5f, 0x72, 0x67, 0x62, 0x00, 0x23, 0x00, 0x0b,
	0x00, 0x02, 0x1d, 0x00, 0x00, 0x00, 0x04, 0x68,
	0x00, 0x00, 0x00, 0x07, 0x72, 0x00, 0x08, 0x02,
	0x00, 0x00, 0x28, 0x00, 0x00, 0x00, 0x0c, 0x00,
	0x12, 0x00, 0xf2, 0x13, 0x00, 0x00, 0x38, 0x00,
	0x5f, 0x72, 0x67, 0x62, 0x00, 0x23, 0x00, 0x0b,
	0x00, 0x02, 0x1d, 0x00, 0x00, 0x00, 0x04, 0x58,
	0x00, 0x00, 0x00, 0x07, 0x72, 0x00, 0x08, 0x02,
	0x00, 0x00, 0x28, 0x00, 0x00, 0x00, 0x0c, 0x00,
	0x12, 0x00, 0x1a, 0x14, 0x00, 0x00, 0x38, 0x00,
	0x5f, 0x72, 0x67, 0x62, 0x00, 0x23, 0x00, 0x0b,
	0x00, 0x02, 0x1d, 0x00, 0x00, 0x00, 0x04, 0x48,
	0x00, 0x00, 0x00, 0x07, 0x72, 0x00, 0x08, 0x02,
	0x00, 0x00, 0x28, 0x00, 0x00, 0x00, 0x0c, 0x00,
	0x12, 0x00, 0x42, 0x14, 0x00, 0x00, 0x38, 0x00,
	0x5f, 0x72, 0x67, 0x62, 0x00, 0x23, 0x00, 0x0b,
	0x00, 0x02, 0x1d, 0x00, 0x00, 0x00, 0x04, 0x38,
	0x00, 0x00, 0x00, 0x07, 0x72, 0x00, 0x08, 0x02,
	0x00, 0x00, 0x28, 0x00, 0x00, 0x00, 0x0c, 0x00,
	0x12, 0x00, 0x6a, 0x14, 0x00, 0x00, 0x38, 0x00,
	0x5f, 0x72, 0x67, 0x62, 0x00, 0x23, 0x00, 0x0b,
	0x00, 0x02, 0x1d, 0x00, 0x00, 0x00, 0x04, 0x28,
	0x00, 0x00, 0x00, 0x07, 0x72, 0x00, 0x08, 0x02,
	0x00, 0x00, 0x27, 0x00, 0x00, 0x00, 0x0c, 0x00,
	0x12, 0x00, 0x91, 0x14, 0x00, 0x00, 0x38, 0x00,
	0x6d, 0x6f, 0x64, 0x65, 0x6c, 0x70, 0x00, 0x23,
	0x00, 0x05, 0x00, 0x01, 0x12, 0x00, 0x00, 0x00,
	0x83, 0x00, 0x05, 0x00, 0x01, 0x65, 0x0b, 0x00,
	0x00, 0x26, 0x00, 0x00, 0x00, 0x0c, 0x00, 0x12,
	0x00, 0xb7, 0x14, 0x00, 0x00, 0x38, 0x00, 0x70,
	0x49, 0x6e, 0x66, 0x6f, 0x00, 0x23, 0x00, 0x05,
	0x00, 0x01, 0x10, 0x00, 0x00, 0x00, 0x83, 0x00,
	0x05, 0x00, 0x01, 0x9a, 0x0c, 0x00, 0x00, 0x04,
	0x00, 0x00, 0x00, 0x62, 0x00, 0x00, 0x00, 0x14,
	0x00, 0x12, 0x00, 0x6e, 0x15, 0x00, 0x00, 0x38,
	0x00, 0x64, 0x72, 0x61, 0x77, 0x5f, 0x45, 0x6d,
	0x75, 0x72, 0x64, 0x65, 0x72, 0x00, 0x11, 0x01,
	0x00, 0x00, 0x00, 0x00, 0x21, 0x01, 0x6c, 0x00,
	0x00, 0x00, 0x06, 0x01, 0x9c, 0x05, 0x00, 0x00,
	0x43, 0x20, 0x0c, 0x00, 0x02, 0x1d, 0x00, 0x00,
	0x00, 0x04, 0x10, 0x00, 0x00, 0x00, 0x07, 0x06,
	0xa3, 0x02, 0x0c, 0x00, 0x02, 0x1d, 0x00, 0x00,
	0x00, 0x04, 0x14, 0x00, 0x00, 0x00, 0x07, 0x06,
	0x13, 0x20, 0x0b, 0x00, 0x01, 0x1d, 0x00, 0x00,
	0x00, 0x04, 0x18, 0x00, 0x00, 0x00, 0x07, 0x22,
	0x20, 0x3e, 0x0d, 0x00, 0x00, 0x27, 0x00, 0x00,
	0x00, 0x0c, 0x00, 0x12, 0x00, 0x44, 0x15, 0x00,
	0x00, 0x38, 0x00, 0x6d, 0x6f, 0x64, 0x65, 0x6c,
	0x70, 0x00, 0x23, 0x00, 0x05, 0x00, 0x01, 0x03,
	0x00, 0x00, 0x00, 0x83, 0x00, 0x05, 0x00, 0x01,
	0x65, 0x0b, 0x00, 0x00, 0x26, 0x00, 0x00, 0x00,
	0x0c, 0x00, 0x12, 0x00, 0x6a, 0x15, 0x00, 0x00,
	0x38, 0x00, 0x70, 0x49, 0x6e, 0x66, 0x6f, 0x00,
	0x23, 0x00, 0x05, 0x00, 0x01, 0x10, 0x00, 0x00,
	0x00, 0x83, 0x00, 0x05, 0x00, 0x01, 0x9a, 0x0c,
	0x00, 0x00, 0x04, 0x00, 0x00, 0x00, 0x29, 0x00,
	0x00, 0x00, 0x07, 0x00, 0x12, 0x00, 0x97, 0x15,
	0x00, 0x00, 0x38, 0x00, 0x67, 0x50, 0x52, 0x4f,
	0x4a, 0x45, 0x43, 0x54, 0x5f, 0x53, 0x49, 0x5a,
	0x45, 0x00, 0x23, 0x00, 0x05, 0x00, 0x03, 0x00,
	0x00, 0x00, 0x00, 0x55, 0x00, 0x0c, 0x00, 0x20,
	0x00, 0x00, 0x00, 0x01, 0x00, 0x12, 0x00, 0xb7,
	0x15, 0x00, 0x00, 0xa3, 0x00, 0x10, 0x00, 0x00,
	0x0a, 0x00, 0x00, 0x00, 0x00, 0x00, 0x13, 0x00,
	0x00, 0x00, 0x08, 0x55, 0x00, 0x01, 0x00, 0x20,
	0x00, 0x00, 0x00, 0x01, 0x00, 0x12, 0x00, 0xd7,
	0x15, 0x00, 0x00, 0xa3, 0x00, 0x10, 0x00, 0x00,
	0x0a, 0x00, 0x00, 0x00, 0x00, 0x00, 0x02, 0x00,
	0x00, 0x00, 0x08, 0x55, 0x00, 0x03, 0x00, 0x20,
	0x00, 0x00, 0x00, 0x01, 0x00, 0x12, 0x00, 0xf7,
	0x15, 0x00, 0x00, 0xa3, 0x00, 0x10, 0x00, 0x00,
	0x0a, 0x00, 0x00, 0x00, 0x00, 0x00, 0x0f, 0x00,
	0x00, 0x00, 0x08, 0x55, 0x00, 0x03, 0x00, 0x12,
	0x00, 0x00, 0x00, 0x13, 0x00, 0x12, 0x00, 0x77,
	0x17, 0x00, 0x00, 0xb6, 0x00, 0x34, 0x00, 0x00,
	0x00, 0x23, 0x00, 0x00, 0x00, 0x0d, 0x00, 0x12,
	0x00, 0x2c, 0x16, 0x00, 0x00, 0x38, 0x00, 0x6e,
	0x61, 0x6d, 0x65, 0x00, 0x72, 0x00, 0x97, 0x15,
	0x00, 0x00, 0x23, 0x00, 0x06, 0x00, 0x04, 0x00,
	0x00, 0x00, 0x00, 0x07, 0x22, 0x00, 0x00, 0x00,
	0x0d, 0x00, 0x12, 0x00, 0x4e, 0x16, 0x00, 0x00,
	0x38, 0x00, 0x6e, 0x70, 0x61, 0x72, 0x74, 0x00,
	0x55, 0x00, 0x0a, 0x00, 0x23, 0x00, 0x06, 0x00,
	0x04, 0x14, 0x00, 0x00, 0x00, 0x07, 0x1f, 0x00,
	0x00, 0x00, 0x0d, 0x00, 0x12, 0x00, 0x6d, 0x16,
	0x00, 0x00, 0x38, 0x00, 0x63, 0x78, 0x00, 0x55,
	0x00, 0x04, 0x00, 0x23, 0x00, 0x06, 0x00, 0x04,
	0x18, 0x00, 0x00, 0x00, 0x07, 0x1f, 0x00, 0x00,
	0x00, 0x0d, 0x00, 0x12, 0x00, 0x8c, 0x16, 0x00,
	0x00, 0x38, 0x00, 0x63, 0x79, 0x00, 0x55, 0x00,
	0x04, 0x00, 0x23, 0x00, 0x06, 0x00, 0x04, 0x1a,
	0x00, 0x00, 0x00, 0x07, 0x26, 0x00, 0x00, 0x00,
	0x0d, 0x00, 0x12, 0x00, 0xb2, 0x16, 0x00, 0x00,
	0x38, 0x00, 0x61, 0x74, 0x74, 0x72, 0x69, 0x62,
	0x75, 0x74, 0x65, 0x00, 0x55, 0x00, 0x03, 0x00,
	0x23, 0x00, 0x06, 0x00, 0x04, 0x1c, 0x00, 0x00,
	0x00, 0x07, 0x27, 0x00, 0x00, 0x00, 0x0d, 0x00,
	0x12, 0x00, 0xd9, 0x16, 0x00, 0x00, 0x38, 0x00,
	0x67, 0x65, 0x6e, 0x65, 0x72, 0x61, 0x74, 0x69,
	0x6f, 0x6e, 0x00, 0x55, 0x00, 0x03, 0x00, 0x23,
	0x00, 0x06, 0x00, 0x04, 0x1d, 0x00, 0x00, 0x00,
	0x07, 0x25, 0x00, 0x00, 0x00, 0x0d, 0x00, 0x12,
	0x00, 0xfe, 0x16, 0x00, 0x00, 0x38, 0x00, 0x6e,
	0x61, 0x74, 0x75, 0x72, 0x65, 0x00, 0x72, 0x00,
	0xb7, 0x15, 0x00, 0x00, 0x23, 0x00, 0x06, 0x00,
	0x04, 0x1e, 0x00, 0x00, 0x00, 0x07, 0x23, 0x00,
	0x00, 0x00, 0x0d, 0x00, 0x12, 0x00, 0x21, 0x17,
	0x00, 0x00, 0x38, 0x00, 0x69, 0x74, 0x65, 0x6d,
	0x4e, 0x6f, 0x00, 0x55, 0x00, 0x03, 0x00, 0x23,
	0x00, 0x06, 0x00, 0x04, 0x21, 0x00, 0x00, 0x00,
	0x07, 0x28, 0x00, 0x00, 0x00, 0x0d, 0x00, 0x12,
	0x00, 0x49, 0x17, 0x00, 0x00, 0x38, 0x00, 0x70,
	0x72, 0x6f, 0x62, 0x61, 0x62, 0x69, 0x6c, 0x69,
	0x74, 0x79, 0x00, 0x55, 0x00, 0x03, 0x00, 0x23,
	0x00, 0x06, 0x00, 0x04, 0x22, 0x00, 0x00, 0x00,
	0x07, 0x2a, 0x00, 0x00, 0x00, 0x0d, 0x00, 0x12,
	0x00, 0x73, 0x17, 0x00, 0x00, 0x38, 0x00, 0x75,
	0x73, 0x65, 0x57, 0x61, 0x7a, 0x61, 0x4c, 0x69,
	0x73, 0x74, 0x00, 0x72, 0x00, 0xd7, 0x15, 0x00,
	0x00, 0x23, 0x00, 0x06, 0x00, 0x04, 0x23, 0x00,
	0x00, 0x00, 0x07, 0x04, 0x00, 0x00, 0x00, 0x22,
	0x00, 0x00, 0x00, 0x01, 0x00, 0x12, 0x00, 0x99,
	0x17, 0x00, 0x00, 0xa3, 0x00, 0x12, 0x00, 0x00,
	0x0a, 0x00, 0x00, 0x00, 0x00, 0x00, 0xb3, 0x00,
	0x00, 0x00, 0x08, 0x72, 0x00, 0xf7, 0x15, 0x00,
	0x00, 0x26, 0x00, 0x00, 0x00, 0x07, 0x00, 0x12,
	0x00, 0xbf, 0x17, 0x00, 0x00, 0x38, 0x00, 0x67,
	0x43, 0x48, 0x5f, 0x49, 0x6e, 0x66, 0x6f, 0x00,
	0x23, 0x00, 0x05, 0x00, 0x03, 0x00, 0x00, 0x00,
	0x00, 0x72, 0x00, 0x77, 0x17, 0x00, 0x00, 0xa4,
	0x00, 0x00, 0x00, 0x14, 0x00, 0x12, 0x00, 0xdd,
	0x19, 0x00, 0x00, 0x38, 0x00, 0x44, 0x6f, 0x4f,
	0x41, 0x5f, 0x5f, 0x43, 0x68, 0x65, 0x63, 0x6b,
	0x52, 0x65, 0x74, 0x5f, 0x46, 0x61, 0x64, 0x65,
	0x4f, 0x75, 0x74, 0x42, 0x47, 0x00, 0x11, 0x01,
	0x00, 0x00, 0x00, 0x00, 0x21, 0x01, 0x88, 0x01,
	0x00, 0x00, 0x06, 0x01, 0x1c, 0x06, 0x00, 0x00,
	0x43, 0x20, 0x0c, 0x00, 0x02, 0x1d, 0x00, 0x00,
	0x00, 0x04, 0x18, 0x00, 0x00, 0x00, 0x07, 0x06,
	0x53, 0x20, 0x0c, 0x00, 0x02, 0x1d, 0x00, 0x00,
	0x00, 0x04, 0x1c, 0x00, 0x00, 0x00, 0x07, 0x06,
	0x63, 0x20, 0x0c, 0x00, 0x02, 0x1d, 0x00, 0x00,
	0x00, 0x04, 0x20, 0x00, 0x00, 0x00, 0x07, 0x06,
	0x73, 0x20, 0x0c, 0x00, 0x02, 0x1d, 0x00, 0x00,
	0x00, 0x04, 0x24, 0x00, 0x00, 0x00, 0x07, 0x06,
	0xa3, 0x02, 0x0c, 0x00, 0x02, 0x1d, 0x00, 0x00,
	0x00, 0x04, 0x28, 0x00, 0x00, 0x00, 0x07, 0x06,
	0x13, 0x20, 0x0b, 0x00, 0x01, 0x1d, 0x00, 0x00,
	0x00, 0x04, 0x40, 0x00, 0x00, 0x00, 0x07, 0x22,
	0x20, 0x6e, 0x15, 0x00, 0x00, 0x22, 0x20, 0x99,
	0x17, 0x00, 0x00, 0x27, 0x00, 0x00, 0x00, 0x05,
	0x00, 0x12, 0x00, 0x8a, 0x18, 0x00, 0x00, 0x38,
	0x00, 0x6d, 0x6f, 0x64, 0x65, 0x6c, 0x70, 0x00,
	0x23, 0x00, 0x05, 0x00, 0x01, 0x04, 0x00, 0x00,
	0x00, 0x83, 0x00, 0x05, 0x00, 0x01, 0x65, 0x0b,
	0x00, 0x00, 0x1e, 0x00, 0x00, 0x00, 0x05, 0x00,
	0x12, 0x00, 0xa8, 0x18, 0x00, 0x00, 0x38, 0x00,
	0x46, 0x73, 0x00, 0x23, 0x00, 0x05, 0x00, 0x01,
	0x12, 0x00, 0x00, 0x00, 0x55, 0x00, 0x0a, 0x00,
	0x1e, 0x00, 0x00, 0x00, 0x05, 0x00, 0x12, 0x00,
	0xc6, 0x18, 0x00, 0x00, 0x38, 0x00, 0x46, 0x65,
	0x00, 0x23, 0x00, 0x05, 0x00, 0x01, 0x13, 0x00,
	0x00, 0x00, 0x55, 0x00, 0x0a, 0x00, 0x21, 0x00,
	0x00, 0x00, 0x05, 0x00, 0x12, 0x00, 0xe7, 0x18,
	0x00, 0x00, 0x38, 0x00, 0x63, 0x6f, 0x75, 0x6e,
	0x74, 0x00, 0x23, 0x00, 0x05, 0x00, 0x01, 0x10,
	0x00, 0x00, 0x00, 0x55, 0x00, 0x0a, 0x00, 0x1f,
	0x00, 0x00, 0x00, 0x0c, 0x00, 0x12, 0x00, 0x06,
	0x19, 0x00, 0x00, 0x38, 0x00, 0x72, 0x65, 0x74,
	0x00, 0x23, 0x00, 0x05, 0x00, 0x01, 0x02, 0x00,
	0x00, 0x00, 0x55, 0x00, 0x0a, 0x00, 0x1f, 0x00,
	0x00, 0x00, 0x0c, 0x00, 0x12, 0x00, 0x25, 0x19,
	0x00, 0x00, 0x38, 0x00, 0x6f, 0x74, 0x7a, 0x00,
	0x23, 0x00, 0x05, 0x00, 0x01, 0x02, 0x00, 0x00,
	0x00, 0x55, 0x00, 0x0a, 0x00, 0x20, 0x00, 0x00,
	0x00, 0x01, 0x00, 0x12, 0x00, 0x45, 0x19, 0x00,
	0x00, 0xa3, 0x00, 0x10, 0x00, 0x00, 0x0a, 0x00,
	0x00, 0x00, 0x00, 0x00, 0x01, 0x00, 0x00, 0x00,
	0x08, 0x55, 0x00, 0x04, 0x00, 0x26, 0x00, 0x00,
	0x00, 0x0c, 0x00, 0x12, 0x00, 0x6b, 0x19, 0x00,
	0x00, 0x38, 0x00, 0x73, 0x70, 0x00, 0x23, 0x00,
	0x0b, 0x00, 0x02, 0x1d, 0x00, 0x00, 0x00, 0x04,
	0x3c, 0x00, 0x00, 0x00, 0x07, 0x72, 0x00, 0x25,
	0x19, 0x00, 0x00, 0x22, 0x00, 0x00, 0x00, 0x0c,
	0x00, 0x12, 0x00, 0x8d, 0x19, 0x00, 0x00, 0x38,
	0x00, 0x5f, 0x73, 0x63, 0x61, 0x6c, 0x65, 0x00,
	0x23, 0x00, 0x05, 0x00, 0x01, 0x10, 0x00, 0x00,
	0x00, 0x55, 0x00, 0x0a, 0x00, 0x23, 0x00, 0x00,
	0x00, 0x0c, 0x00, 0x12, 0x00, 0xb0, 0x19, 0x00,
	0x00, 0x38, 0x00, 0x4c, 0x6d, 0x61, 0x78, 0x5f,
	0x33, 0x44, 0x00, 0x23, 0x00, 0x05, 0x00, 0x01,
	0x11, 0x00, 0x00, 0x00, 0x55, 0x00, 0x0a, 0x00,
	0x29, 0x00, 0x00, 0x00, 0x0c, 0x00, 0x12, 0x00,
	0xd9, 0x19, 0x00, 0x00, 0x38, 0x00, 0x74, 0x72,
	0x61, 0x6e, 0x73, 0x00, 0x23, 0x00, 0x0b, 0x00,
	0x02, 0x1d, 0x00, 0x00, 0x00, 0x04, 0x34, 0x00,
	0x00, 0x00, 0x07, 0x72, 0x00, 0x9b, 0x02, 0x00,
	0x00, 0x04, 0x00, 0x00, 0x00, 0x12, 0x00, 0x00,
	0x00, 0x13, 0x00, 0x12, 0x00, 0x45, 0x1a, 0x00,
	0x00, 0xb6, 0x00, 0x04, 0x00, 0x00, 0x00, 0x28,
	0x00, 0x00, 0x00, 0x0d, 0x00, 0x12, 0x00, 0x17,
	0x1a, 0x00, 0x00, 0x38, 0x00, 0x70, 0x00, 0x55,
	0x00, 0x09, 0x00, 0xc5, 0x00, 0x00, 0x00, 0xd6,
	0x00, 0x18, 0x00, 0x00, 0x00, 0x23, 0x00, 0x06,
	0x00, 0x04, 0x00, 0x00, 0x00, 0x00, 0x07, 0x2a,
	0x00, 0x00, 0x00, 0x0d, 0x00, 0x12, 0x00, 0x41,
	0x1a, 0x00, 0x00, 0x38, 0x00, 0x6e, 0x75, 0x6d,
	0x00, 0x55, 0x00, 0x03, 0x00, 0xc5, 0x00, 0x00,
	0x00, 0xd6, 0x00, 0x08, 0x00, 0x00, 0x00, 0x23,
	0x00, 0x06, 0x00, 0x04, 0x03, 0x00, 0x00, 0x00,
	0x07, 0x04, 0x00, 0x00, 0x00, 0x12, 0x00, 0x00,
	0x00, 0x13, 0x00, 0x12, 0x00, 0x0d, 0x1b, 0x00,
	0x00, 0xb6, 0x00, 0x14, 0x00, 0x00, 0x00, 0x23,
	0x00, 0x00, 0x00, 0x0d, 0x00, 0x12, 0x00, 0x7a,
	0x1a, 0x00, 0x00, 0x38, 0x00, 0x6c, 0x65, 0x6e,
	0x67, 0x74, 0x68, 0x00, 0x55, 0x00, 0x0c, 0x00,
	0x23, 0x00, 0x06, 0x00, 0x04, 0x00, 0x00, 0x00,
	0x00, 0x07, 0x25, 0x00, 0x00, 0x00, 0x0d, 0x00,
	0x12, 0x00, 0x9f, 0x1a, 0x00, 0x00, 0x38, 0x00,
	0x6f, 0x72, 0x67, 0x00, 0x83, 0x00, 0x05, 0x00,
	0x01, 0xdd, 0x19, 0x00, 0x00, 0x23, 0x00, 0x06,
	0x00, 0x04, 0x04, 0x00, 0x00, 0x00, 0x07, 0x23,
	0x00, 0x00, 0x00, 0x0d, 0x00, 0x12, 0x00, 0xc2,
	0x1a, 0x00, 0x00, 0x38, 0x00, 0x6f, 0x66, 0x66,
	0x73, 0x65, 0x74, 0x00, 0x55, 0x00, 0x0c, 0x00,
	0x23, 0x00, 0x06, 0x00, 0x04, 0x08, 0x00, 0x00,
	0x00, 0x07, 0x22, 0x00, 0x00, 0x00, 0x0d, 0x00,
	0x12, 0x00, 0xe4, 0x1a, 0x00, 0x00, 0x38, 0x00,
	0x70, 0x6f, 0x69, 0x6e, 0x74, 0x00, 0x55, 0x00,
	0x0c, 0x00, 0x23, 0x00, 0x06, 0x00, 0x04, 0x0c,
	0x00, 0x00, 0x00, 0x07, 0x25, 0x00, 0x00, 0x00,
	0x0d, 0x00, 0x12, 0x00, 0x09, 0x1b, 0x00, 0x00,
	0x38, 0x00, 0x74, 0x61, 0x67, 0x00, 0x83, 0x00,
	0x05, 0x00, 0x01, 0xdd, 0x19, 0x00, 0x00, 0x23,
	0x00, 0x06, 0x00, 0x04, 0x10, 0x00, 0x00, 0x00,
	0x07, 0x04, 0x00, 0x00, 0x00, 0x29, 0x00, 0x00,
	0x00, 0x07, 0x00, 0x12, 0x00, 0x36, 0x1b, 0x00,
	0x00, 0x38, 0x00, 0x67, 0x4f, 0x54, 0x5f, 0x41,
	0x43, 0x54, 0x70, 0x00, 0x23, 0x00, 0x05, 0x00,
	0x03, 0x00, 0x00, 0x00, 0x00, 0x83, 0x00, 0x05,
	0x00, 0x01, 0x45, 0x1a, 0x00, 0x00, 0x25, 0x00,
	0x00, 0x00, 0x07, 0x00, 0x12, 0x00, 0x5b, 0x1b,
	0x00, 0x00, 0x38, 0x00, 0x67, 0x53, 0x43, 0x52,
	0x4e, 0x5f, 0x4f, 0x46, 0x59, 0x00, 0x23, 0x00,
	0x05, 0x00, 0x03, 0x00, 0x00, 0x00, 0x00, 0x55,
	0x00, 0x0a, 0x00, 0x25, 0x00, 0x00, 0x00, 0x07,
	0x00, 0x12, 0x00, 0x80, 0x1b, 0x00, 0x00, 0x38,
	0x00, 0x67, 0x53, 0x43, 0x52, 0x4e, 0x5f, 0x4f,
	0x46, 0x58, 0x00, 0x23, 0x00, 0x05, 0x00, 0x03,
	0x00, 0x00, 0x00, 0x00, 0x55, 0x00, 0x0a, 0x00,
	0xfd, 0x00, 0x00, 0x00, 0x14, 0x00, 0x12, 0x00,
	0xd5, 0x25, 0x00, 0x00, 0x38, 0x00, 0x44, 0x6f,
	0x4f, 0x41, 0x5f, 0x5f, 0x46, 0x61, 0x64, 0x65,
	0x4f, 0x75, 0x74, 0x42, 0x47, 0x00, 0x11, 0x01,
	0x00, 0x00, 0x00, 0x00, 0x21, 0x01, 0xf4, 0x05,
	0x00, 0x00, 0x06, 0x01, 0xec, 0x06, 0x00, 0x00,
	0x43, 0x20, 0x0c, 0x00, 0x02, 0x1d, 0x00, 0x00,
	0x00, 0x04, 0x18, 0x00, 0x00, 0x00, 0x07, 0x06,
	0x53, 0x20, 0x0c, 0x00, 0x02, 0x1d, 0x00, 0x00,
	0x00, 0x04, 0x1c, 0x00, 0x00, 0x00, 0x07, 0x06,
	0x63, 0x20, 0x0c, 0x00, 0x02, 0x1d, 0x00, 0x00,
	0x00, 0x04, 0x20, 0x00, 0x00, 0x00, 0x07, 0x06,
	0x73, 0x20, 0x0c, 0x00, 0x02, 0x1d, 0x00, 0x00,
	0x00, 0x04, 0x24, 0x00, 0x00, 0x00, 0x07, 0x06,
	0x83, 0x20, 0x0c, 0x00, 0x02, 0x1d, 0x00, 0x00,
	0x00, 0x04, 0x28, 0x00, 0x00, 0x00, 0x07, 0x06,
	0x93, 0x20, 0x0c, 0x00, 0x02, 0x1d, 0x00, 0x00,
	0x00, 0x04, 0x2c, 0x00, 0x00, 0x00, 0x07, 0x06,
	0xa3, 0x20, 0x0c, 0x00, 0x02, 0x1d, 0x00, 0x00,
	0x00, 0x04, 0x30, 0x00, 0x00, 0x00, 0x07, 0x06,
	0xb3, 0x20, 0x0c, 0x00, 0x02, 0x1d, 0x00, 0x00,
	0x00, 0x04, 0x34, 0x00, 0x00, 0x00, 0x07, 0x06,
	0xc3, 0x20, 0x0c, 0x00, 0x02, 0x1d, 0x00, 0x00,
	0x00, 0x04, 0x38, 0x00, 0x00, 0x00, 0x07, 0x06,
	0xa3, 0x02, 0x0c, 0x00, 0x02, 0x1d, 0x00, 0x00,
	0x00, 0x04, 0x3c, 0x00, 0x00, 0x00, 0x07, 0x06,
	0x13, 0x20, 0x0b, 0x00, 0x01, 0x1d, 0x00, 0x00,
	0x00, 0x04, 0x78, 0x00, 0x00, 0x00, 0x07, 0x22,
	0x20, 0x0d, 0x1b, 0x00, 0x00, 0x22, 0x20, 0x36,
	0x1b, 0x00, 0x00, 0x22, 0x20, 0x5b, 0x1b, 0x00,
	0x00, 0x22, 0x20, 0x6e, 0x15, 0x00, 0x00, 0x22,
	0x20, 0x99, 0x17, 0x00, 0x00, 0x27, 0x00, 0x00,
	0x00, 0x05, 0x00, 0x12, 0x00, 0xa4, 0x1c, 0x00,
	0x00, 0x38, 0x00, 0x6d, 0x6f, 0x64, 0x65, 0x6c,
	0x70, 0x00, 0x23, 0x00, 0x05, 0x00, 0x01, 0x02,
	0x00, 0x00, 0x00, 0x83, 0x00, 0x05, 0x00, 0x01,
	0x65, 0x0b, 0x00, 0x00, 0x1e, 0x00, 0x00, 0x00,
	0x05, 0x00, 0x12, 0x00, 0xc2, 0x1c, 0x00, 0x00,
	0x38, 0x00, 0x46, 0x73, 0x00, 0x23, 0x00, 0x05,
	0x00, 0x01, 0x11, 0x00, 0x00, 0x00, 0x55, 0x00,
	0x0a, 0x00, 0x1e, 0x00, 0x00, 0x00, 0x05, 0x00,
	0x12, 0x00, 0xe0, 0x1c, 0x00, 0x00, 0x38, 0x00,
	0x46, 0x65, 0x00, 0x23, 0x00, 0x05, 0x00, 0x01,
	0x10, 0x00, 0x00, 0x00, 0x55, 0x00, 0x0a, 0x00,
	0x21, 0x00, 0x00, 0x00, 0x05, 0x00, 0x12, 0x00,
	0x01, 0x1d, 0x00, 0x00, 0x38, 0x00, 0x63, 0x6f,
	0x75, 0x6e, 0x74, 0x00, 0x23, 0x00, 0x05, 0x00,
	0x01, 0x12, 0x00, 0x00, 0x00, 0x55, 0x00, 0x0a,
	0x00, 0x1d, 0x00, 0x00, 0x00, 0x0c, 0x00, 0x12,
	0x00, 0x1e, 0x1d, 0x00, 0x00, 0x38, 0x00, 0x68,
	0x00, 0x23, 0x00, 0x05, 0x00, 0x01, 0x12, 0x00,
	0x00, 0x00, 0x55, 0x00, 0x0a, 0x00, 0x1d, 0x00,
	0x00, 0x00, 0x0c, 0x00, 0x12, 0x00, 0x3b, 0x1d,
	0x00, 0x00, 0x38, 0x00, 0x77, 0x00, 0x23, 0x00,
	0x05, 0x00, 0x01, 0x15, 0x00, 0x00, 0x00, 0x55,
	0x00, 0x0a, 0x00, 0x1d, 0x00, 0x00, 0x00, 0x0c,
	0x00, 0x12, 0x00, 0x58, 0x1d, 0x00, 0x00, 0x38,
	0x00, 0x79, 0x00, 0x23, 0x00, 0x05, 0x00, 0x01,
	0x14, 0x00, 0x00, 0x00, 0x55, 0x00, 0x0a, 0x00,
	0x1d, 0x00, 0x00, 0x00, 0x0c, 0x00, 0x12, 0x00,
	0x75, 0x1d, 0x00, 0x00, 0x38, 0x00, 0x68, 0x00,
	0x23, 0x00, 0x05, 0x00, 0x01, 0x15, 0x00, 0x00,
	0x00, 0x55, 0x00, 0x0a, 0x00, 0x1d, 0x00, 0x00,
	0x00, 0x0c, 0x00, 0x12, 0x00, 0x92, 0x1d, 0x00,
	0x00, 0x38, 0x00, 0x77, 0x00, 0x23, 0x00, 0x05,
	0x00, 0x01, 0x16, 0x00, 0x00, 0x00, 0x55, 0x00,
	0x0a, 0x00, 0x1d, 0x00, 0x00, 0x00, 0x0c, 0x00,
	0x12, 0x00, 0xaf, 0x1d, 0x00, 0x00, 0x38, 0x00,
	0x79, 0x00, 0x23, 0x00, 0x05, 0x00, 0x01, 0x14,
	0x00, 0x00, 0x00, 0x55, 0x00, 0x0a, 0x00, 0x1d,
	0x00, 0x00, 0x00, 0x0c, 0x00, 0x12, 0x00, 0xcc,
	0x1d, 0x00, 0x00, 0x38, 0x00, 0x77, 0x00, 0x23,
	0x00, 0x05, 0x00, 0x01, 0x1e, 0x00, 0x00, 0x00,
	0x55, 0x00, 0x0a, 0x00, 0x1d, 0x00, 0x00, 0x00,
	0x0c, 0x00, 0x12, 0x00, 0xe9, 0x1d, 0x00, 0x00,
	0x38, 0x00, 0x79, 0x00, 0x23, 0x00, 0x05, 0x00,
	0x01, 0x15, 0x00, 0x00, 0x00, 0x55, 0x00, 0x0a,
	0x00, 0x1d, 0x00, 0x00, 0x00, 0x0c, 0x00, 0x12,
	0x00, 0x06, 0x1e, 0x00, 0x00, 0x38, 0x00, 0x78,
	0x00, 0x23, 0x00, 0x05, 0x00, 0x01, 0x16, 0x00,
	0x00, 0x00, 0x55, 0x00, 0x0a, 0x00, 0x1d, 0x00,
	0x00, 0x00, 0x0c, 0x00, 0x12, 0x00, 0x23, 0x1e,
	0x00, 0x00, 0x38, 0x00, 0x77, 0x00, 0x23, 0x00,
	0x05, 0x00, 0x01, 0x1e, 0x00, 0x00, 0x00, 0x55,
	0x00, 0x0a, 0x00, 0x1d, 0x00, 0x00, 0x00, 0x0c,
	0x00, 0x12, 0x00, 0x40, 0x1e, 0x00, 0x00, 0x38,
	0x00, 0x79, 0x00, 0x23, 0x00, 0x05, 0x00, 0x01,
	0x15, 0x00, 0x00, 0x00, 0x55, 0x00, 0x0a, 0x00,
	0x1d, 0x00, 0x00, 0x00, 0x0c, 0x00, 0x12, 0x00,
	0x5d, 0x1e, 0x00, 0x00, 0x38, 0x00, 0x78, 0x00,
	0x23, 0x00, 0x05, 0x00, 0x01, 0x16, 0x00, 0x00,
	0x00, 0x55, 0x00, 0x0a, 0x00, 0x1f, 0x00, 0x00,
	0x00, 0x0c, 0x00, 0x12, 0x00, 0x7c, 0x1e, 0x00,
	0x00, 0x38, 0x00, 0x5f, 0x68, 0x4c, 0x00, 0x23,
	0x00, 0x05, 0x00, 0x01, 0x13, 0x00, 0x00, 0x00,
	0x55, 0x00, 0x0a, 0x00, 0x29, 0x00, 0x00, 0x00,
	0x0c, 0x00, 0x12, 0x00, 0xa5, 0x1e, 0x00, 0x00,
	0x38, 0x00, 0x59, 0x6d, 0x61, 0x78, 0x5f, 0x53,
	0x63, 0x00, 0x23, 0x00, 0x0b, 0x00, 0x02, 0x1d,
	0x00, 0x00, 0x00, 0x04, 0x4c, 0x00, 0x00, 0x00,
	0x07, 0x55, 0x00, 0x0a, 0x00, 0x23, 0x00, 0x00,
	0x00, 0x0c, 0x00, 0x12, 0x00, 0xc8, 0x1e, 0x00,
	0x00, 0x38, 0x00, 0x59, 0x6d, 0x69, 0x6e, 0x5f,
	0x53, 0x63, 0x00, 0x23, 0x00, 0x05, 0x00, 0x01,
	0x17, 0x00, 0x00, 0x00, 0x55, 0x00, 0x0a, 0x00,
	0x29, 0x00, 0x00, 0x00, 0x0c, 0x00, 0x12, 0x00,
	0xf1, 0x1e, 0x00, 0x00, 0x38, 0x00, 0x58, 0x6d,
	0x61, 0x78, 0x5f, 0x53, 0x63, 0x00, 0x23, 0x00,
	0x0b, 0x00, 0x02, 0x1d, 0x00, 0x00, 0x00, 0x04,
	0x48, 0x00, 0x00, 0x00, 0x07, 0x55, 0x00, 0x0a,
	0x00, 0x23, 0x00, 0x00, 0x00, 0x0c, 0x00, 0x12,
	0x00, 0x14, 0x1f, 0x00, 0x00, 0x38, 0x00, 0x58,
	0x6d, 0x69, 0x6e, 0x5f, 0x53, 0x63, 0x00, 0x23,
	0x00, 0x05, 0x00, 0x01, 0x15, 0x00, 0x00, 0x00,
	0x55, 0x00, 0x0a, 0x00, 0x26, 0x00, 0x00, 0x00,
	0x0c, 0x00, 0x12, 0x00, 0x3a, 0x1f, 0x00, 0x00,
	0x38, 0x00, 0x59, 0x6d, 0x61, 0x78, 0x00, 0x23,
	0x00, 0x0b, 0x00, 0x02, 0x1d, 0x00, 0x00, 0x00,
	0x04, 0x44, 0x00, 0x00, 0x00, 0x07, 0x55, 0x00,
	0x0a, 0x00, 0x20, 0x00, 0x00, 0x00, 0x0c, 0x00,
	0x12, 0x00, 0x5a, 0x1f, 0x00, 0x00, 0x38, 0x00,
	0x59, 0x6d, 0x69, 0x6e, 0x00, 0x23, 0x00, 0x05,
	0x00, 0x01, 0x14, 0x00, 0x00, 0x00, 0x55, 0x00,
	0x0a, 0x00, 0x20, 0x00, 0x00, 0x00, 0x0c, 0x00,
	0x12, 0x00, 0x7a, 0x1f, 0x00, 0x00, 0x38, 0x00,
	0x58, 0x6d, 0x61, 0x78, 0x00, 0x23, 0x00, 0x05,
	0x00, 0x01, 0x12, 0x00, 0x00, 0x00, 0x55, 0x00,
	0x0a, 0x00, 0x20, 0x00, 0x00, 0x00, 0x0c, 0x00,
	0x12, 0x00, 0x9a, 0x1f, 0x00, 0x00, 0x38, 0x00,
	0x58, 0x6d, 0x69, 0x6e, 0x00, 0x23, 0x00, 0x05,
	0x00, 0x01, 0x11, 0x00, 0x00, 0x00, 0x55, 0x00,
	0x0a, 0x00, 0x12, 0x00, 0x00, 0x00, 0x13, 0x00,
	0x12, 0x00, 0x64, 0x21, 0x00, 0x00, 0xb6, 0x00,
	0x1c, 0x00, 0x00, 0x00, 0x1e, 0x00, 0x00, 0x00,
	0x0d, 0x00, 0x12, 0x00, 0xca, 0x1f, 0x00, 0x00,
	0x38, 0x00, 0x78, 0x00, 0x55, 0x00, 0x04, 0x00,
	0x23, 0x00, 0x06, 0x00, 0x04, 0x00, 0x00, 0x00,
	0x00, 0x07, 0x1e, 0x00, 0x00, 0x00, 0x0d, 0x00,
	0x12, 0x00, 0xe8, 0x1f, 0x00, 0x00, 0x38, 0x00,
	0x79, 0x00, 0x55, 0x00, 0x04, 0x00, 0x23, 0x00,
	0x06, 0x00, 0x04, 0x02, 0x00, 0x00, 0x00, 0x07,
	0x1e, 0x00, 0x00, 0x00, 0x0d, 0x00, 0x12, 0x00,
	0x06, 0x20, 0x00, 0x00, 0x38, 0x00, 0x7a, 0x00,
	0x55, 0x00, 0x04, 0x00, 0x23, 0x00, 0x06, 0x00,
	0x04, 0x04, 0x00, 0x00, 0x00, 0x07, 0x22, 0x00,
	0x00, 0x00, 0x0d, 0x00, 0x12, 0x00, 0x28, 0x20,
	0x00, 0x00, 0x38, 0x00, 0x73, 0x63, 0x61, 0x6c,
	0x65, 0x00, 0x55, 0x00, 0x0a, 0x00, 0x23, 0x00,
	0x06, 0x00, 0x04, 0x08, 0x00, 0x00, 0x00, 0x07,
	0x1e, 0x00, 0x00, 0x00, 0x0d, 0x00, 0x12, 0x00,
	0x46, 0x20, 0x00, 0x00, 0x38, 0x00, 0x77, 0x00,
	0x55, 0x00, 0x06, 0x00, 0x23, 0x00, 0x06, 0x00,
	0x04, 0x0c, 0x00, 0x00, 0x00, 0x07, 0x1e, 0x00,
	0x00, 0x00, 0x0d, 0x00, 0x12, 0x00, 0x64, 0x20,
	0x00, 0x00, 0x38, 0x00, 0x68, 0x00, 0x55, 0x00,
	0x06, 0x00, 0x23, 0x00, 0x06, 0x00, 0x04, 0x0e,
	0x00, 0x00, 0x00, 0x07, 0x22, 0x00, 0x00, 0x00,
	0x0d, 0x00, 0x12, 0x00, 0x86, 0x20, 0x00, 0x00,
	0x38, 0x00, 0x74, 0x70, 0x61, 0x67, 0x65, 0x00,
	0x55, 0x00, 0x06, 0x00, 0x23, 0x00, 0x06, 0x00,
	0x04, 0x10, 0x00, 0x00, 0x00, 0x07, 0x1e, 0x00,
	0x00, 0x00, 0x0d, 0x00, 0x12, 0x00, 0xa4, 0x20,
	0x00, 0x00, 0x38, 0x00, 0x75, 0x00, 0x55, 0x00,
	0x03, 0x00, 0x23, 0x00, 0x06, 0x00, 0x04, 0x12,
	0x00, 0x00, 0x00, 0x07, 0x1e, 0x00, 0x00, 0x00,
	0x0d, 0x00, 0x12, 0x00, 0xc2, 0x20, 0x00, 0x00,
	0x38, 0x00, 0x76, 0x00, 0x55, 0x00, 0x03, 0x00,
	0x23, 0x00, 0x06, 0x00, 0x04, 0x13, 0x00, 0x00,
	0x00, 0x07, 0x21, 0x00, 0x00, 0x00, 0x0d, 0x00,
	0x12, 0x00, 0xe3, 0x20, 0x00, 0x00, 0x38, 0x00,
	0x63, 0x6c, 0x75, 0x74, 0x00, 0x55, 0x00, 0x06,
	0x00, 0x23, 0x00, 0x06, 0x00, 0x04, 0x14, 0x00,
	0x00, 0x00, 0x07, 0x1e, 0x00, 0x00, 0x00, 0x0d,
	0x00, 0x12, 0x00, 0x01, 0x21, 0x00, 0x00, 0x38,
	0x00, 0x72, 0x00, 0x55, 0x00, 0x03, 0x00, 0x23,
	0x00, 0x06, 0x00, 0x04, 0x16, 0x00, 0x00, 0x00,
	0x07, 0x1e, 0x00, 0x00, 0x00, 0x0d, 0x00, 0x12,
	0x00, 0x1f, 0x21, 0x00, 0x00, 0x38, 0x00, 0x67,
	0x00, 0x55, 0x00, 0x03, 0x00, 0x23, 0x00, 0x06,
	0x00, 0x04, 0x17, 0x00, 0x00, 0x00, 0x07, 0x1e,
	0x00, 0x00, 0x00, 0x0d, 0x00, 0x12, 0x00, 0x3d,
	0x21, 0x00, 0x00, 0x38, 0x00, 0x62, 0x00, 0x55,
	0x00, 0x03, 0x00, 0x23, 0x00, 0x06, 0x00, 0x04,
	0x18, 0x00, 0x00, 0x00, 0x07, 0x23, 0x00, 0x00,
	0x00, 0x0d, 0x00, 0x12, 0x00, 0x60, 0x21, 0x00,
	0x00, 0x38, 0x00, 0x62, 0x72, 0x69, 0x67, 0x68,
	0x74, 0x00, 0x55, 0x00, 0x03, 0x00, 0x23, 0x00,
	0x06, 0x00, 0x04, 0x19, 0x00, 0x00, 0x00, 0x07,
	0x04, 0x00, 0x00, 0x00, 0x27, 0x00, 0x00, 0x00,
	0x0c, 0x00, 0x12, 0x00, 0x8b, 0x21, 0x00, 0x00,
	0x38, 0x00, 0x73, 0x70, 0x34, 0x00, 0x23, 0x00,
	0x0b, 0x00, 0x02, 0x1d, 0x00, 0x00, 0x00, 0x04,
	0x5c, 0x00, 0x00, 0x00, 0x07, 0x72, 0x00, 0x9a,
	0x1f, 0x00, 0x00, 0x25, 0x00, 0x00, 0x00, 0x0c,
	0x00, 0x12, 0x00, 0xb0, 0x21, 0x00, 0x00, 0x38,
	0x00, 0x72, 0x65, 0x74, 0x00, 0x23, 0x00, 0x0b,
	0x00, 0x02, 0x1d, 0x00, 0x00, 0x00, 0x04, 0x40,
	0x00, 0x00, 0x00, 0x07, 0x55, 0x00, 0x0a, 0x00,
	0x12, 0x00, 0x00, 0x00, 0x13, 0x00, 0x12, 0x00,
	0xd9, 0x24, 0x00, 0x00, 0xb6, 0x00, 0x28, 0x00,
	0x00, 0x00, 0x20, 0x00, 0x00, 0x00, 0x0d, 0x00,
	0x12, 0x00, 0xe2, 0x21, 0x00, 0x00, 0x38, 0x00,
	0x74, 0x61, 0x67, 0x00, 0x55, 0x00, 0x0c, 0x00,
	0x23, 0x00, 0x06, 0x00, 0x04, 0x00, 0x00, 0x00,
	0x00, 0x07, 0x1f, 0x00, 0x00, 0x00, 0x0d, 0x00,
	0x12, 0x00, 0x01, 0x22, 0x00, 0x00, 0x38, 0x00,
	0x72, 0x30, 0x00, 0x55, 0x00, 0x03, 0x00, 0x23,
	0x00, 0x06, 0x00, 0x04, 0x04, 0x00, 0x00, 0x00,
	0x07, 0x1f, 0x00, 0x00, 0x00, 0x0d, 0x00, 0x12,
	0x00, 0x20, 0x22, 0x00, 0x00, 0x38, 0x00, 0x67,
	0x30, 0x00, 0x55, 0x00, 0x03, 0x00, 0x23, 0x00,
	0x06, 0x00, 0x04, 0x05, 0x00, 0x00, 0x00, 0x07,
	0x1f, 0x00, 0x00, 0x00, 0x0d, 0x00, 0x12, 0x00,
	0x3f, 0x22, 0x00, 0x00, 0x38, 0x00, 0x62, 0x30,
	0x00, 0x55, 0x00, 0x03, 0x00, 0x23, 0x00, 0x06,
	0x00, 0x04, 0x06, 0x00, 0x00, 0x00, 0x07, 0x21,
	0x00, 0x00, 0x00, 0x0d, 0x00, 0x12, 0x00, 0x60,
	0x22, 0x00, 0x00, 0x38, 0x00, 0x63, 0x6f, 0x64,
	0x65, 0x00, 0x55, 0x00, 0x03, 0x00, 0x23, 0x00,
	0x06, 0x00, 0x04, 0x07, 0x00, 0x00, 0x00, 0x07,
	0x1f, 0x00, 0x00, 0x00, 0x0d, 0x00, 0x12, 0x00,
	0x7f, 0x22, 0x00, 0x00, 0x38, 0x00, 0x78, 0x30,
	0x00, 0x55, 0x00, 0x04, 0x00, 0x23, 0x00, 0x06,
	0x00, 0x04, 0x08, 0x00, 0x00, 0x00, 0x07, 0x1f,
	0x00, 0x00, 0x00, 0x0d, 0x00, 0x12, 0x00, 0x9e,
	0x22, 0x00, 0x00, 0x38, 0x00, 0x79, 0x30, 0x00,
	0x55, 0x00, 0x04, 0x00, 0x23, 0x00, 0x06, 0x00,
	0x04, 0x0a, 0x00, 0x00, 0x00, 0x07, 0x1f, 0x00,
	0x00, 0x00, 0x0d, 0x00, 0x12, 0x00, 0xbd, 0x22,
	0x00, 0x00, 0x38, 0x00, 0x75, 0x30, 0x00, 0x55,
	0x00, 0x03, 0x00, 0x23, 0x00, 0x06, 0x00, 0x04,
	0x0c, 0x00, 0x00, 0x00, 0x07, 0x1f, 0x00, 0x00,
	0x00, 0x0d, 0x00, 0x12, 0x00, 0xdc, 0x22, 0x00,
	0x00, 0x38, 0x00, 0x76, 0x30, 0x00, 0x55, 0x00,
	0x03, 0x00, 0x23, 0x00, 0x06, 0x00, 0x04, 0x0d,
	0x00, 0x00, 0x00, 0x07, 0x21, 0x00, 0x00, 0x00,
	0x0d, 0x00, 0x12, 0x00, 0xfd, 0x22, 0x00, 0x00,
	0x38, 0x00, 0x63, 0x6c, 0x75, 0x74, 0x00, 0x55,
	0x00, 0x06, 0x00, 0x23, 0x00, 0x06, 0x00, 0x04,
	0x0e, 0x00, 0x00, 0x00, 0x07, 0x1f, 0x00, 0x00,
	0x00, 0x0d, 0x00, 0x12, 0x00, 0x1c, 0x23, 0x00,
	0x00, 0x38, 0x00, 0x78, 0x31, 0x00, 0x55, 0x00,
	0x04, 0x00, 0x23, 0x00, 0x06, 0x00, 0x04, 0x10,
	0x00, 0x00, 0x00, 0x07, 0x1f, 0x00, 0x00, 0x00,
	0x0d, 0x00, 0x12, 0x00, 0x3b, 0x23, 0x00, 0x00,
	0x38, 0x00, 0x79, 0x31, 0x00, 0x55, 0x00, 0x04,
	0x00, 0x23, 0x00, 0x06, 0x00, 0x04, 0x12, 0x00,
	0x00, 0x00, 0x07, 0x1f, 0x00, 0x00, 0x00, 0x0d,
	0x00, 0x12, 0x00, 0x5a, 0x23, 0x00, 0x00, 0x38,
	0x00, 0x75, 0x31, 0x00, 0x55, 0x00, 0x03, 0x00,
	0x23, 0x00, 0x06, 0x00, 0x04, 0x14, 0x00, 0x00,
	0x00, 0x07, 0x1f, 0x00, 0x00, 0x00, 0x0d, 0x00,
	0x12, 0x00, 0x79, 0x23, 0x00, 0x00, 0x38, 0x00,
	0x76, 0x31, 0x00, 0x55, 0x00, 0x03, 0x00, 0x23,
	0x00, 0x06, 0x00, 0x04, 0x15, 0x00, 0x00, 0x00,
	0x07, 0x22, 0x00, 0x00, 0x00, 0x0d, 0x00, 0x12,
	0x00, 0x9b, 0x23, 0x00, 0x00, 0x38, 0x00, 0x74,
	0x70, 0x61, 0x67, 0x65, 0x00, 0x55, 0x00, 0x06,
	0x00, 0x23, 0x00, 0x06, 0x00, 0x04, 0x16, 0x00,
	0x00, 0x00, 0x07, 0x1f, 0x00, 0x00, 0x00, 0x0d,
	0x00, 0x12, 0x00, 0xba, 0x23, 0x00, 0x00, 0x38,
	0x00, 0x78, 0x32, 0x00, 0x55, 0x00, 0x04, 0x00,
	0x23, 0x00, 0x06, 0x00, 0x04, 0x18, 0x00, 0x00,
	0x00, 0x07, 0x1f, 0x00, 0x00, 0x00, 0x0d, 0x00,
	0x12, 0x00, 0xd9, 0x23, 0x00, 0x00, 0x38, 0x00,
	0x79, 0x32, 0x00, 0x55, 0x00, 0x04, 0x00, 0x23,
	0x00, 0x06, 0x00, 0x04, 0x1a, 0x00, 0x00, 0x00,
	0x07, 0x1f, 0x00, 0x00, 0x00, 0x0d, 0x00, 0x12,
	0x00, 0xf8, 0x23, 0x00, 0x00, 0x38, 0x00, 0x75,
	0x32, 0x00, 0x55, 0x00, 0x03, 0x00, 0x23, 0x00,
	0x06, 0x00, 0x04, 0x1c, 0x00, 0x00, 0x00, 0x07,
	0x1f, 0x00, 0x00, 0x00, 0x0d, 0x00, 0x12, 0x00,
	0x17, 0x24, 0x00, 0x00, 0x38, 0x00, 0x76, 0x32,
	0x00, 0x55, 0x00, 0x03, 0x00, 0x23, 0x00, 0x06,
	0x00, 0x04, 0x1d, 0x00, 0x00, 0x00, 0x07, 0x21,
	0x00, 0x00, 0x00, 0x0d, 0x00, 0x12, 0x00, 0x38,
	0x24, 0x00, 0x00, 0x38, 0x00, 0x70, 0x61, 0x64,
	0x31, 0x00, 0x55, 0x00, 0x06, 0x00, 0x23, 0x00,
	0x06, 0x00, 0x04, 0x1e, 0x00, 0x00, 0x00, 0x07,
	0x1f, 0x00, 0x00, 0x00, 0x0d, 0x00, 0x12, 0x00,
	0x57, 0x24, 0x00, 0x00, 0x38, 0x00, 0x78, 0x33,
	0x00, 0x55, 0x00, 0x04, 0x00, 0x23, 0x00, 0x06,
	0x00, 0x04, 0x20, 0x00, 0x00, 0x00, 0x07, 0x1f,
	0x00, 0x00, 0x00, 0x0d, 0x00, 0x12, 0x00, 0x76,
	0x24, 0x00, 0x00, 0x38, 0x00, 0x79, 0x33, 0x00,
	0x55, 0x00, 0x04, 0x00, 0x23, 0x00, 0x06, 0x00,
	0x04, 0x22, 0x00, 0x00, 0x00, 0x07, 0x1f, 0x00,
	0x00, 0x00, 0x0d, 0x00, 0x12, 0x00, 0x95, 0x24,
	0x00, 0x00, 0x38, 0x00, 0x75, 0x33, 0x00, 0x55,
	0x00, 0x03, 0x00, 0x23, 0x00, 0x06, 0x00, 0x04,
	0x24, 0x00, 0x00, 0x00, 0x07, 0x1f, 0x00, 0x00,
	0x00, 0x0d, 0x00, 0x12, 0x00, 0xb4, 0x24, 0x00,
	0x00, 0x38, 0x00, 0x76, 0x33, 0x00, 0x55, 0x00,
	0x03, 0x00, 0x23, 0x00, 0x06, 0x00, 0x04, 0x25,
	0x00, 0x00, 0x00, 0x07, 0x21, 0x00, 0x00, 0x00,
	0x0d, 0x00, 0x12, 0x00, 0xd5, 0x24, 0x00, 0x00,
	0x38, 0x00, 0x70, 0x61, 0x64, 0x32, 0x00, 0x55,
	0x00, 0x06, 0x00, 0x23, 0x00, 0x06, 0x00, 0x04,
	0x26, 0x00, 0x00, 0x00, 0x07, 0x04, 0x00, 0x00,
	0x00, 0x25, 0x00, 0x00, 0x00, 0x0c, 0x00, 0x12,
	0x00, 0xfe, 0x24, 0x00, 0x00, 0x38, 0x00, 0x66,
	0x74, 0x34, 0x70, 0x00, 0x23, 0x00, 0x05, 0x00,
	0x01, 0x10, 0x00, 0x00, 0x00, 0x83, 0x00, 0x05,
	0x00, 0x01, 0xb0, 0x21, 0x00, 0x00, 0x1f, 0x00,
	0x00, 0x00, 0x0c, 0x00, 0x12, 0x00, 0x1d, 0x25,
	0x00, 0x00, 0x38, 0x00, 0x6f, 0x74, 0x7a, 0x00,
	0x23, 0x00, 0x05, 0x00, 0x01, 0x02, 0x00, 0x00,
	0x00, 0x55, 0x00, 0x0a, 0x00, 0x20, 0x00, 0x00,
	0x00, 0x01, 0x00, 0x12, 0x00, 0x3d, 0x25, 0x00,
	0x00, 0xa3, 0x00, 0x10, 0x00, 0x00, 0x0a, 0x00,
	0x00, 0x00, 0x00, 0x00, 0x01, 0x00, 0x00, 0x00,
	0x08, 0x55, 0x00, 0x04, 0x00, 0x26, 0x00, 0x00,
	0x00, 0x0c, 0x00, 0x12, 0x00, 0x63, 0x25, 0x00,
	0x00, 0x38, 0x00, 0x73, 0x70, 0x00, 0x23, 0x00,
	0x0b, 0x00, 0x02, 0x1d, 0x00, 0x00, 0x00, 0x04,
	0x58, 0x00, 0x00, 0x00, 0x07, 0x72, 0x00, 0x1d,
	0x25, 0x00, 0x00, 0x22, 0x00, 0x00, 0x00, 0x0c,
	0x00, 0x12, 0x00, 0x85, 0x25, 0x00, 0x00, 0x38,
	0x00, 0x5f, 0x73, 0x63, 0x61, 0x6c, 0x65, 0x00,
	0x23, 0x00, 0x05, 0x00, 0x01, 0x13, 0x00, 0x00,
	0x00, 0x55, 0x00, 0x0a, 0x00, 0x23, 0x00, 0x00,
	0x00, 0x0c, 0x00, 0x12, 0x00, 0xa8, 0x25, 0x00,
	0x00, 0x38, 0x00, 0x4c, 0x6d, 0x61, 0x78, 0x5f,
	0x33, 0x44, 0x00, 0x23, 0x00, 0x05, 0x00, 0x01,
	0x14, 0x00, 0x00, 0x00, 0x55, 0x00, 0x0a, 0x00,
	0x29, 0x00, 0x00, 0x00, 0x0c, 0x00, 0x12, 0x00,
	0xd1, 0x25, 0x00, 0x00, 0x38, 0x00, 0x74, 0x72,
	0x61, 0x6e, 0x73, 0x00, 0x23, 0x00, 0x0b, 0x00,
	0x02, 0x1d, 0x00, 0x00, 0x00, 0x04, 0x50, 0x00,
	0x00, 0x00, 0x07, 0x72, 0x00, 0x9b, 0x02, 0x00,
	0x00, 0x04, 0x00, 0x00, 0x00, 0x73, 0x00, 0x00,
	0x00, 0x14, 0x00, 0x12, 0x00, 0x95, 0x26, 0x00,
	0x00, 0x38, 0x00, 0x64, 0x72, 0x61, 0x77, 0x46,
	0x41, 0x44, 0x45, 0x5f, 0x5f, 0x61, 0x6c, 0x6c,
	0x00, 0x11, 0x01, 0x00, 0x00, 0x00, 0x00, 0x21,
	0x01, 0xf4, 0x00, 0x00, 0x00, 0x06, 0x01, 0x2c,
	0x0b, 0x00, 0x00, 0x43, 0x20, 0x0c, 0x00, 0x02,
	0x1d, 0x00, 0x00, 0x00, 0x04, 0x10, 0x00, 0x00,
	0x00, 0x07, 0x06, 0x53, 0x20, 0x0c, 0x00, 0x02,
	0x1d, 0x00, 0x00, 0x00, 0x04, 0x14, 0x00, 0x00,
	0x00, 0x07, 0x06, 0xa3, 0x02, 0x0c, 0x00, 0x02,
	0x1d, 0x00, 0x00, 0x00, 0x04, 0x18, 0x00, 0x00,
	0x00, 0x07, 0x06, 0x13, 0x20, 0x0b, 0x00, 0x01,
	0x1d, 0x00, 0x00, 0x00, 0x04, 0x20, 0x00, 0x00,
	0x00, 0x07, 0x22, 0x20, 0x0d, 0x1b, 0x00, 0x00,
	0x24, 0x00, 0x00, 0x00, 0x05, 0x00, 0x12, 0x00,
	0x6c, 0x26, 0x00, 0x00, 0x38, 0x00, 0x72, 0x67,
	0x62, 0x00, 0x23, 0x00, 0x05, 0x00, 0x01, 0x11,
	0x00, 0x00, 0x00, 0x83, 0x00, 0x05, 0x00, 0x01,
	0x08, 0x02, 0x00, 0x00, 0x25, 0x00, 0x00, 0x00,
	0x0c, 0x00, 0x12, 0x00, 0x91, 0x26, 0x00, 0x00,
	0x38, 0x00, 0x70, 0x66, 0x74, 0x34, 0x00, 0x23,
	0x00, 0x05, 0x00, 0x01, 0x10, 0x00, 0x00, 0x00,
	0x83, 0x00, 0x05, 0x00, 0x01, 0xb0, 0x21, 0x00,
	0x00, 0x04, 0x00, 0x00, 0x00, 0x22, 0x00, 0x00,
	0x00, 0x01, 0x00, 0x12, 0x00, 0xb7, 0x26, 0x00,
	0x00, 0xa3, 0x00, 0x12, 0x00, 0x00, 0x0a, 0x00,
	0x00, 0x00, 0x00, 0x00, 0x01, 0x00, 0x00, 0x00,
	0x08, 0x72, 0x00, 0x45, 0x1a, 0x00, 0x00, 0x27,
	0x00, 0x00, 0x00, 0x0c, 0x00, 0x12, 0x00, 0xde,
	0x26, 0x00, 0x00, 0x38, 0x00, 0x67, 0x44, 0x6f,
	0x4f, 0x41, 0x5f, 0x5f, 0x4f, 0x54, 0x00, 0x23,
	0x00, 0x05, 0x00, 0x03, 0x00, 0x00, 0x00, 0x00,
	0x72, 0x00, 0x95, 0x26, 0x00, 0x00, 0x3b, 0x00,
	0x00, 0x00, 0x14, 0x00, 0x12, 0x00, 0x19, 0x27,
	0x00, 0x00, 0x38, 0x00, 0x44, 0x6f, 0x4f, 0x41,
	0x5f, 0x5f, 0x69, 0x6e, 0x69, 0x74, 0x5f, 0x64,
	0x72, 0x61, 0x77, 0x4d, 0x6f, 0x64, 0x65, 0x6c,
	0x00, 0x11, 0x01, 0x00, 0x00, 0x00, 0x00, 0x21,
	0x01, 0x34, 0x00, 0x00, 0x00, 0x06, 0x01, 0xd4,
	0x0b, 0x00, 0x00, 0x22, 0x20, 0xb7, 0x26, 0x00,
	0x00, 0x23, 0x00, 0x00, 0x00, 0x07, 0x00, 0x12,
	0x00, 0x3c, 0x27, 0x00, 0x00, 0x38, 0x00, 0x67,
	0x41, 0x43, 0x54, 0x49, 0x56, 0x45, 0x00, 0x23,
	0x00, 0x05, 0x00, 0x03, 0x00, 0x00, 0x00, 0x00,
	0x55, 0x00, 0x0a, 0x00, 0x28, 0x00, 0x00, 0x00,
	0x07, 0x00, 0x12, 0x00, 0x64, 0x27, 0x00, 0x00,
	0x38, 0x00, 0x47, 0x73, 0x57, 0x53, 0x4d, 0x41,
	0x54, 0x52, 0x49, 0x58, 0x00, 0x23, 0x00, 0x05,
	0x00, 0x03, 0x00, 0x00, 0x00, 0x00, 0x72, 0x00,
	0xb2, 0x01, 0x00, 0x00, 0xb3, 0x00, 0x00, 0x00,
	0x14, 0x00, 0x12, 0x00, 0x10, 0x29, 0x00, 0x00,
	0x38, 0x00, 0x44, 0x6f, 0x4f, 0x41, 0x5f, 0x5f,
	0x64, 0x72, 0x61, 0x77, 0x4d, 0x6f, 0x64, 0x65,
	0x6c, 0x00, 0x11, 0x01, 0x00, 0x00, 0x00, 0x00,
	0x21, 0x01, 0xcc, 0x01, 0x00, 0x00, 0x06, 0x01,
	0x36, 0x0c, 0x00, 0x00, 0x43, 0x20, 0x0c, 0x00,
	0x02, 0x1d, 0x00, 0x00, 0x00, 0x04, 0x10, 0x00,
	0x00, 0x00, 0x07, 0x06, 0x53, 0x20, 0x0c, 0x00,
	0x02, 0x1d, 0x00, 0x00, 0x00, 0x04, 0x14, 0x00,
	0x00, 0x00, 0x07, 0x06, 0x63, 0x20, 0x0c, 0x00,
	0x02, 0x1d, 0x00, 0x00, 0x00, 0x04, 0x18, 0x00,
	0x00, 0x00, 0x07, 0x06, 0x73, 0x20, 0x0c, 0x00,
	0x02, 0x1d, 0x00, 0x00, 0x00, 0x04, 0x1c, 0x00,
	0x00, 0x00, 0x07, 0x06, 0xa3, 0x02, 0x0c, 0x00,
	0x02, 0x1d, 0x00, 0x00, 0x00, 0x04, 0x20, 0x00,
	0x00, 0x00, 0x07, 0x06, 0x13, 0x20, 0x0b, 0x00,
	0x01, 0x1d, 0x00, 0x00, 0x00, 0x04, 0x48, 0x00,
	0x00, 0x00, 0x07, 0x22, 0x20, 0x0d, 0x1b, 0x00,
	0x00, 0x22, 0x20, 0xb7, 0x26, 0x00, 0x00, 0x22,
	0x20, 0x19, 0x27, 0x00,
};

EfeFlashBuffer EVL_D_800677B0 = {
	{
		{
			{ 0x2200, 0x3c20, 0x0027, 0x2200 },
			0x9920,
			0x0017,
			0x2200,
			0xac20,
			0x000e,
			0x2700,
			0x0000,
			0x0500,
			0x1200,
			0x3e00,
			0x38000028,
			0x646f6d00,
			0x6c65,
			0x0070,
		},
		{
			{ 0x0023, 0x0005, 0x1201, 0x0000 },
			0x8300,
			0x0500,
			0x0100,
			0x0b65,
			0x0000,
			0x001f,
			0x0000,
			0x0005,
			0x0012,
			0x285d,
			0x00380000,
			0x007a746f,
			0x0023,
			0x0005,
		},
		{
			{ 0x1001, 0x0000, 0x5500, 0x0a00 },
			0x1e00,
			0x0000,
			0x0c00,
			0x1200,
			0x7b00,
			0x0028,
			0x3800,
			0x6e00,
			0x006f,
			0x0023,
			0x03010005,
			0x55000000,
			0x0a00,
			0x2100,
		},
		{
			{ 0x0000, 0x0c00, 0x1200, 0x9c00 },
			0x0028,
			0x3800,
			0x6e00,
			0x6170,
			0x7472,
			0x2300,
			0x0500,
			0x0100,
			0x0013,
			0x0000,
			0x00070055,
			0x00000021,
			0x000c,
			0x0012,
		},
		{
			{ 0x28bd, 0x0000, 0x0038, 0x5f70 },
			0x6e63,
			0x0074,
			0x0023,
			0x0005,
			0x1101,
			0x0000,
			0x5500,
			0x0700,
			0x2900,
			0x0000,
			0x12000c00,
			0x0028e600,
			0x3800,
			0x7400,
		},
		{
			{ 0x6d65, 0x4d70, 0x2300, 0x0b00 },
			0x0200,
			0x001d,
			0x0000,
			0x2804,
			0x0000,
			0x0700,
			0x0072,
			0x01b2,
			0x0000,
			0x0026,
			0x000c0000,
			0x290c0012,
			0x0000,
			0x0038,
		},
		{
			{ 0x6170, 0x7472, 0x0070, 0x0023 },
			0x0005,
			0x1001,
			0x0000,
			0x8300,
			0x0500,
			0x0100,
			0x0559,
			0x0000,
			0x0004,
			0x0000,
			0x00000032,
			0x0012000c,
			0x2942,
			0x0000,
		},
		{
			{ 0x0038, 0x4667, 0x414c, 0x5f47 },
			0x645f,
			0x7369,
			0x4d70,
			0x5341,
			0x5f4b,
			0x7665,
			0x6c6f,
			0x6576,
			0x2300,
			0x0500,
			0x00000300,
			0x00550000,
			0x0001,
			0x0020,
		},
		{
			{ 0x0000, 0x0001, 0x0012, 0x2962 },
			0x0000,
			0x00a3,
			0x0010,
			0x0a00,
			0x0000,
			0x0000,
			0x0900,
			0x0000,
			0x0800,
			0x0055,
			0x00300001,
			0x000c0000,
			0x0012,
			0x2992,
		},
		{
			{ 0x0000, 0x0038, 0x6154, 0x6c62 },
			0x5f65,
			0x4f4d,
			0x4544,
			0x764c,
			0x7369,
			0x6269,
			0x656c,
			0x2300,
			0x0500,
			0x0300,
			0x00000000,
			0x29420072,
			0x0000,
			0x0020,
		},
		{
			{ 0x0000, 0x0001, 0x0012, 0x29b2 },
			0x0000,
			0x00a3,
			0x0010,
			0x0a00,
			0x0000,
			0x0000,
			0x0300,
			0x0000,
			0x0800,
			0x0055,
			0x00200003,
			0x00010000,
			0x0012,
			0x29d2,
		},
		{
			{ 0x0000, 0x00a3, 0x0010, 0x0a00 },
			0x0000,
			0x0000,
			0x0300,
			0x0000,
			0x0800,
			0x0055,
			0x0003,
			0x0012,
			0x0000,
			0x0013,
			0x2bf20012,
			0x00b60000,
			0x0020,
			0x0000,
		},
	},
	0x00000024,
};

int16_t EVL_D_80067994[40] = {
	0x000d, 0x0012, 0x2a08, 0x0000, 0x0038, 0x666f, 0x6566, 0x736e,
	0x0065, 0x0055, 0x0004, 0x0023, 0x0006, 0x0004, 0x0000, 0x0700,
	0x0024, 0x0000, 0x000d, 0x0012, 0x2a2c, 0x0000, 0x0038, 0x6564,
	0x6566, 0x736e, 0x0065, 0x0055, 0x0004, 0x0023, 0x0006, 0x0204,
	0x0000, 0x0700, 0x0022, 0x0000, 0x000d, 0x0012, 0x2a4e, 0x0000,
};

u_long EVL_D_800679E4[961] = {
	0x70730038, 0x00646565, 0x00040055, 0x00060023,
	0x00000404, 0x00210700, 0x000d0000, 0x2a6f0012,
	0x00380000, 0x65736977, 0x04005500, 0x06002300,
	0x00060400, 0x27070000, 0x0d000000, 0x96001200,
	0x3800002a, 0x7a617700, 0x6f725061, 0x00720062,
	0x00002992, 0x00060023, 0x00000804, 0x00270700,
	0x000d0000, 0x2abd0012, 0x00380000, 0x617a6177,
	0x7473694c, 0xb2007200, 0x23000029, 0x04000600,
	0x0000000c, 0x00002207, 0x12000d00, 0x002adf00,
	0x6d003800, 0x70687861, 0x04005500, 0x06002300,
	0x00100400, 0x22070000, 0x0d000000, 0x01001200,
	0x3800002b, 0x78616d00, 0x5500706d, 0x23000400,
	0x04000600, 0x00000012, 0x00001f07, 0x12000d00,
	0x002b2000, 0x68003800, 0x00550070, 0x00230004,
	0x14040006, 0x07000000, 0x0000001f, 0x0012000d,
	0x00002b3f, 0x706d0038, 0x04005500, 0x06002300,
	0x00160400, 0x21070000, 0x0d000000, 0x60001200,
	0x3800002b, 0x7a617700, 0x00550061, 0x00230004,
	0x18040006, 0x07000000, 0x00000022, 0x0012000d,
	0x00002b82, 0x6e690038, 0x00786564, 0x00010055,
	0x00060023, 0x00001a04, 0x00210700, 0x000d0000,
	0x2ba30012, 0x00380000, 0x67616c66, 0x01005500,
	0x06002300, 0x001b0400, 0x25070000, 0x0d000000,
	0xc8001200, 0x3800002b, 0x756f7300, 0x695f646e,
	0x00550064, 0x00230004, 0x1c040006, 0x07000000,
	0x00000026, 0x0012000d, 0x00002bee, 0x68740038,
	0x546b6e69, 0x00657079, 0x00030055, 0x00060023,
	0x00001e04, 0x00040700, 0x00200000, 0x00010000,
	0x2c120012, 0x00a30000, 0x0a000010, 0x00000000,
	0x00000300, 0x00550800, 0x0020000a, 0x00010000,
	0x2c320012, 0x00a30000, 0x0a000010, 0x00000000,
	0x00001300, 0x00550800, 0x00120001, 0x00130000,
	0x2cfd0012, 0x00b60000, 0x00000080, 0x00000024,
	0x0012000d, 0x00002c68, 0x6f6d0038, 0x006c6564,
	0x0b650072, 0x00230000, 0x00040006, 0x07000000,
	0x00000024, 0x0012000d, 0x00002c8c, 0x61700038,
	0x006d6172, 0x29d20072, 0x00230000, 0x38040006,
	0x07000000, 0x00000029, 0x0012000d, 0x00002cb5,
	0x61770038, 0x614d617a, 0x72657473, 0xf2007200,
	0x2300002b, 0x04000600, 0x00000058, 0x00002307,
	0x12000d00, 0x002cd800, 0x6e003800, 0x00656d61,
	0x2c120072, 0x00230000, 0x68040006, 0x07000000,
	0x00000021, 0x0012000d, 0x00002cf9, 0x696c0038,
	0x55006566, 0x23000100, 0x04000600, 0x0000007c,
	0x00000407, 0x00002600, 0x12000700, 0x002d2300,
	0x67003800, 0x54524150, 0x0052454e, 0x00050023,
	0x00000003, 0x32007200, 0x5700002c, 0x14000000,
	0xbb001200, 0x3800002d, 0x696c6600, 0x72645f70,
	0x4f4d7761, 0x5f4c4544, 0x70657845, 0x726f4674,
	0x74726150, 0x0072656e, 0x00000111, 0x01210000,
	0x000000ec, 0x0d380106, 0x20220000, 0x00002962,
	0x2cfd2022, 0x20220000, 0x00000eac, 0x29102022,
	0x00200000, 0x00050000, 0x2d9a0012, 0x00380000,
	0x67616c66, 0x05002300, 0x00040100, 0x00550000,
	0x001d000a, 0x000c0000, 0x2db70012, 0x00380000,
	0x00230069, 0x04010005, 0x55000000, 0x04000a00,
	0x68000000, 0x14000000, 0x2d001200, 0x38000030,
	0x74656700, 0x756c635f, 0x01110074, 0x00000000,
	0x00840121, 0x01060000, 0x00000df4, 0x000c2043,
	0x00001d02, 0x00100400, 0x06070000, 0x000c2053,
	0x00001d02, 0x00140400, 0x06070000, 0x000c02a3,
	0x00001d02, 0x00180400, 0x06070000, 0x000b2013,
	0x00001d01, 0x00280400, 0x21070000, 0x05000000,
	0x44001200, 0x3800002e, 0x6f5f7000, 0x23007475,
	0x01000500, 0x00000010, 0x000a0055, 0x00000027,
	0x00120005, 0x00002e6b, 0x6f6d0038, 0x706c6564,
	0x05002300, 0x00110100, 0x00830000, 0x65010005,
	0x2800000b, 0x0c000000, 0x93001200, 0x3800002e,
	0x6d697400, 0x00230052, 0x1d02000b, 0x04000000,
	0x00000020, 0xfa007207, 0x1200000e, 0x13000000,
	0x03001200, 0xb6000030, 0x00001c00, 0x00002200,
	0x12000d00, 0x002ec700, 0x63003800, 0x746e756f,
	0x0c005500, 0x06002300, 0x00000400, 0x24070000,
	0x0d000000, 0xeb001200, 0x3800002e, 0x646d7400,
	0x00630070, 0x0c010003, 0x06002300, 0x00040400,
	0x24070000, 0x0d000000, 0x0f001200, 0x3800002f,
	0x6e746d00, 0x00630070, 0x0c010003, 0x06002300,
	0x00080400, 0x24070000, 0x0d000000, 0x33001200,
	0x3800002f, 0x646d6d00, 0x00630070, 0x0c010003,
	0x06002300, 0x000c0400, 0x22070000, 0x0d000000,
	0x55001200, 0x3800002f, 0x61707400, 0x55006567,
	0x23000600, 0x04000600, 0x00000010, 0x00002107,
	0x12000d00, 0x002f7600, 0x63003800, 0x0074756c,
	0x00060055, 0x00060023, 0x00001204, 0x00220700,
	0x000d0000, 0x2f980012, 0x00380000, 0x5f786574,
	0x00550075, 0x00230003, 0x14040006, 0x07000000,
	0x00000022, 0x0012000d, 0x00002fba, 0x65740038,
	0x00765f78, 0x00030055, 0x00060023, 0x00001504,
	0x00210700, 0x000d0000, 0x2fdb0012, 0x00380000,
	0x61657261, 0x04005500, 0x06002300, 0x00160400,
	0x24070000, 0x0d000000, 0xff001200, 0x3800002f,
	0x646f6d00, 0x44496c65, 0x04005500, 0x06002300,
	0x00180400, 0x04070000, 0x26000000, 0x0c000000,
	0x29001200, 0x38000030, 0x696d6d00, 0x23007066,
	0x01000500, 0x00000002, 0x00050083, 0x002e9301,
	0x00000400, 0x0000c800, 0x12001400, 0x00332100,
	0x73003800, 0x635f7465, 0x0074756c, 0x00000111,
	0x01210000, 0x0000033c, 0x0e560106, 0x20430000,
	0x1d02000c, 0x04000000, 0x00000010, 0x20530607,
	0x1d02000c, 0x04000000, 0x00000014, 0x20630607,
	0x1d02000c, 0x04000000, 0x00000018, 0x20730607,
	0x1d02000c, 0x04000000, 0x0000001c, 0x20830607,
	0x1d02000c, 0x04000000, 0x00000020, 0x20930607,
	0x1d02000c, 0x04000000, 0x00000024, 0x20a30607,
	0x1d02000c, 0x04000000, 0x00000028, 0x20b30607,
	0x1d02000c, 0x04000000, 0x0000002c, 0x02a30607,
	0x1d02000c, 0x04000000, 0x00000030, 0x20130607,
	0x1d01000b, 0x04000000, 0x00000040, 0x00002107,
	0x12000500, 0x00311600, 0x70003800, 0x74756f5f,
	0x05002300, 0x00170100, 0x00550000, 0x0027000a,
	0x00050000, 0x313d0012, 0x00380000, 0x65646f6d,
	0x2300706c, 0x01000500, 0x00000010, 0x00050083,
	0x000b6501, 0x00002400, 0x12000500, 0x00316100,
	0x70003800, 0x6675625f, 0x05002300, 0x00110100,
	0x00630000, 0x04010003, 0x00001e00, 0x12000500,
	0x00317f00, 0x46003800, 0x00230073, 0x15010005,
	0x55000000, 0x1e000a00, 0x05000000, 0x9d001200,
	0x38000031, 0x00654600, 0x00050023, 0x00001601,
	0x0a005500, 0x00002100, 0x12000500, 0x0031be00,
	0x66003800, 0x656d616c, 0x05002300, 0x00140100,
	0x00550000, 0x0020000a, 0x000c0000, 0x31de0012,
	0x00380000, 0x00230070, 0xff010005, 0x63000000,
	0x01000300, 0x00200004, 0x000c0000, 0x31fe0012,
	0x00380000, 0x78616d42, 0x05002300, 0x00ff0100,
	0x00550000, 0x00200004, 0x000c0000, 0x321e0012,
	0x00380000, 0x78616d47, 0x05002300, 0x00ff0100,
	0x00550000, 0x00200004, 0x000c0000, 0x323e0012,
	0x00380000, 0x78616d52, 0x05002300, 0x00ff0100,
	0x00550000, 0x001d0004, 0x000c0000, 0x325b0012,
	0x00380000, 0x00230046, 0x0a010005, 0x55000000,
	0x1d000400, 0x0c000000, 0x78001200, 0x38000032,
	0x23004200, 0x01000500, 0x00000009, 0x00040055,
	0x0000001d, 0x0012000c, 0x00003295, 0x00470038,
	0x00050023, 0x00000801, 0x04005500, 0x00001d00,
	0x12000c00, 0x0032b200, 0x52003800, 0x05002300,
	0x00070100, 0x00550000, 0x001d0004, 0x000c0000,
	0x32cf0012, 0x00380000, 0x00230069, 0x05010005,
	0x55000000, 0x28000a00, 0x0c000000, 0xf7001200,
	0x38000032, 0x6d697400, 0x00230052, 0x1d02000b,
	0x04000000, 0x00000038, 0xfa007207, 0x2600000e,
	0x0c000000, 0x1d001200, 0x38000033, 0x696d6d00,
	0x23007066, 0x01000500, 0x00000010, 0x00050083,
	0x002e9301, 0x00000400, 0x00002900, 0x12000c00,
	0x00334a00, 0x67003800, 0x4c5f7352, 0x77454649,
	0x2300646e, 0x03000500, 0x00000000, 0x0efa0072,
	0x00280000, 0x000c0000, 0x33720012, 0x00380000,
	0x77617264, 0x46494c5f, 0x646e7745, 0x05002300,
	0x00000300, 0x00550000, 0x00280014, 0x000c0000,
	0x339a0012, 0x00380000, 0x65766f6d, 0x46494c5f,
	0x646e7745, 0x05002300, 0x00000300, 0x00550000,
	0x00120014, 0x00130000, 0x341d0012, 0x00b60000,
	0x00000008, 0x00000022, 0x0012000d, 0x000033ce,
	0x6f630038, 0x00746e75, 0x00040055, 0x00060023,
	0x00000004, 0x00230700, 0x000d0000, 0x33f10012,
	0x00380000, 0x74617473, 0x55007375, 0x23000400,
	0x04000600, 0x00000002, 0x00002807, 0x12000d00,
	0x00341900, 0x6d003800, 0x6c65646f, 0x00830070,
	0x65010005, 0x2300000b, 0x04000600, 0x00000004,
	0x00000407, 0x00002b00, 0x12000c00, 0x00344800,
	0x67003800, 0x4f464e49, 0x46494c5f, 0x646e7745,
	0x05002300, 0x00000300, 0x00720000, 0x0000339a,
	0x00000072, 0x00120014, 0x00003534, 0x72630038,
	0x65746165, 0x46494c5f, 0x646e7745, 0x00011100,
	0x21000000, 0x00010001, 0xb6010600, 0xa3000010,
	0x02000c02, 0x0000001d, 0x00002004, 0x13060700,
	0x01000b20, 0x0000001d, 0x00003804, 0x20220700,
	0x00003321, 0x334a2022, 0x20220000, 0x00003372,
	0x1b362022, 0x20220000, 0x00001b5b, 0x341d2022,
	0x00270000, 0x00050000, 0x34e10012, 0x00380000,
	0x65646f6d, 0x2300706c, 0x01000500, 0x00000004,
	0x00050083, 0x000b6501, 0x00002900, 0x12000c00,
	0x00350a00, 0x74003800, 0x736e6172, 0x0b002300,
	0x001d0200, 0x30040000, 0x07000000, 0x029b0072,
	0x00260000, 0x000c0000, 0x35300012, 0x00380000,
	0x23007372, 0x02000b00, 0x0000001d, 0x00002804,
	0x00720700, 0x00000efa, 0x00000004, 0x0000002e,
	0x00120014, 0x00003562, 0x65720038, 0x5f746573,
	0x4546494c, 0x00646e77, 0x00000111, 0x01210000,
	0x00000008, 0x11720106, 0x00600000, 0x00140000,
	0x363c0012, 0x00380000, 0x65736572, 0x4c5f3274,
	0x77454649, 0x1100646e, 0x00000001, 0xd0012100,
	0x06000000, 0x0011a201, 0x0c02a300, 0x001d0200,
	0x10040000, 0x07000000, 0x0b201306, 0x001d0100,
	0x28040000, 0x07000000, 0x1b362022, 0x20220000,
	0x00001b5b, 0x341d2022, 0x00290000, 0x000c0000,
	0x35eb0012, 0x00380000, 0x6e617274, 0x00230073,
	0x1d02000b, 0x04000000, 0x00000020, 0x9b007207,
	0x27000002, 0x0c000000, 0x12001200, 0x38000036,
	0x646f6d00, 0x00706c65, 0x00050023, 0x00000301,
	0x05008300, 0x0b650100, 0x00260000, 0x000c0000,
	0x36380012, 0x00380000, 0x23007372, 0x02000b00,
	0x0000001d, 0x00001804, 0x00720700, 0x00000efa,
	0x00000004, 0x00000033, 0x00120014, 0x00003699,
	0x6f6d0038, 0x4c5f6576, 0x77454649, 0x1100646e,
	0x00000001, 0x78012100, 0x06000000, 0x00124001,
	0x1d202200, 0x26000034, 0x0c000000, 0x95001200,
	0x38000036, 0x6e497000, 0x23006f66, 0x01000500,
	0x00000003, 0x00050083, 0x00339a01, 0x00000400,
	0x00001200, 0x12001300, 0x0038ea00, 0x2400b600,
	0x26000000, 0x0d000000, 0xd1001200, 0x38000036,
	0x74746100, 0x75626972, 0x55006574, 0x23000c00,
	0x04000600, 0x00000000, 0x00001e07, 0x12000d00,
	0x0036ef00, 0x78003800, 0x04005500, 0x06002300,
	0x00040400, 0x1e070000, 0x0d000000, 0x0d001200,
	0x38000037, 0x55007900, 0x23000400, 0x04000600,
	0x00000006, 0x00001e07, 0x12000d00, 0x00372b00,
	0x77003800, 0x06005500, 0x06002300, 0x00080400,
	0x1e070000, 0x0d000000, 0x49001200, 0x38000037,
	0x55006800, 0x23000600, 0x04000600, 0x0000000a,
	0x00002207, 0x12000d00, 0x00376b00, 0x74003800,
	0x65676170, 0x06005500, 0x06002300, 0x000c0400,
	0x1e070000, 0x0d000000, 0x89001200, 0x38000037,
	0x55007500, 0x23000300, 0x04000600, 0x0000000e,
	0x00001e07, 0x12000d00, 0x0037a700, 0x76003800,
	0x03005500, 0x06002300, 0x000f0400, 0x1f070000,
	0x0d000000, 0xc6001200, 0x38000037, 0x00786300,
	0x00040055, 0x00060023, 0x00001004, 0x001f0700,
	0x000d0000, 0x37e50012, 0x00380000, 0x55007963,
	0x23000400, 0x04000600, 0x00000012, 0x00001e07,
	0x12000d00, 0x00380300, 0x72003800, 0x03005500,
	0x06002300, 0x00140400, 0x1e070000, 0x0d000000,
	0x21001200, 0x38000038, 0x55006700, 0x23000300,
	0x04000600, 0x00000015, 0x00001e07, 0x12000d00,
	0x00383f00, 0x62003800, 0x03005500, 0x06002300,
	0x00160400, 0x1f070000, 0x0d000000, 0x5e001200,
	0x38000038, 0x00786d00, 0x00040055, 0x00060023,
	0x00001804, 0x001f0700, 0x000d0000, 0x387d0012,
	0x00380000, 0x5500796d, 0x23000400, 0x04000600,
	0x0000001a, 0x00002307, 0x12000d00, 0x0038a000,
	0x73003800, 0x656c6163, 0x00550078, 0x00230004,
	0x1c040006, 0x07000000, 0x00000023, 0x0012000d,
	0x000038c3, 0x63730038, 0x79656c61, 0x04005500,
	0x06002300, 0x001e0400, 0x23070000, 0x0d000000,
	0xe6001200, 0x38000038, 0x746f7200, 0x00657461,
	0x000a0055, 0x00060023, 0x00002004, 0x00040700,
	0x00270000, 0x000c0000, 0x39110012, 0x00380000,
	0x50534767, 0x46494c5f, 0x00230045, 0x00030005,
	0x72000000, 0x00369900, 0x00002800, 0x12000c00,
	0x00393900, 0x67003800, 0x5f505347, 0x52414548,
	0x00230054, 0x00030005, 0x72000000, 0x00369900,
	0x00002c00,
};

GsRVIEW2 EVL_D_800688E8 = {
	0x12000c00,
	0x00396500,
	0x67003800,
	0x5f505347,
	0x52414548,
	0x6b617754,
	0x00230075,
	(GsCOORDINATE2 *)0x00030005,
};

int32_t EVL_D_80068908[4] = {
	0x72000000, 0x00369900, 0x0000ba00, 0x12001400,
};

GsRVIEW2 EVL_D_80068918 = {
	0x003acc00,
	0x64003800,
	0x5f776172,
	0x4546494c,
	0x00646e77,
	0x00000111,
	0x01210000,
	(GsCOORDINATE2 *)0x000001cc,
};

int8_t EVL_D_80068938[12] = {
	0x06, 0x01, 0xb6, 0x12, 0x00, 0x00, 0x43, 0x20,
	0x0c, 0x00, 0x02, 0x1d,
};

EvlParticle EVL_D_80068944[100] = {
	{
		0x04000000,
		{ 0x0010, 0x0000, 0x0607, 0x2053 },
		0x0c,
		0x00,
		0x02,
		0x1d,
	},
	{
		0x04000000,
		{ 0x0014, 0x0000, 0x0607, 0x2063 },
		0x0c,
		0x00,
		0x02,
		0x1d,
	},
	{
		0x04000000,
		{ 0x0018, 0x0000, 0x0607, 0x2073 },
		0x0c,
		0x00,
		0x02,
		0x1d,
	},
	{
		0x04000000,
		{ 0x001c, 0x0000, 0x0607, 0x2083 },
		0x0c,
		0x00,
		0x02,
		0x1d,
	},
	{
		0x04000000,
		{ 0x0020, 0x0000, 0x0607, 0x02a3 },
		0x0c,
		0x00,
		0x02,
		0x1d,
	},
	{
		0x04000000,
		{ 0x0024, 0x0000, 0x0607, 0x2013 },
		0x0b,
		0x00,
		0x01,
		0x1d,
	},
	{
		0x04000000,
		{ 0x0028, 0x0000, 0x2207, 0x0d20 },
		0x1b,
		0x00,
		0x00,
		0x22,
	},
	{
		0x00393920,
		{ 0x2200, 0x1120, 0x0039, 0x2200 },
		0x20,
		0xea,
		0x38,
		0x00,
	},
	{
		0x1d202200,
		{ 0x0034, 0x2000, 0x0000, 0x0500 },
		0x00,
		0x12,
		0x00,
		0x3f,
	},
	{
		0x3800003a,
		{ 0x6800, 0x6e57, 0x0064, 0x0023 },
		0x05,
		0x00,
		0x01,
		0x04,
	},
	{
		0x55000000,
		{ 0x0400, 0x2700, 0x0000, 0x0c00 },
		0x00,
		0x12,
		0x00,
		0x66,
	},
	{
		0x3800003a,
		{ 0x6d00, 0x646f, 0x6c65, 0x0070 },
		0x23,
		0x00,
		0x05,
		0x00,
	},
	{
		0x00001401,
		{ 0x8300, 0x0500, 0x0100, 0x0b65 },
		0x00,
		0x00,
		0x1d,
		0x00,
	},
	{
		0x000c0000,
		{ 0x0012, 0x3a83, 0x0000, 0x0038 },
		0x69,
		0x00,
		0x23,
		0x00,
	},
	{
		0x10010005,
		{ 0x0000, 0x5500, 0x0a00, 0x1f00 },
		0x00,
		0x00,
		0x00,
		0x0c,
	},
	{
		0xa2001200,
		{ 0x003a, 0x3800, 0x6f00, 0x7a74 },
		0x00,
		0x23,
		0x00,
		0x05,
	},
	{
		0x00130100,
		{ 0x0000, 0x0055, 0x000a, 0x0026 },
		0x00,
		0x00,
		0x0c,
		0x00,
	},
	{
		0x3ac80012,
		{ 0x0000, 0x0038, 0x4970, 0x666e },
		0x6f,
		0x00,
		0x23,
		0x00,
	},
	{
		0x12010005,
		{ 0x0000, 0x8300, 0x0500, 0x0100 },
		0x9a,
		0x33,
		0x00,
		0x00,
	},
	{
		0x00000004,
		{ 0x0025, 0x0000, 0x0001, 0x0012 },
		0xf1,
		0x3a,
		0x00,
		0x00,
	},
	{
		0x001500a3,
		{ 0x0a00, 0x0000, 0x0000, 0x0100 },
		0x00,
		0x00,
		0x00,
		0x08,
	},
	{
		0x00050083,
		{ 0xdd01, 0x0019, 0x2b00, 0x0000 },
		0x00,
		0x0c,
		0x00,
		0x12,
	},
	{
		0x003b1c00,
		{ 0x3800, 0x6700, 0x6f44, 0x414f },
		0x5f,
		0x5f,
		0x4f,
		0x54,
	},
	{
		0x4741545f,
		{ 0x2300, 0x0500, 0x0300, 0x0000 },
		0x00,
		0x00,
		0x72,
		0x00,
	},
	{
		0x00003acc,
		{ 0x0004, 0x0000, 0x0008, 0x0000 },
		0x02,
		0x01,
		0x00,
		0x00,
	},
	{
		0x00000055,
		{ 0x0302, 0x0000, 0x005b, 0x0000 },
		0x0e,
		0x03,
		0x00,
		0x00,
	},
	{
		0x00000061,
		{ 0x0202, 0x0000, 0x006d, 0x0000 },
		0x02,
		0x01,
		0x00,
		0x00,
	},
	{
		0x00000088,
		{ 0x0402, 0x0000, 0x0098, 0x0000 },
		0x02,
		0x01,
		0x00,
		0x00,
	},
	{
		0x000000b8,
		{ 0x0102, 0x0000, 0x00d8, 0x0000 },
		0x02,
		0x01,
		0x00,
		0x00,
	},
	{
		0x000000f4,
		{ 0x0602, 0x0000, 0x00fa, 0x0000 },
		0x02,
		0x01,
		0x00,
		0x00,
	},
	{
		0x00000106,
		{ 0x0102, 0x0000, 0x011e, 0x0000 },
		0x02,
		0x07,
		0x00,
		0x00,
	},
	{
		0x0000012e,
		{ 0x0102, 0x0000, 0x0148, 0x0000 },
		0x02,
		0x08,
		0x00,
		0x00,
	},
	{
		0x00000158,
		{ 0x0102, 0x0000, 0x0178, 0x0000 },
		0x02,
		0x01,
		0x00,
		0x00,
	},
	{
		0x0000018e,
		{ 0x0102, 0x0000, 0x019a, 0x0000 },
		0x02,
		0x01,
		0x00,
		0x00,
	},
	{
		0x000001ba,
		{ 0x0102, 0x0000, 0x01cc, 0x0000 },
		0x02,
		0x01,
		0x00,
		0x00,
	},
	{
		0x000001d6,
		{ 0x0102, 0x0000, 0x01ec, 0x0000 },
		0x02,
		0x01,
		0x00,
		0x00,
	},
	{
		0x000001f6,
		{ 0x0102, 0x0000, 0x0210, 0x0000 },
		0x02,
		0x01,
		0x00,
		0x00,
	},
	{
		0x00000222,
		{ 0x0102, 0x0000, 0x0241, 0x0000 },
		0x02,
		0x01,
		0x00,
		0x00,
	},
	{
		0x00000260,
		{ 0x0102, 0x0000, 0x027f, 0x0000 },
		0x02,
		0x01,
		0x00,
		0x00,
	},
	{
		0x000002a3,
		{ 0x0102, 0x0000, 0x02b5, 0x0000 },
		0x02,
		0x01,
		0x00,
		0x00,
	},
	{
		0x000002d4,
		{ 0x0102, 0x0000, 0x02f3, 0x0000 },
		0x02,
		0x01,
		0x00,
		0x00,
	},
	{
		0x00000312,
		{ 0x0102, 0x0000, 0x0336, 0x0000 },
		0x02,
		0x01,
		0x00,
		0x00,
	},
	{
		0x00000348,
		{ 0x0102, 0x0000, 0x0356, 0x0000 },
		0x02,
		0x01,
		0x00,
		0x00,
	},
	{
		0x0000036c,
		{ 0x0102, 0x0000, 0x037b, 0x0000 },
		0x02,
		0x01,
		0x00,
		0x00,
	},
	{
		0x00000391,
		{ 0x0102, 0x0000, 0x039f, 0x0000 },
		0x02,
		0x01,
		0x00,
		0x00,
	},
	{
		0x000003b9,
		{ 0x0102, 0x0000, 0x03dc, 0x0000 },
		0x02,
		0x01,
		0x00,
		0x00,
	},
	{
		0x000003fc,
		{ 0x0102, 0x0000, 0x040a, 0x0000 },
		0x02,
		0x01,
		0x00,
		0x00,
	},
	{
		0x00000420,
		{ 0x0102, 0x0000, 0x042e, 0x0000 },
		0x02,
		0x01,
		0x00,
		0x00,
	},
	{
		0x00000444,
		{ 0x0102, 0x0000, 0x0455, 0x0000 },
		0x02,
		0x01,
		0x00,
		0x00,
	},
	{
		0x0000046b,
		{ 0x0102, 0x0000, 0x047c, 0x0000 },
		0x02,
		0x01,
		0x00,
		0x00,
	},
	{
		0x00000492,
		{ 0x0102, 0x0000, 0x04a1, 0x0000 },
		0x02,
		0x01,
		0x00,
		0x00,
	},
	{
		0x000004bb,
		{ 0x0102, 0x0000, 0x04cd, 0x0000 },
		0x02,
		0x01,
		0x00,
		0x00,
	},
	{
		0x000004f3,
		{ 0x0102, 0x0000, 0x0505, 0x0000 },
		0x02,
		0x01,
		0x00,
		0x00,
	},
	{
		0x0000051b,
		{ 0x0102, 0x0000, 0x053e, 0x0000 },
		0x02,
		0x01,
		0x00,
		0x00,
	},
	{
		0x00000561,
		{ 0x0102, 0x0000, 0x0573, 0x0000 },
		0x02,
		0x01,
		0x00,
		0x00,
	},
	{
		0x00000582,
		{ 0x0102, 0x0000, 0x0598, 0x0000 },
		0x02,
		0x01,
		0x00,
		0x00,
	},
	{
		0x000005a6,
		{ 0x0102, 0x0000, 0x05bc, 0x0000 },
		0x02,
		0x01,
		0x00,
		0x00,
	},
	{
		0x000005ca,
		{ 0x0102, 0x0000, 0x05e0, 0x0000 },
		0x02,
		0x01,
		0x00,
		0x00,
	},
	{
		0x000005ee,
		{ 0x0102, 0x0000, 0x0604, 0x0000 },
		0x02,
		0x01,
		0x00,
		0x00,
	},
	{
		0x00000612,
		{ 0x0102, 0x0000, 0x062c, 0x0000 },
		0x02,
		0x01,
		0x00,
		0x00,
	},
	{
		0x0000063e,
		{ 0x0102, 0x0000, 0x065c, 0x0000 },
		0x02,
		0x01,
		0x00,
		0x00,
	},
	{
		0x0000067a,
		{ 0x0102, 0x0000, 0x069c, 0x0000 },
		0x02,
		0x01,
		0x00,
		0x00,
	},
	{
		0x000006ae,
		{ 0x0102, 0x0000, 0x06cc, 0x0000 },
		0x02,
		0x01,
		0x00,
		0x00,
	},
	{
		0x000006ea,
		{ 0x0102, 0x0000, 0x070c, 0x0000 },
		0x02,
		0x01,
		0x00,
		0x00,
	},
	{
		0x0000071e,
		{ 0x0102, 0x0000, 0x0730, 0x0000 },
		0x02,
		0x01,
		0x00,
		0x00,
	},
	{
		0x00000746,
		{ 0x0102, 0x0000, 0x0756, 0x0000 },
		0x02,
		0x01,
		0x00,
		0x00,
	},
	{
		0x0000076c,
		{ 0x0102, 0x0000, 0x077c, 0x0000 },
		0x02,
		0x01,
		0x00,
		0x00,
	},
	{
		0x00000792,
		{ 0x0102, 0x0000, 0x07a4, 0x0000 },
		0x02,
		0x01,
		0x00,
		0x00,
	},
	{
		0x000007ba,
		{ 0x0102, 0x0000, 0x07ca, 0x0000 },
		0x02,
		0x01,
		0x00,
		0x00,
	},
	{
		0x000007e0,
		{ 0x0102, 0x0000, 0x07f0, 0x0000 },
		0x02,
		0x01,
		0x00,
		0x00,
	},
	{
		0x00000806,
		{ 0x0102, 0x0000, 0x0817, 0x0000 },
		0x02,
		0x01,
		0x00,
		0x00,
	},
	{
		0x0000082d,
		{ 0x0102, 0x0000, 0x083c, 0x0000 },
		0x02,
		0x01,
		0x00,
		0x00,
	},
	{
		0x00000852,
		{ 0x0102, 0x0000, 0x0861, 0x0000 },
		0x02,
		0x01,
		0x00,
		0x00,
	},
	{
		0x00000877,
		{ 0x0102, 0x0000, 0x0889, 0x0000 },
		0x02,
		0x01,
		0x00,
		0x00,
	},
	{
		0x0000089f,
		{ 0x0102, 0x0000, 0x08af, 0x0000 },
		0x02,
		0x01,
		0x00,
		0x00,
	},
	{
		0x000008c5,
		{ 0x0102, 0x0000, 0x08d5, 0x0000 },
		0x02,
		0x01,
		0x00,
		0x00,
	},
	{
		0x000008eb,
		{ 0x0102, 0x0000, 0x08fa, 0x0000 },
		0x02,
		0x01,
		0x00,
		0x00,
	},
	{
		0x00000910,
		{ 0x0102, 0x0000, 0x091d, 0x0000 },
		0x02,
		0x01,
		0x00,
		0x00,
	},
	{
		0x00000933,
		{ 0x0102, 0x0000, 0x0940, 0x0000 },
		0x02,
		0x01,
		0x00,
		0x00,
	},
	{
		0x0000095a,
		{ 0x0102, 0x0000, 0x096c, 0x0000 },
		0x02,
		0x01,
		0x00,
		0x00,
	},
	{
		0x00000980,
		{ 0x0102, 0x0000, 0x0996, 0x0000 },
		0x02,
		0x01,
		0x00,
		0x00,
	},
	{
		0x000009bc,
		{ 0x0102, 0x0000, 0x09e2, 0x0000 },
		0x02,
		0x01,
		0x00,
		0x00,
	},
	{
		0x00000a08,
		{ 0x0102, 0x0000, 0x0a2d, 0x0000 },
		0x02,
		0x01,
		0x00,
		0x00,
	},
	{
		0x00000a50,
		{ 0x0102, 0x0000, 0x0a74, 0x0000 },
		0x02,
		0x01,
		0x00,
		0x00,
	},
	{
		0x00000a9a,
		{ 0x0102, 0x0000, 0x0ac2, 0x0000 },
		0x02,
		0x01,
		0x00,
		0x00,
	},
	{
		0x00000ae1,
		{ 0x0102, 0x0000, 0x0b00, 0x0000 },
		0x02,
		0x01,
		0x00,
		0x00,
	},
	{
		0x00000b24,
		{ 0x0102, 0x0000, 0x0b48, 0x0000 },
		0x02,
		0x01,
		0x00,
		0x00,
	},
	{
		0x00000b6d,
		{ 0x0102, 0x0000, 0x0b7f, 0x0000 },
		0x02,
		0x01,
		0x00,
		0x00,
	},
	{
		0x00000b9e,
		{ 0x0102, 0x0000, 0x0baf, 0x0000 },
		0x02,
		0x01,
		0x00,
		0x00,
	},
	{
		0x00000bc5,
		{ 0x0102, 0x0000, 0x0be9, 0x0000 },
		0x02,
		0x01,
		0x00,
		0x00,
	},
	{
		0x00000bf8,
		{ 0x0102, 0x0000, 0x0c0e, 0x0000 },
		0x02,
		0x01,
		0x00,
		0x00,
	},
	{
		0x00000c32,
		{ 0x0102, 0x0000, 0x0c58, 0x0000 },
		0x02,
		0x01,
		0x00,
		0x00,
	},
	{
		0x00000c7b,
		{ 0x0102, 0x0000, 0x0ca2, 0x0000 },
		0x02,
		0x01,
		0x00,
		0x00,
	},
	{
		0x00000cb4,
		{ 0x0102, 0x0000, 0x0cd6, 0x0000 },
		0x02,
		0x01,
		0x00,
		0x00,
	},
	{
		0x00000cf9,
		{ 0x0102, 0x0000, 0x0d0b, 0x0000 },
		0x02,
		0x01,
		0x00,
		0x00,
	},
	{
		0x00000d21,
		{ 0x0102, 0x0000, 0x0d46, 0x0000 },
		0x02,
		0x01,
		0x00,
		0x00,
	},
	{
		0x00000d61,
		{ 0x0902, 0x0000, 0x0d67, 0x0000 },
		0x02,
		0x01,
		0x00,
		0x00,
	},
	{
		0x00000d73,
		{ 0x0102, 0x0000, 0x0d89, 0x0000 },
		0x02,
		0x28,
		0x00,
		0x00,
	},
	{
		0x00000d8f,
		{ 0x2802, 0x0000, 0x0d95, 0x0000 },
		0x02,
		0x02,
		0x00,
		0x00,
	},
	{
		0x00000dda,
		{ 0x0102, 0x0000, 0x0de0, 0x0000 },
		0x02,
		0x01,
		0x00,
		0x00,
	},
};

EvlSpark EVL_D_80068F84[16] = {
	{ 0x0de6, 0x0000, (Entity *)0x00000102 },
	{ 0x0dec, 0x0000, (Entity *)0x00000102 },
	{ 0x0df2, 0x0000, (Entity *)0x00000102 },
	{ 0x0dfe, 0x0000, (Entity *)0x00000102 },
	{ 0x0e19, 0x0000, (Entity *)0x00000102 },
	{ 0x0e25, 0x0000, (Entity *)0x00000102 },
	{ 0x0e45, 0x0000, (Entity *)0x00000102 },
	{ 0x0e65, 0x0000, (Entity *)0x00000102 },
	{ 0x0e7f, 0x0000, (Entity *)0x00000102 },
	{ 0x0e8f, 0x0000, (Entity *)0x00000102 },
	{ 0x0ea8, 0x0000, (Entity *)0x00000102 },
	{ 0x0eb4, 0x0000, (Entity *)0x00000102 },
	{ 0x0ec7, 0x0000, (Entity *)0x00002f02 },
	{ 0x0ecd, 0x0000, (Entity *)0x00000102 },
	{ 0x0ed9, 0x0000, (Entity *)0x00000102 },
	{ 0x0eef, 0x0000, (Entity *)0x00003002 },
};
#endif
// clang-format on
